league.divisionIndex,score,programmingLanguage,creationTime,agentId,codingamer.userId,pseudo,codingamer.countryId,codingamer.avatar,#multi|count=9|time=2026-09-18T08:33:07
2,19.09,Dart,1774434298485,6355811,186405,d-mark,FR,7899805743942,
2,18.89,Dart,1774434858250,6356684,7164616,fuyuki_yanagase,JP,159092147597887,
2,17.04,Dart,1774434025113,6355373,7164057,Aseyka,FR,,
1,18.92,Dart,1774434302583,6355821,1784886,iFightLegends,DE,168232281208900,
1,16.81,Dart,1789659564318,6746963,323895,HannesRammer,DE,162478881705133,
1,16.39,Dart,1774433557386,6354620,5275667,JR-Utily,FR,96369305487836,
1,16.19,Dart,1774434332812,6355872,4662678,dthach4,IT,,
1,11.7,Dart,1774434612973,6356334,3402737,treeplate,US,67984262630667,
0,16.71,Dart,1774434882712,6356737,1428084,DartCoder,AT,160971044226745,
