score,criteriaScore,programmingLanguage,creationTime,codingamer.userId,pseudo,codingamer.countryId,codingamer.avatar,#golf|count=1975|time=2025-02-26T04:11:19
100.0,38.0,Perl,1697740636153,4438505,Eric_[EGU],FR,114044329618574,
100.0,39.0,Bash,1731404681853,4438505,Eric_[EGU],FR,114044329618574,
100.0,45.0,Perl,1685349983681,5436334,saito_ta,JP,102476026435385,
100.0,45.0,Ruby,1697733797695,4438505,Eric_[EGU],FR,114044329618574,
100.0,49.0,PHP,1731538840484,4438505,Eric_[EGU],FR,114044329618574,
100.0,50.0,Bash,1682457122479,4263196,yechielv,IL,87806028604243,
100.0,50.0,Perl,1682457194382,4263196,yechielv,IL,87806028604243,
100.0,52.0,Ruby,1718851034563,4263196,yechielv,IL,87806028604243,
100.0,60.0,Ruby,1681277957325,4876171,j4at,TN,83445448969831,
100.0,60.0,C,1731538593465,4438505,Eric_[EGU],FR,114044329618574,
100.0,60.0,ObjectiveC,1731538644930,4438505,Eric_[EGU],FR,114044329618574,
100.0,61.0,PHP,1682458553489,4263196,yechielv,IL,87806028604243,
100.0,63.0,Perl,1733307297028,6115420,scresto,FR,137702907699482,
100.0,64.0,Lua,1682459766769,4263196,yechielv,IL,87806028604243,
100.0,65.0,OCaml,1682460161737,4263196,yechielv,IL,87806028604243,
100.0,68.0,Ruby,1695814198772,199646,netoctone,IE,,
100.0,71.0,Ruby,1721685426994,155774,dwarfie,FR,17785582865119,
100.0,73.0,Python3,1695145030094,4438505,Eric_[EGU],FR,114044329618574,
100.0,73.0,C++,1731538676561,4438505,Eric_[EGU],FR,114044329618574,
100.0,73.0,C,1731879451004,3918583,mikmak,FR,48134583112917,
100.0,75.0,Python3,1682458149055,4263196,yechielv,IL,87806028604243,
100.0,75.0,Ruby,1719489165863,3893564,Andriamanitra,FI,46641547586781,
100.0,76.0,Python3,1681275956075,4876171,j4at,TN,83445448969831,
100.0,76.0,Python3,1722514188162,154806,piwai,FR,1956863959967,
100.0,76.0,Ruby,1736607944594,1429360,comp0zr,US,5127913573349,
100.0,77.0,Perl,1733235539429,6360731,,FR,,
100.0,82.0,Ruby,1686510105682,1348635,ferbos,FR,96159860267051,
100.0,83.0,Ruby,1681319462720,4992786,[ovs],DE,,
100.0,84.0,Bash,1681278734389,4876171,j4at,TN,83445448969831,
100.0,84.0,Ruby,1681409413009,4166555,Natanalel,SE,65894864102793,
100.0,84.0,Pascal,1712606721256,4438505,Eric_[EGU],FR,114044329618574,
100.0,86.0,C,1733933253214,6115420,scresto,FR,137702907699482,
100.0,86.0,C,1734289627697,1399382,Regulus136,FR,4335723819637,
100.0,88.0,Ruby,1681013675449,3354337,Westicles,CX,79146641399080,
100.0,88.0,Ruby,1682546899386,1515891,ndc,RU,57247748477088,
100.0,90.0,Ruby,1686243742891,2371389,Franta,CZ,16642908084028,
100.0,90.0,Ruby,1686747931053,3703485,anter69,HU,41141446684299,
100.0,90.0,Javascript,1731362860455,3918583,mikmak,FR,48134583112917,
100.0,90.0,Javascript,1734289296854,1399382,Regulus136,FR,4335723819637,
100.0,91.0,Ruby,1682094202889,4600079,quasi_ubique,US,101567289995785,
100.0,92.0,Python3,1691630629854,1765440,AndrzejOw,PL,10098538773223,
100.0,92.0,Python3,1699824375708,2552218,Jakque,FR,21307149950021,
100.0,93.0,Ruby,1681199418365,4272496,yechielw,CY,,
100.0,93.0,Python3,1722948387952,4037601,Jelafo,DE,,
100.0,94.0,Groovy,1695156738447,4438505,Eric_[EGU],FR,114044329618574,
100.0,94.0,Ruby,1721197455242,6043581,Rwanounounou,FR,122027324927378,
100.0,94.0,Ruby,1727721549237,4037601,Jelafo,DE,,
100.0,95.0,Python3,1681318856684,4992786,[ovs],DE,,
100.0,95.0,Ruby,1707209337669,4806550,Rafarafa,ES,80946308795008,
100.0,97.0,Ruby,1681113983084,3998980,bamax,FR,55292626245560,
100.0,98.0,Ruby,1725912025041,2892501,JakubMaras,PL,,
100.0,99.0,Python3,1686402947343,3366188,SteveWhite,AU,124095764084955,
100.0,99.0,Ruby,1725865648331,6132028,NicknamedTwice,GB,136778820182751,
100.0,99.0,Python3,1732803895685,3950687,vkreuz,CZ,78514289834184,
100.0,100.0,Python3,1724824342818,2874091,5DN1L,GB,134264063920528,
100.0,100.0,Javascript,1731265954424,154806,piwai,FR,1956863959967,
100.0,101.0,Python3,1681013787822,3354337,Westicles,CX,79146641399080,
100.0,101.0,Python3,1681065645911,3998980,bamax,FR,55292626245560,
100.0,101.0,Lua,1686589088324,4438505,Eric_[EGU],FR,114044329618574,
100.0,101.0,C,1724782980866,3235897,Zylo,PL,25779784253696,
100.0,101.0,Python3,1724840851209,6132028,NicknamedTwice,GB,136778820182751,
100.0,102.0,OCaml,1686589344793,4438505,Eric_[EGU],FR,114044329618574,
100.0,102.0,Python3,1708105766535,181432,pjwerneck,BR,133926881809401,
100.0,103.0,Haskell,1719488261406,3893564,Andriamanitra,FI,46641547586781,
100.0,104.0,Bash,1681030191904,3354337,Westicles,CX,79146641399080,
100.0,104.0,Python3,1681167428809,3845610,pardouin,FR,60364063762936,
100.0,104.0,Python3,1683320201348,4832181,VisualDev-FR,FR,94025066322906,
100.0,104.0,Ruby,1725568757553,4257588,WhoTho,US,73384865831537,
100.0,104.0,C++,1733933321340,6115420,scresto,FR,137702907699482,
100.0,104.0,C++,1734289538949,1399382,Regulus136,FR,4335723819637,
100.0,105.0,Ruby,1681075968042,3845610,pardouin,FR,60364063762936,
100.0,105.0,PHP,1699196262825,154806,piwai,FR,1956863959967,
100.0,105.0,Python3,1730882312886,3336089,titano,FR,29006088793205,
100.0,106.0,Perl,1694947178655,2928146,LolCat,MU,22538133010433,
100.0,106.0,Ruby,1729417465736,4791882,FlorentC,FR,80217385484852,
100.0,107.0,Ruby,1697900618370,557990,Wazemo,PL,1724224108740,
100.0,107.0,Python3,1706663086269,5551153,mihail123123123,GR,,
100.0,107.0,Ruby,1720514365750,2874091,5DN1L,GB,134264063920528,
100.0,107.0,Python3,1734958856433,5485744,jrl86,FR,,
100.0,107.0,Python3,1738574576567,4110073,souta_1326,JP,57746784258907,
100.0,108.0,Python3,1700761414693,1399382,Regulus136,FR,4335723819637,
100.0,109.0,TypeScript,1731156740980,3918583,mikmak,FR,48134583112917,
100.0,109.0,TypeScript,1731266323970,154806,piwai,FR,1956863959967,
100.0,109.0,Python3,1733787902799,6380937,pkocourek,NL,135049083327441,
100.0,109.0,TypeScript,1734289347941,1399382,Regulus136,FR,4335723819637,
100.0,110.0,Python3,1682973591261,709490,Sinlepuissant,FR,2102604527472,
100.0,110.0,Ruby,1693205035382,1725941,TFeld,DK,77240442360963,
100.0,111.0,Python3,1686576073630,3703485,anter69,HU,41141446684299,
100.0,111.0,Python3,1696604406254,1485699,TabulaRasa,PL,4993681770529,
100.0,111.0,Javascript,1724443171536,3235897,Zylo,PL,25779784253696,
100.0,112.0,Python3,1703357014101,1684020,tom_,FR,68400349015363,
100.0,112.0,C++,1731620263746,3918583,mikmak,FR,48134583112917,
100.0,113.0,Python3,1680807058975,4966586,Rohydre,FR,,
100.0,113.0,Python3,1683297809831,3625469,Crimson_King,TR,56016089557697,
100.0,113.0,Python3,1688481204276,826671,kayou,FR,52835383345680,
100.0,113.0,C++,1724783686466,3235897,Zylo,PL,25779784253696,
100.0,113.0,Bash,1724840985896,6132028,NicknamedTwice,GB,136778820182751,
100.0,114.0,Ruby,1689383277397,1566335,BeardedWhale,SE,36571449875674,
100.0,114.0,Javascript,1718148774950,2371389,Franta,CZ,16642908084028,
100.0,114.0,Javascript,1724186061867,1093968,milosMATRIXrepic,RS,117470302748056,
100.0,116.0,Bash,1681168023240,3845610,pardouin,FR,60364063762936,
100.0,116.0,Haskell,1725112653454,155774,dwarfie,FR,17785582865119,
100.0,117.0,OCaml,1681033442384,3354337,Westicles,CX,79146641399080,
100.0,117.0,Perl,1681033960113,3354337,Westicles,CX,79146641399080,
100.0,117.0,PHP,1681033989603,3354337,Westicles,CX,79146641399080,
100.0,117.0,Python3,1682382581668,3647844,rc95401,US,39486169555819,
100.0,117.0,Python3,1686681268167,4208158,Tiouz,FR,72554823729381,
100.0,117.0,Python3,1699351213656,1093968,milosMATRIXrepic,RS,117470302748056,
100.0,117.0,Python3,1700864324211,2924895,trictrac,FR,23056996012330,
100.0,118.0,Lua,1681033407489,3354337,Westicles,CX,79146641399080,
100.0,118.0,Ruby,1689840839070,2532837,faure_s,FR,43340205355577,
100.0,118.0,Python3,1711978303987,3909694,GoogleJeff,US,47145921123490,
100.0,118.0,Python3,1723135682490,5864862,pepper_,FR,116301729350428,
100.0,119.0,Ruby,1681129020738,5326078,T14v1n4,RE,101837722760856,
100.0,119.0,F#,1686599554986,4438505,Eric_[EGU],FR,114044329618574,
100.0,119.0,Python3,1699401000538,3965571,Smekarn,SE,50557362213985,
100.0,120.0,Haskell,1686588956471,4438505,Eric_[EGU],FR,114044329618574,
100.0,120.0,C#,1686599479138,4438505,Eric_[EGU],FR,114044329618574,
100.0,120.0,Python3,1722090237925,155774,dwarfie,FR,17785582865119,
100.0,120.0,Python3,1731099513282,3876827,Molrn,FR,132072787568172,
100.0,121.0,Ruby,1680765858465,2142961,masterpoo,FR,43088841158401,
100.0,121.0,Python3,1681907667711,5365556,kanelugodeu,FR,,
100.0,121.0,Ruby,1682684251489,5403502,ricemath,XK,101211503482450,
100.0,121.0,Python3,1723718396773,973040,papyjo,FR,15696776172839,
100.0,122.0,TypeScript,1724186458706,1093968,milosMATRIXrepic,RS,117470302748056,
100.0,123.0,Ruby,1681005528246,2407700,adoxography,CA,52429928219629,
100.0,123.0,C,1681030442631,3354337,Westicles,CX,79146641399080,
100.0,123.0,ObjectiveC,1681030473480,3354337,Westicles,CX,79146641399080,
100.0,123.0,C,1699195664622,154806,piwai,FR,1956863959967,
100.0,123.0,Python3,1704722610583,1917961,Seoman,FR,,
100.0,123.0,ObjectiveC,1723463727696,154806,piwai,FR,1956863959967,
100.0,123.0,ObjectiveC,1724702382805,1399382,Regulus136,FR,4335723819637,
100.0,123.0,Perl,1724840972654,6132028,NicknamedTwice,GB,136778820182751,
100.0,124.0,Python3,1681390232668,4716516,Devin_plombier,FR,77782366736215,
100.0,124.0,D,1686599696014,4438505,Eric_[EGU],FR,114044329618574,
100.0,124.0,Python3,1690303740661,1382590,Cristiano,ES,7128351616620,
100.0,125.0,Perl,1681168078796,3845610,pardouin,FR,60364063762936,
100.0,125.0,Python3,1691924902846,5571328,Alombaros,FR,107108602065468,
100.0,126.0,Python3,1681736609614,3502478,tachan,JP,,
100.0,126.0,Python3,1702401554410,1839941,Just4FunCoder,MY,80969549924201,
100.0,126.0,Python3,1703918204146,3927891,whywhy_,CN,,
100.0,126.0,PHP,1724840961539,6132028,NicknamedTwice,GB,136778820182751,
100.0,126.0,Ruby,1724916803186,2924895,trictrac,FR,23056996012330,
100.0,128.0,Python3,1694104761754,5645045,Pi706798214,US,,
100.0,128.0,Python3,1716456696619,4186312,AveragePythonEnjoyer,RU,73172525760147,
100.0,129.0,Python3,1689380542273,1566335,BeardedWhale,SE,36571449875674,
100.0,129.0,Javascript,1695893197589,199646,netoctone,IE,,
100.0,129.0,Perl,1722368687871,2874091,5DN1L,GB,134264063920528,
100.0,130.0,Ruby,1692000912466,1728326,yduf,FR,16468113178206,
100.0,130.0,Ruby,1704876894144,5447409,Crqptx,NL,113216743313757,
100.0,130.0,Python3,1711043301656,2569215,burton-aad,FR,,
100.0,130.0,Python3,1711725099528,5867809,Tirios,DE,117437563914691,
100.0,130.0,Python3,1713206982758,5154622,fastfire,FR,95806603418768,
100.0,130.0,Python3,1714388264304,6019143,Pythonically,GB,121196349519592,
100.0,130.0,TypeScript,1718489394628,2371389,Franta,CZ,16642908084028,
100.0,131.0,Python3,1683548029067,1880197,bicklil,FR,48428120491412,
100.0,131.0,Javascript,1689605781270,1962352,DPAmar,FR,56994389567033,
100.0,131.0,Python3,1690471949555,3903473,Konstant,PL,47882887732604,
100.0,131.0,Python3,1704032297282,333934,CrazyMerlyn,IE,20045015439951,
100.0,131.0,Pascal,1737620887849,6115420,scresto,FR,137702907699482,
100.0,132.0,Ruby,1680807168991,4966586,Rohydre,FR,,
100.0,132.0,Python3,1686503602500,1348635,ferbos,FR,96159860267051,
100.0,132.0,Python3,1697647406999,953094,Witman,PL,1798239809031,
100.0,132.0,Python3,1697899584906,557990,Wazemo,PL,1724224108740,
100.0,132.0,Python3,1711885328261,5155955,Daminator4113,FR,92859700747818,
100.0,132.0,Python3,1717580346586,3619688,EnfTerr,US,,
100.0,132.0,Python3,1722517144994,2452056,mr-kelsey,US,16996382126685,
100.0,133.0,Swift,1681034117969,3354337,Westicles,CX,79146641399080,
100.0,133.0,Javascript,1681765203703,4832181,VisualDev-FR,FR,94025066322906,
100.0,134.0,Python3,1689553159338,2555130,Gnome3,US,105728000682738,
100.0,134.0,Python3,1690971384330,4189794,__balrog__,NZ,107381702318748,
100.0,134.0,Python3,1703855855109,3674750,kBOM_Speed,FR,40212861896189,
100.0,135.0,Javascript,1694535373536,1474519,Sny_de_Treves,FR,59444303531011,
100.0,135.0,Python3,1721577803823,6174697,loicMangeDesCreps,CH,126978086039457,
100.0,136.0,C++,1681030687560,3354337,Westicles,CX,79146641399080,
100.0,136.0,Haskell,1681033334908,3354337,Westicles,CX,79146641399080,
100.0,136.0,Rust,1686599408552,4438505,Eric_[EGU],FR,114044329618574,
100.0,136.0,Python3,1688024424460,1542006,1764,FR,26008321503940,
100.0,136.0,C++,1699195566408,154806,piwai,FR,1956863959967,
100.0,136.0,Javascript,1722445236678,2874091,5DN1L,GB,134264063920528,
100.0,137.0,Python3,1681005437624,2407700,adoxography,CA,52429928219629,
100.0,137.0,C,1681168175569,3845610,pardouin,FR,60364063762936,
100.0,137.0,VB.NET,1686599647602,4438505,Eric_[EGU],FR,114044329618574,
100.0,137.0,Python3,1691490282622,4569055,Denil,FR,91218949664019,
100.0,137.0,Javascript,1711823444855,4231738,split,FI,73411221131319,
100.0,138.0,Python3,1683919504638,270881,Maurice_Moss,FR,30069480173944,
100.0,138.0,Python3,1685027995872,1588583,dANNs,GB,9401676737311,
100.0,138.0,Javascript,1686582277723,2315158,luigi_gelato,DE,,
100.0,138.0,Python3,1687444515299,5328725,err_Alois,FR,98653642570988,
100.0,138.0,Javascript,1690034629240,1441239,Dyd,IT,71707560017158,
100.0,138.0,Python3,1718978177365,1389174,DBBek,FR,37313880910267,
100.0,138.0,Python3,1723147701914,6168615,Barthelus,FR,,
100.0,138.0,Python3,1725567552530,4257588,WhoTho,US,73384865831537,
100.0,138.0,Python3,1730193881312,6280853,Shadw-git,FR,129557745142940,
100.0,138.0,Python3,1735946860466,2923506,darkhorse64,FR,23496414257567,
100.0,139.0,Pascal,1681033480064,3354337,Westicles,CX,79146641399080,
100.0,139.0,Ruby,1686008775755,3214641,Neicul,FR,25566448504624,
100.0,139.0,Go,1733263597914,6115420,scresto,FR,137702907699482,
100.0,140.0,ObjectiveC,1681166562340,3845610,pardouin,FR,60364063762936,
100.0,140.0,Javascript,1698588198150,953094,Witman,PL,1798239809031,
100.0,140.0,C,1725179335019,6132028,NicknamedTwice,GB,136778820182751,
100.0,140.0,Kotlin,1737757357094,6115420,scresto,FR,137702907699482,
100.0,141.0,Python3,1681286941741,985015,Eniidras,FR,81911248474038,
100.0,141.0,Python3,1710089791037,5807573,Stephen Kondaveti,US,120619186703150,
100.0,141.0,Perl,1730580414187,2924895,trictrac,FR,23056996012330,
100.0,141.0,C,1738575480376,4110073,souta_1326,JP,57746784258907,
100.0,141.0,ObjectiveC,1738575501904,4110073,souta_1326,JP,57746784258907,
100.0,142.0,Python3,1690853788378,3085592,Kristofy,HU,,
100.0,143.0,Python3,1681668239713,4493066,Polynomu,FR,70180141804893,
100.0,143.0,Javascript,1699972539759,893541,wala,FR,97577641170180,
100.0,143.0,Python3,1706802399044,4537924,ArtesScytale,BE,121331549433012,
100.0,143.0,Python3,1713111422821,4044949,Exanc,FR,75434945111960,
100.0,143.0,Groovy,1722272263589,2874091,5DN1L,GB,134264063920528,
100.0,143.0,Python3,1739567060753,6269599,EnamSon,CM,129036189483019,
100.0,144.0,Kotlin,1724446592687,3235897,Zylo,PL,25779784253696,
100.0,144.0,Kotlin,1724619717923,154806,piwai,FR,1956863959967,
100.0,144.0,Python3,1726662307349,5394936,FSabre,FR,100614063872748,
100.0,145.0,Python3,1681566611182,3729666,peerdb,NL,93424367328637,
100.0,145.0,Python3,1683544829176,1896128,AIexML,FR,11579664978229,
100.0,145.0,Python3,1693117817481,3646346,Pingwi85,FR,39451600730667,
100.0,145.0,Python3,1730198119409,5271147,yoch,IL,96235642204607,
100.0,146.0,Javascript,1680880400780,158495,Cr3aHal0,FR,11235124705354,
100.0,146.0,Python3,1682033973123,1802967,Meruem,FR,31992166318610,
100.0,146.0,Python3,1682542640154,1515891,ndc,RU,57247748477088,
100.0,146.0,Ruby,1685563163346,4258711,FredericLocquet,FR,125739728070045,
100.0,146.0,TypeScript,1686582747824,2315158,luigi_gelato,DE,,
100.0,146.0,TypeScript,1695891020494,199646,netoctone,IE,,
100.0,146.0,PHP,1730498708792,2924895,trictrac,FR,23056996012330,
100.0,147.0,TypeScript,1681765310576,4832181,VisualDev-FR,FR,94025066322906,
100.0,147.0,Perl,1683405247799,2325449,otpv,CA,36646766447960,
100.0,147.0,Python3,1683791329903,4785778,Pharallaxe,BE,80756163394679,
100.0,147.0,Python3,1717334964056,4491402,bregneau,FR,95353269150105,
100.0,147.0,Python3,1724263868424,2434422,GilMaN,IL,,
100.0,148.0,Python3,1681425379062,2464524,GnidGnaw,US,17138346440330,
100.0,148.0,Javascript,1686122959219,5358413,Corentin2000,FR,99371165250814,
100.0,148.0,Javascript,1728334880293,2639994,StaS,IL,114677366335196,
100.0,149.0,Python3,1696578535827,2049982,refa,FI,40889681927806,
100.0,149.0,Python3,1705973652059,962495,eboot,FR,55086804311206,
100.0,149.0,Javascript,1706802269532,4537924,ArtesScytale,BE,121331549433012,
100.0,149.0,Python3,1725647803244,4097526,BugM4ker,FR,56304482032588,
100.0,150.0,Bash,1702378531449,1588583,dANNs,GB,9401676737311,
100.0,150.0,Python3,1703810847156,5123213,ekorchmar,DE,91810862734003,
100.0,150.0,Perl,1707210957677,4806550,Rafarafa,ES,80946308795008,
100.0,150.0,Python3,1715634044670,2584820,GrandeBagheera,AU,108418223372093,
100.0,150.0,TypeScript,1722445269149,2874091,5DN1L,GB,134264063920528,
100.0,151.0,Python3,1716469084508,6086960,Jehoho,BE,123934289309869,
100.0,151.0,Javascript,1725228966047,6132028,NicknamedTwice,GB,136778820182751,
100.0,151.0,Python3,1734456633972,336746,luxcem,FR,3498521001447,
100.0,152.0,Javascript,1698225938926,557990,Wazemo,PL,1724224108740,
100.0,152.0,Ruby,1701848744917,5429773,Diabetos,FR,102118582822399,
100.0,152.0,TypeScript,1725034328255,1441239,Dyd,IT,71707560017158,
100.0,153.0,C++,1681166546302,3845610,pardouin,FR,60364063762936,
100.0,153.0,PHP,1689714616208,155774,dwarfie,FR,17785582865119,
100.0,153.0,PHP,1722369464332,2874091,5DN1L,GB,134264063920528,
100.0,154.0,Python3,1681172562252,948764,Katie,GB,2150180090592,
100.0,154.0,Python3,1728415227155,782461,Demi-Sel,FR,,
100.0,154.0,C++,1738576598592,4110073,souta_1326,JP,57746784258907,
100.0,155.0,Javascript,1686604817332,3502478,tachan,JP,,
100.0,155.0,Ruby,1725038842813,5069996,Loocist23,FR,120407422171639,
100.0,156.0,Python3,1698056428201,5744219,shakeyboy,ZA,112975060815728,
100.0,156.0,C,1700864684258,2924895,trictrac,FR,23056996012330,
100.0,156.0,Ruby,1708106138146,181432,pjwerneck,BR,133926881809401,
100.0,156.0,Python3,1719846462831,631323,herve056,FR,11494731136934,
100.0,157.0,Bash,1699274075335,1896128,AIexML,FR,11579664978229,
100.0,158.0,Groovy,1681033294704,3354337,Westicles,CX,79146641399080,
100.0,158.0,Python3,1713434744148,5963774,hedgehog_2,UA,,
100.0,159.0,D,1681030965902,3354337,Westicles,CX,79146641399080,
100.0,160.0,Ruby,1686695723436,5135323,__yel__p,FR,92869880984408,
100.0,160.0,Python3,1697157984963,5736284,Dexokami,CR,113733503190355,
100.0,160.0,Python3,1699097686382,865548,Kktus,FR,95659128943351,
100.0,160.0,Kotlin,1722456262088,2874091,5DN1L,GB,134264063920528,
100.0,160.0,Python3,1725490775478,5746502,Raphtalias,CR,133180321051139,
100.0,161.0,Python3,1687255158553,1855354,KiwiTae,FR,109683640425245,
100.0,161.0,Swift,1722442831470,2874091,5DN1L,GB,134264063920528,
100.0,161.0,Python3,1731035835353,1715811,PositiveQuark,CH,50610109396057,
100.0,161.0,Python3,1731275950567,4585293,Gu3n0,FR,131164447193799,
100.0,162.0,Python3,1684717830815,1050420,EVGENIVS,US,20435686404425,
100.0,162.0,Python3,1696505113985,172938,kuzmaka,UA,1842478040420,
100.0,163.0,Python3,1682388949606,3657937,elderlybeginner,PL,39723186977905,
100.0,163.0,TypeScript,1706802281945,4537924,ArtesScytale,BE,121331549433012,
100.0,164.0,TypeScript,1699974710846,893541,wala,FR,97577641170180,
100.0,165.0,Python3,1682088471576,4083906,tonigineer,DE,116683604285288,
100.0,165.0,Python3,1710455788644,899805,Raizel_,US,119528960848968,
100.0,166.0,Python3,1680944018145,4585938,Risodu,SK,,
100.0,166.0,F#,1681031146153,3354337,Westicles,CX,79146641399080,
100.0,166.0,Javascript,1684437875580,2924895,trictrac,FR,23056996012330,
100.0,166.0,Javascript,1686496936612,1348635,ferbos,FR,96159860267051,
100.0,166.0,Javascript,1692286508818,5597029,Guillaume67,FR,107900945781102,
100.0,166.0,Python3,1700150271014,1324974,ViktorCs,HU,4515823207881,
100.0,166.0,Python3,1707472126564,4534318,ComeSerlooten,FR,74738881145778,
100.0,166.0,Python3,1733661257880,4029368,h4k1m0u,FR,52388946513365,
100.0,167.0,C#,1681030584431,3354337,Westicles,CX,79146641399080,
100.0,167.0,Javascript,1681688272261,3647844,rc95401,US,39486169555819,
100.0,167.0,Kotlin,1682547176677,1515891,ndc,RU,57247748477088,
100.0,167.0,C,1699299499594,1093968,milosMATRIXrepic,RS,117470302748056,
100.0,167.0,C#,1700766235638,1399382,Regulus136,FR,4335723819637,
100.0,167.0,Python3,1717796819982,4260340,cogfrog,US,,
100.0,167.0,C,1721682426993,155774,dwarfie,FR,17785582865119,
100.0,167.0,ObjectiveC,1721682906206,155774,dwarfie,FR,17785582865119,
100.0,167.0,Python3,1722000006682,5907165,max_plank,AM,124495524156199,
100.0,167.0,Python3,1726250400052,3589590,Edjy,FR,43965748895173,
100.0,167.0,Python3,1739934701969,225875,Leff,US,46674243497438,
100.0,168.0,Python3,1680877061138,4337092,Timinator,US,87736728529732,
100.0,168.0,Python3,1680884290063,2731276,panda42,DE,20365034647350,
100.0,168.0,Python3,1685553428766,4258711,FredericLocquet,FR,125739728070045,
100.0,168.0,Javascript,1706227855430,4897374,Terfio,DE,118165926589285,
100.0,169.0,Python3,1680802791121,5135299,Antsurf,FR,94127108637688,
100.0,169.0,TypeScript,1687626291346,3502478,tachan,JP,,
100.0,169.0,Python3,1689242565746,608376,Mr_Badger,IS,102888205232641,
100.0,169.0,C,1692541328993,557990,Wazemo,PL,1724224108740,
100.0,169.0,C,1693345202191,973040,papyjo,FR,15696776172839,
100.0,169.0,Python3,1702896723084,1926967,Stanworld,FR,11941603857102,
100.0,169.0,Python3,1711902093692,4391280,RRRoumy,FR,80308763022657,
100.0,169.0,Python3,1719219542585,4269950,ZERIH08,IN,61713567395188,
100.0,169.0,Javascript,1729042969140,3681367,Salutations,FR,,
100.0,170.0,Javascript,1686676641996,2206075,Jon...,CA,75211762898926,
100.0,170.0,PHP,1703666319943,5851611,RÃ©miz,FR,117020903773330,
100.0,172.0,PHP,1680974726508,4618693,cedricdd,FR,85418008807758,
100.0,172.0,Python3,1685363659253,3214641,Neicul,FR,25566448504624,
100.0,172.0,Python3,1694085678660,3644101,Lopotichaaaa,FR,112076180670919,
100.0,172.0,C,1714741201465,4341304,Remi.,FR,97662026388574,
100.0,173.0,Python3,1690292806396,1691929,Blubbor,AT,8734602753318,
100.0,173.0,Python3,1700732108254,3418200,Anodin,FR,91417847473966,
100.0,173.0,Python3,1725885810735,1939310,MasterOfUnderscore,PT,81080588549660,
100.0,173.0,Javascript,1726233283714,1939310,MasterOfUnderscore,PT,81080588549660,
100.0,173.0,C++,1731106129929,2924895,trictrac,FR,23056996012330,
100.0,174.0,Python3,1680787661959,3226448,tobk,DE,34085008032999,
100.0,174.0,Javascript,1682033694723,1802967,Meruem,FR,31992166318610,
100.0,174.0,Bash,1684717879415,1050420,EVGENIVS,US,20435686404425,
100.0,174.0,Python3,1697623770631,2892501,JakubMaras,PL,,
100.0,176.0,Haskell,1724877194791,2874091,5DN1L,GB,134264063920528,
100.0,177.0,Ruby,1683623492327,1802967,Meruem,FR,31992166318610,
100.0,177.0,Javascript,1700414402482,4031451,pbou,FR,55429746348651,
100.0,177.0,Python3,1707849263423,689015,Ghomam,ES,1753448198794,
100.0,178.0,Python3,1733684829257,6019752,Rann,ID,135152708038565,
100.0,179.0,Go,1681168209041,3845610,pardouin,FR,60364063762936,
100.0,179.0,Python3,1684762375475,153092,Aurep,FR,80624060148818,
100.0,179.0,C,1697537486643,2874091,5DN1L,GB,134264063920528,
100.0,179.0,ObjectiveC,1697537496802,2874091,5DN1L,GB,134264063920528,
100.0,181.0,TypeScript,1706228221690,4897374,Terfio,DE,118165926589285,
100.0,181.0,Python3,1713257877158,820000,ValGrowth,JP,95440985747208,
100.0,182.0,C,1705973930211,962495,eboot,FR,55086804311206,
100.0,183.0,Python3,1685709784120,5365388,Floflo-Rigolo,FR,99683184562314,
100.0,183.0,PHP,1693793429131,4283515,FrancoisBaveye,FR,104716760268246,
100.0,183.0,F#,1698166894367,973040,papyjo,FR,15696776172839,
100.0,183.0,Python3,1700404433035,1673394,Lours,FR,8604009560009,
100.0,184.0,C++,1699342057346,1093968,milosMATRIXrepic,RS,117470302748056,
100.0,184.0,Python3,1705654097741,3664322,cclaude42,FR,75899369879616,
100.0,184.0,Python3,1706864287734,4159245,Karhuttaja,FI,58154388049573,
100.0,184.0,Python3,1717977992968,1124679,Tinaud,CA,2547993227524,
100.0,184.0,Javascript,1724053089246,5298641,RTJ,FR,97115384435155,
100.0,184.0,Javascript,1736097832430,4521115,bmel,FR,,
100.0,185.0,Python3,1717695232412,1394530,Idleless,CA,4170046072282,
100.0,186.0,VB.NET,1681034586334,3354337,Westicles,CX,79146641399080,
100.0,186.0,TypeScript,1682033805253,1802967,Meruem,FR,31992166318610,
100.0,186.0,Python3,1682206732632,4527784,FlAvril,FR,90961467048393,
100.0,186.0,Javascript,1723034646442,1751832,buikikaesu,RU,24659390839366,
100.0,186.0,Rust,1725178229635,6132028,NicknamedTwice,GB,136778820182751,
100.0,187.0,C#,1726831224666,3235897,Zylo,PL,25779784253696,
100.0,188.0,Python3,1691223002342,1467322,Tianorder,CN,4780508744063,
100.0,188.0,C#,1699196516541,154806,piwai,FR,1956863959967,
100.0,189.0,Python3,1698013623168,5030940,solvictor,FR,117564401873777,
100.0,189.0,D,1722459125134,2874091,5DN1L,GB,134264063920528,
100.0,189.0,Clojure,1722678266790,2874091,5DN1L,GB,134264063920528,
100.0,190.0,Python3,1683892279830,4866820,tinuviel60,FR,89131368063618,
100.0,190.0,PHP,1686696301208,5135323,__yel__p,FR,92869880984408,
100.0,190.0,C++,1692541368863,557990,Wazemo,PL,1724224108740,
100.0,190.0,Python3,1717352440576,5573671,LeMasSon,FR,107252527944826,
100.0,191.0,Python3,1694985603619,4334077,VonDerManzen,GB,118094862007905,
100.0,191.0,Python3,1717883773798,1114496,BlasphemousCrossbreed,UA,2486265138222,
100.0,191.0,Python3,1721631847204,4424239,Broccoli14,US,68451044559194,
100.0,191.0,C#,1725227951693,6132028,NicknamedTwice,GB,136778820182751,
100.0,192.0,Javascript,1680788577208,1228581,Ghouls_only_drink_coffee,SK,13838897360267,
100.0,192.0,Python3,1681730075906,2719604,vpoulailleau,FR,43338781560535,
100.0,192.0,Go,1686599879420,4438505,Eric_[EGU],FR,114044329618574,
100.0,192.0,Javascript,1696000638151,1475413,AlucardDH,FR,4898493641535,
100.0,192.0,Python3,1704549847104,5077308,kermit420,FR,,
100.0,192.0,Bash,1722184264218,2874091,5DN1L,GB,134264063920528,
100.0,193.0,C,1683701865552,2311105,kovi,HU,20774306904131,
100.0,193.0,PHP,1684718137427,1050420,EVGENIVS,US,20435686404425,
100.0,193.0,Python3,1695062446443,4512635,nick552,RU,71723827741067,
100.0,193.0,Java,1724441146216,3235897,Zylo,PL,25779784253696,
100.0,193.0,Java,1725609949290,1399382,Regulus136,FR,4335723819637,
100.0,193.0,C,1732806629852,3950687,vkreuz,CZ,78514289834184,
100.0,193.0,Javascript,1734634237629,1473079,Zylar,US,4875610554885,
100.0,194.0,Python3,1688893937147,5050737,Axel927,FR,124584047887766,
100.0,194.0,Ruby,1701228514879,5626557,Electronomancer,US,108942967224352,
100.0,194.0,Perl,1714122989128,4752660,poulyC,BE,,
100.0,194.0,C++,1721682710723,155774,dwarfie,FR,17785582865119,
100.0,194.0,C,1740411380202,4620106,lonequantum,FR,73903248957664,
100.0,194.0,ObjectiveC,1740411412604,4620106,lonequantum,FR,73903248957664,
100.0,195.0,Clojure,1681030865249,3354337,Westicles,CX,79146641399080,
100.0,195.0,Python3,1682846005786,3803540,TheCodeWitcher,FR,43970608022255,
100.0,195.0,C++,1697537311645,2874091,5DN1L,GB,134264063920528,
100.0,196.0,Dart,1681031011047,3354337,Westicles,CX,79146641399080,
100.0,196.0,PHP,1685805539874,1348635,ferbos,FR,96159860267051,
100.0,196.0,Python3,1695038254080,3906946,annaproxy,NL,48265122990384,
100.0,196.0,Scala,1722456223879,2874091,5DN1L,GB,134264063920528,
100.0,196.0,Scala,1722513955207,154806,piwai,FR,1956863959967,
100.0,197.0,Swift,1725788027485,6132028,NicknamedTwice,GB,136778820182751,
100.0,197.0,Groovy,1726351566403,1939310,MasterOfUnderscore,PT,81080588549660,
100.0,197.0,Python3,1731068174633,5192217,Harry.B.,GB,130769403588418,
100.0,197.0,Python3,1735606269543,1179950,LePianiste,JP,138179543551777,
100.0,198.0,C,1684717931822,1050420,EVGENIVS,US,20435686404425,
100.0,198.0,ObjectiveC,1684717963266,1050420,EVGENIVS,US,20435686404425,
100.0,198.0,C++,1714741124216,4341304,Remi.,FR,97662026388574,
100.0,199.0,Rust,1681034026613,3354337,Westicles,CX,79146641399080,
100.0,199.0,Python3,1686696046045,5135323,__yel__p,FR,92869880984408,
100.0,199.0,C++,1705973963813,962495,eboot,FR,55086804311206,
100.0,199.0,Java,1731266217231,154806,piwai,FR,1956863959967,
100.0,200.0,Javascript,1684620634880,4438505,Eric_[EGU],FR,114044329618574,
100.0,200.0,Javascript,1693482934048,1688826,statox,FR,8974250883551,
100.0,200.0,Ruby,1697787376838,1922248,babgy,FR,24997717166859,
100.0,200.0,Lua,1722358235981,2874091,5DN1L,GB,134264063920528,
100.0,201.0,Python3,1721035919508,4717007,Anktinosia,FR,125424380081491,
100.0,202.0,Javascript,1681940998703,4798287,Pietsen,DE,,
100.0,202.0,C++,1684774440845,973040,papyjo,FR,15696776172839,
100.0,204.0,Python3,1689680780686,5598331,FrankEnthusiasticInvestigator,FR,,
100.0,204.0,Python3,1731584958671,461956,dervish,RU,131876206228292,
100.0,205.0,Perl,1680806818718,4966586,Rohydre,FR,,
100.0,205.0,OCaml,1722544271103,2874091,5DN1L,GB,134264063920528,
100.0,205.0,Python3,1729858403608,4993603,RobLotto,FR,,
100.0,206.0,Kotlin,1680976008807,3502478,tachan,JP,,
100.0,206.0,Python3,1691433953601,4444651,Ghouljokes,US,,
100.0,206.0,Python3,1701770586577,3424280,Zener,FR,39512266910769,
100.0,206.0,Python3,1712324947131,894599,DidierC,FR,1756298465824,
100.0,206.0,Go,1721132573667,3373291,BHW,NZ,30114207714096,
100.0,207.0,TypeScript,1680789348516,1228581,Ghouls_only_drink_coffee,SK,13838897360267,
100.0,207.0,Scala,1681034064170,3354337,Westicles,CX,79146641399080,
100.0,207.0,Python3,1701847144584,5429773,Diabetos,FR,102118582822399,
100.0,207.0,Python3,1709670396277,2241559,eskeln,UA,16149555164631,
100.0,209.0,Python3,1724076384155,2541252,Tigen,FR,96309601713550,
100.0,209.0,Java,1731279276036,3918583,mikmak,FR,48134583112917,
100.0,209.0,Ruby,1735914946460,2923506,darkhorse64,FR,23496414257567,
100.0,211.0,Javascript,1681547248345,948764,Katie,GB,2150180090592,
100.0,211.0,Go,1685124377204,2874091,5DN1L,GB,134264063920528,
100.0,211.0,F#,1722543368307,2874091,5DN1L,GB,134264063920528,
100.0,211.0,Javascript,1738699808793,4292379,Chairman_of_the_Borg,US,65369007071182,
100.0,212.0,Python3,1706873889495,311035,leojean890,FR,42398427701382,
100.0,212.0,PHP,1728834664348,4937137,Rayshin,PH,87806729310062,
100.0,213.0,C,1682627029223,2242201,Maryan,UA,33999460575859,
100.0,213.0,ObjectiveC,1682627049075,2242201,Maryan,UA,33999460575859,
100.0,213.0,Python3,1689688433320,4306157,Leuti,CH,106396707673388,
100.0,214.0,Python3,1731404406173,3705994,Nayald,FR,,
100.0,215.0,Python3,1706528585691,956638,Pi-Geometry,FR,50157040295797,
100.0,215.0,Python3,1708012591042,4815652,Mr_Tree,NL,84199242595704,
100.0,215.0,Python3,1728051512351,3496153,lndshs,FR,128950188105458,
100.0,216.0,TypeScript,1700418344811,4031451,pbou,FR,55429746348651,
100.0,217.0,C++,1681392017769,2242201,Maryan,UA,33999460575859,
100.0,217.0,C++,1686696209040,5135323,__yel__p,FR,92869880984408,
100.0,218.0,Javascript,1684879128282,155881,Xeger,CH,104405127658237,
100.0,218.0,C,1686696236783,5135323,__yel__p,FR,92869880984408,
100.0,218.0,Python3,1690577575112,2436448,FrancoisMeme,FR,62658720056908,
100.0,218.0,Python3,1708962700144,2432041,Genarog,FR,25785279156535,
100.0,218.0,Javascript,1739568150418,6269599,EnamSon,CM,129036189483019,
100.0,219.0,Swift,1681738754722,3502478,tachan,JP,,
100.0,219.0,Python3,1699123287657,5668712,Coco1314,FR,,
100.0,219.0,Python3,1714466441233,5963797,YOLOSWAG_2,FR,120035004875863,
100.0,219.0,TypeScript,1726234447771,1939310,MasterOfUnderscore,PT,81080588549660,
100.0,219.0,Ruby,1735861421164,1179950,LePianiste,JP,138179543551777,
100.0,219.0,Python3,1738832391724,2962819,GouVsky,FR,,
100.0,220.0,C,1681476905246,5377812,mcplanet,AT,,
100.0,221.0,C++,1684718058338,1050420,EVGENIVS,US,20435686404425,
100.0,221.0,Pascal,1694449785257,2874091,5DN1L,GB,134264063920528,
100.0,221.0,Python3,1700427935151,4031451,pbou,FR,55429746348651,
100.0,221.0,C,1724664438395,4498460,saraneth,HK,73553068287292,
100.0,222.0,Ruby,1734692995674,5150000,meeter,FR,137315342692600,
100.0,223.0,Dart,1722539516841,2874091,5DN1L,GB,134264063920528,
100.0,223.0,C++,1740411510099,4620106,lonequantum,FR,73903248957664,
100.0,224.0,Java,1681031407614,3354337,Westicles,CX,79146641399080,
100.0,224.0,Python3,1681121565199,5271799,Eulero314,IT,96314909854613,
100.0,224.0,Javascript,1685560978156,4258711,FredericLocquet,FR,125739728070045,
100.0,224.0,PHP,1685562054345,4258711,FredericLocquet,FR,125739728070045,
100.0,224.0,Python3,1718115312912,5287596,BoggieTheBog,GB,96950684253495,
100.0,226.0,Perl,1701683865837,5136596,Charouel,FR,114820405399554,
100.0,226.0,Python3,1717011476908,5873208,Opym,FR,126050640631188,
100.0,227.0,Ruby,1680174530007,1173306,zogstrip,FR,63385206776224,
100.0,227.0,PHP,1686134017373,3983017,TLbuis,NL,50598324428631,
100.0,227.0,Ruby,1694036426642,5645045,Pi706798214,US,,
100.0,227.0,Python3,1735167543764,3478374,DarkInfern010,FR,101845183074164,
100.0,227.0,Javascript,1735409264042,1019783,danku9,PS,136454469741010,
100.0,228.0,TypeScript,1681578118869,4438505,Eric_[EGU],FR,114044329618574,
100.0,228.0,C#,1730407535686,2924895,trictrac,FR,23056996012330,
100.0,229.0,Python3,1722860439134,4451855,Chansi,BE,,
100.0,230.0,C++,1690897053041,530441,Prime541,FR,75513904859150,
100.0,231.0,Python3,1681375256014,4230724,SefioR13,FR,60411344362349,
100.0,231.0,Python3,1707261699264,1641185,Mc_Coucouc,FR,7657115056725,
100.0,231.0,Python3,1714833945540,6038687,Conductor,IT,121798562382307,
100.0,232.0,C++,1682524251049,2786666,TetraktysPhi,FR,20818693590142,
100.0,232.0,C++,1698956694841,953094,Witman,PL,1798239809031,
100.0,232.0,Python3,1706536143912,4657972,darkFrancis,FR,118138906978254,
100.0,232.0,C++,1713342430766,820000,ValGrowth,JP,95440985747208,
100.0,232.0,Python3,1726831168671,2421141,HomerS.,FR,17616506403863,
100.0,233.0,C,1717613487352,3478926,Alexis.D,FR,50226901621438,
100.0,234.0,Python3,1723676794748,6172043,PetyFloyd,SK,126527665690517,
100.0,234.0,Python3,1731343918327,5276491,Tryeri,NO,,
100.0,234.0,TypeScript,1739568360436,6269599,EnamSon,CM,129036189483019,
100.0,235.0,Javascript,1681014047132,3354337,Westicles,CX,79146641399080,
100.0,235.0,TypeScript,1681547331231,948764,Katie,GB,2150180090592,
100.0,235.0,Python3,1696880448476,4585071,Lethiun,SE,110780749225001,
100.0,235.0,C,1713250083715,820000,ValGrowth,JP,95440985747208,
100.0,235.0,ObjectiveC,1713250211568,820000,ValGrowth,JP,95440985747208,
100.0,236.0,Kotlin,1681237353331,3996809,VizGhar,SK,82217880354500,
100.0,236.0,Python3,1692180017240,5196730,pqul,FR,105366649791363,
100.0,236.0,Javascript,1711735712328,1274056,BoredKid,FR,116154420608537,
100.0,236.0,Python3,1712598522511,4605393,Emanuele.Fasano,IT,73508624038382,
100.0,237.0,Python3,1689068157084,2438886,Tahkare,FR,20896182926616,
100.0,237.0,Python3,1702917391398,4136008,jerry_laevis,FR,,
100.0,238.0,C++,1691316982352,4208158,Tiouz,FR,72554823729381,
100.0,238.0,C++,1729543609565,514460,Harv,PL,,
100.0,239.0,C,1687163501927,1029663,Skreamly,FR,10310918289639,
100.0,239.0,PHP,1712163227330,5127071,Yliana,FR,108051141391547,
100.0,239.0,Python3,1713949385837,3561475,pthebaul,FR,36518828980023,
100.0,241.0,Javascript,1686748473210,4819330,rocambille,FR,82228789327154,
100.0,241.0,Python3,1702124250685,1945394,bob.jr,IL,12126446826269,
100.0,241.0,C++,1739568077077,6269599,EnamSon,CM,129036189483019,
100.0,243.0,Python3,1709809307102,5442296,rado_roby_550,MG,110293184150050,
100.0,244.0,VB.NET,1691159718498,2874091,5DN1L,GB,134264063920528,
100.0,244.0,C++,1714498415739,4275200,Laars,NL,126346921239013,
100.0,244.0,C++,1715268127915,1449433,Rolf,ES,11401424939145,
100.0,245.0,C++,1681156000175,3647844,rc95401,US,39486169555819,
100.0,245.0,PHP,1683754519986,155881,Xeger,CH,104405127658237,
100.0,245.0,Java,1725178948752,6132028,NicknamedTwice,GB,136778820182751,
100.0,246.0,Python3,1681380012522,4894933,D0ko,FR,84033729643842,
100.0,247.0,Python3,1684503966662,3790676,piter239,DE,43649300191788,
100.0,249.0,C++,1686482386922,1348635,ferbos,FR,96159860267051,
100.0,249.0,Javascript,1686696443914,5135323,__yel__p,FR,92869880984408,
100.0,249.0,C++,1735914303986,2923506,darkhorse64,FR,23496414257567,
100.0,250.0,Python3,1681302428515,1657904,yschou,BE,14249211833455,
100.0,251.0,TypeScript,1685561064972,4258711,FredericLocquet,FR,125739728070045,
100.0,251.0,Python3,1739377245520,3738308,sgbd,FR,138401648507513,
100.0,252.0,Javascript,1680807272598,4966586,Rohydre,FR,,
100.0,252.0,C#,1722194333745,2874091,5DN1L,GB,134264063920528,
100.0,252.0,Kotlin,1731080172280,1441239,Dyd,IT,71707560017158,
100.0,252.0,Java,1733303628393,6115420,scresto,FR,137702907699482,
100.0,253.0,C,1688999879715,3391525,xayon40-12,FR,46691381414967,
100.0,254.0,C#,1686696776107,5135323,__yel__p,FR,92869880984408,
100.0,254.0,Kotlin,1727452168953,1939310,MasterOfUnderscore,PT,81080588549660,
100.0,254.0,C,1739568029428,6269599,EnamSon,CM,129036189483019,
100.0,255.0,Python3,1697762476356,5706817,BenBreaksThings,US,111672965282698,
100.0,255.0,C++,1726403615714,5231361,yhuberla,BE,95120829746216,
100.0,256.0,Python3,1703984798959,3904540,Queuebee,NL,46905060497858,
100.0,256.0,C#,1739854966753,225875,Leff,US,46674243497438,
100.0,259.0,Python3,1698243016627,3376722,oolivierr,FR,80843720970807,
100.0,259.0,C,1706528698777,956638,Pi-Geometry,FR,50157040295797,
100.0,259.0,C++,1717614339822,3478926,Alexis.D,FR,50226901621438,
100.0,260.0,C++,1681204345793,5191042,Saphir123,FR,102291860878516,
100.0,262.0,Python3,1680794346281,1759839,matleg,FR,27938585309756,
100.0,263.0,C++,1726234770949,1939310,MasterOfUnderscore,PT,81080588549660,
100.0,264.0,C++,1703680682452,5292337,TenKdoToLami,CZ,118473445494560,
100.0,265.0,Python3,1680796645094,2166104,LokiaAconit,FR,100515707097461,
100.0,265.0,TypeScript,1680807386635,4966586,Rohydre,FR,,
100.0,265.0,Javascript,1691245239992,3444208,Marina87,DE,32592586143834,
100.0,265.0,TypeScript,1691263629733,3444208,Marina87,DE,32592586143834,
100.0,265.0,Python3,1704876607369,5447409,Crqptx,NL,113216743313757,
100.0,265.0,Javascript,1725810468021,6165945,Jihkro,US,126381624283432,
100.0,268.0,Python3,1683909777389,3659194,FreZzz,FR,92223380060586,
100.0,269.0,Python3,1680174520003,2405048,Haitaka,FR,,
100.0,269.0,Python3,1697218095445,3305510,TBali,HU,26750785092441,
100.0,269.0,Python3,1731983839241,6239609,Tsunami014,AU,130016424661050,
100.0,270.0,Python3,1697641355814,3795982,flds,FR,52607580751689,
100.0,271.0,Python3,1712676260423,1657053,aymeric-d,FR,8691347837747,
100.0,272.0,Ruby,1680174530007,4276144,MeWhenI,VA,82535784219355,
100.0,274.0,Python3,1713543329949,2093895,stdas,RU,51859406890597,
100.0,275.0,Python3,1687701427541,2676390,Ledeia,DE,,
100.0,275.0,C++,1706528727068,956638,Pi-Geometry,FR,50157040295797,
100.0,278.0,Python3,1713423484814,5082089,Annabell,DE,90266041928984,
100.0,281.0,Dart,1739631601333,6269599,EnamSon,CM,129036189483019,
100.0,282.0,Python3,1717791594997,3406987,Radu_Sav,RO,31332302715659,
100.0,284.0,Python3,1710238811243,5036789,lebosiii,FR,119467128438887,
100.0,285.0,Python3,1698238455358,3327739,bissaka,NE,71315867386072,
100.0,285.0,Javascript,1714745113296,4341304,Remi.,FR,97662026388574,
100.0,286.0,PHP,1681252655432,3305510,TBali,HU,26750785092441,
100.0,287.0,Rust,1698867937776,2874091,5DN1L,GB,134264063920528,
100.0,288.0,Dart,1705976482745,962495,eboot,FR,55086804311206,
100.0,289.0,Python3,1691597542940,3561474,Blokops,MX,37684462080100,
100.0,292.0,Javascript,1688568987744,5589874,OjPoj,DE,,
100.0,293.0,TypeScript,1714745184656,4341304,Remi.,FR,97662026388574,
100.0,293.0,C++,1717362077125,4491402,bregneau,FR,95353269150105,
100.0,296.0,Python3,1680174170012,4935965,AlirezaEbrahimi,IR,85279164805932,
100.0,297.0,Python3,1680819348061,4122723,Hydrazer,PW,62269304810770,
100.0,297.0,Python3,1721593878489,5554939,Y4sn,FR,111653969465642,
100.0,298.0,Python3,1680174400005,4427796,DShrader,US,,
100.0,299.0,Javascript,1680174220006,4904752,InSync,US,90305947319321,
100.0,300.0,Java,1722164138064,2874091,5DN1L,GB,134264063920528,
100.0,300.0,C++,1736945128010,2252914,Malleek,FR,18829198596160,
100.0,301.0,Python3,1680174350006,5067068,Loukis-13,BR,89936789619257,
100.0,301.0,Javascript,1682846151090,3803540,TheCodeWitcher,FR,43970608022255,
100.0,302.0,Rust,1698443593384,973040,papyjo,FR,15696776172839,
100.0,304.0,Java,1701908992770,1093968,milosMATRIXrepic,RS,117470302748056,
100.0,305.0,C++,1680807675397,4966586,Rohydre,FR,,
100.0,305.0,Javascript,1682063817233,3123327,Cordy,FR,70516484727323,
100.0,305.0,Python3,1726747530176,4115282,Deferlis,FR,,
100.0,305.0,Javascript,1736427075850,5191243,--__[Seb]__--,FR,96936402086447,
100.0,307.0,Python3,1706900992721,3409742,Machiavelli_5040,FR,116826369594986,
100.0,309.0,Javascript,1690125444832,5524405,lulito,ES,106522528700711,
100.0,309.0,C,1721834668336,5444530,st0nr,SE,105929161861374,
100.0,311.0,C#,1696708685294,973040,papyjo,FR,15696776172839,
100.0,311.0,Python3,1722980953958,4775441,ZartexV,US,127445282450020,
100.0,315.0,Python3,1680174450006,3372945,qpi,FR,29671705929706,
100.0,315.0,Python3,1696447098084,4281108,william16,FR,,
100.0,316.0,Python3,1716244304720,5962443,TJTrickster,US,120276165073747,
100.0,317.0,Python3,1680174340003,4302379,EmileButter,FR,74338748236773,
100.0,317.0,Python3,1682029629035,3776530,Insufficient,GB,43170924073821,
100.0,317.0,Python3,1697294121879,5287525,Slavek592,CZ,99381626997350,
100.0,319.0,Python3,1680794523441,153965,[CG]Keelhaul,FR,4367050238110,
100.0,320.0,Java,1684763756297,973040,papyjo,FR,15696776172839,
100.0,320.0,C++,1727991423677,5318868,Mandelbrot-Menge,DE,99885640096144,
100.0,321.0,Python3,1724675740441,3750985,vexilla72,FR,69788861540753,
100.0,322.0,Dart,1719499892049,186405,d-mark,FR,7899805743942,
100.0,323.0,Ruby,1680174400005,4789438,Enowise,FR,80414525920185,
100.0,323.0,Python3,1736982589493,3737269,htprogras,MA,51086601409565,
100.0,327.0,Python3,1681895420374,5300766,jddingemanse,ET,98376709796567,
100.0,328.0,Rust,1682856173433,1515891,ndc,RU,57247748477088,
100.0,329.0,Python3,1721513235646,6144352,Pyth1,HU,,
100.0,329.0,Scala,1726346295630,1939310,MasterOfUnderscore,PT,81080588549660,
100.0,330.0,Python3,1724591891914,4564641,GamingGnawer,SE,73542168807997,
100.0,334.0,C++,1707214672049,2160651,soca,FR,14211997962464,
100.0,335.0,Python3,1696247204438,4003601,Mathieu1988,FR,,
100.0,335.0,Python3,1738974534181,6438527,IAmSheep,JP,137730804130400,
100.0,343.0,Python3,1680174410005,4436271,Ayza,SA,92655986267164,
100.0,344.0,Python3,1701641417952,182536,dbo,FR,,
100.0,344.0,Python3,1710517607630,3523247,alexcercos,ES,36269364412881,
100.0,344.0,C++,1717944955289,2002449,hunggar,CA,,
100.0,348.0,Python3,1707899408663,5533818,Elenetta,FR,106620728109129,
100.0,349.0,C#,1681752996323,1093968,milosMATRIXrepic,RS,117470302748056,
100.0,350.0,Python3,1695732720169,720963,zappaman,RO,,
100.0,350.0,C++,1700428517745,4031451,pbou,FR,55429746348651,
100.0,351.0,Java,1726869054279,1939310,MasterOfUnderscore,PT,81080588549660,
100.0,354.0,C#,1736197593647,1720510,DeanTheMachine,CA,19926056859805,
100.0,356.0,Javascript,1680174410005,4081047,Rezhay,FR,54568080107073,
100.0,356.0,Python3,1697807820175,652984,BibiSpirit42,FR,,
100.0,357.0,C++,1711907517866,3305510,TBali,HU,26750785092441,
100.0,360.0,Python3,1680174390004,5054746,TrBar,FR,120157366044676,
100.0,360.0,C++,1732352194685,996606,Indy,FR,4599658797414,
100.0,361.0,Python3,1725277641503,4592615,nico87py,FR,73336726142751,
100.0,362.0,TypeScript,1714682378861,6030629,Atiloa,FR,,
100.0,363.0,Python3,1740293886743,6489304,GoodLLM,PL,138411285800273,
100.0,364.0,Python3,1684698926730,4919812,KNJSoft,CM,84567366628645,
100.0,364.0,Python3,1709114613681,5801810,SilverKellvin,VN,,
100.0,365.0,C++,1722114399515,6166636,yaichi,JP,,
100.0,366.0,Java,1699907942638,893541,wala,FR,97577641170180,
100.0,366.0,C++,1704189158543,5309606,kharonlautturi,LI,,
100.0,366.0,VB.NET,1726352944161,1939310,MasterOfUnderscore,PT,81080588549660,
100.0,369.0,Python3,1680174410005,4441094,Oric1,FR,68215368870645,
100.0,372.0,Python3,1718919917189,2074414,Lecerf,FR,16583388096318,
100.0,374.0,Python3,1680809208867,4073854,Buk.,FR,72577584677375,
100.0,377.0,Python3,1680174330004,2557590,raaperrotta,US,,
100.0,378.0,C++,1681118005279,4612757,AlgoAce,MA,97039508473927,
100.0,378.0,Java,1702228788553,389786,menu,DE,,
100.0,379.0,Python3,1684317792512,5279809,tcooke,AU,106040884315189,
100.0,379.0,Python3,1736820751670,1203003,Pragma_x,US,,
100.0,382.0,Java,1690551562180,4208158,Tiouz,FR,72554823729381,
100.0,384.0,Java,1686492981905,1348635,ferbos,FR,96159860267051,
100.0,387.0,C++,1683730036147,1802967,Meruem,FR,31992166318610,
100.0,387.0,Python3,1703159807823,5229135,markh0rr,CH,113747181097522,
100.0,389.0,Python3,1680174170012,3978506,Bibliophage,GB,,
100.0,389.0,C#,1693079248082,4487490,cnk_gr,GR,69672501862552,
100.0,389.0,Python3,1714407012784,792813,VilBoub,FR,72010225615995,
100.0,389.0,Python3,1722109616583,5696567,Esdras1995,FR,126875523987793,
100.0,392.0,PHP,1695242802234,2552276,William_T.,FR,18879775972680,
100.0,393.0,C#,1726350857553,1939310,MasterOfUnderscore,PT,81080588549660,
100.0,395.0,Go,1713548434061,1449433,Rolf,ES,11401424939145,
100.0,395.0,Java,1717612956646,3478926,Alexis.D,FR,50226901621438,
100.0,396.0,Java,1691245841184,3444208,Marina87,DE,32592586143834,
100.0,397.0,Rust,1681379839701,5191042,Saphir123,FR,102291860878516,
100.0,397.0,C#,1733751434249,4537924,ArtesScytale,BE,121331549433012,
100.0,400.0,Java,1682848129633,1515891,ndc,RU,57247748477088,
100.0,400.0,C++,1716585585288,4071438,Alkoliq,CA,54204465024383,
100.0,401.0,Javascript,1716247039643,5962443,TJTrickster,US,120276165073747,
100.0,405.0,Python3,1680174340003,3741198,cyprien,FR,43310860091186,
100.0,405.0,C++,1683475330655,3393535,LuckyJ.,FR,42540162041167,
100.0,407.0,Python3,1680174160005,1356388,Daniel_Kirchner,HU,122156186326637,
100.0,407.0,Python3,1680174520003,4755370,TheoFrancois75,FR,79259220079408,
100.0,415.0,Python3,1726740562136,2217084,ChickenJoe,PL,122697447079257,
100.0,419.0,Java,1725312817897,558770,lD,FR,7979637651523,
100.0,421.0,Python3,1738977498341,6438526,Pawn0324,JP,136692707582926,
100.0,422.0,PHP,1714700052400,334009,abouvier,FR,4681436111242,
100.0,424.0,Python3,1730227750572,6274961,BeckyTuxedo,MY,129267442612276,
100.0,427.0,PHP,1681682075395,3586725,obrozer,FR,38932740061063,
100.0,428.0,Javascript,1680174470006,4177989,hhuuddoo,AU,79664148360862,
100.0,428.0,C++,1686416476028,2675754,CaptainGreen,RU,56390889579620,
100.0,429.0,C++,1681006448417,1543333,ishibashijun,JP,15686417858068,
100.0,429.0,Kotlin,1691244765838,3444208,Marina87,DE,32592586143834,
100.0,433.0,Python3,1680174450006,4586203,sixsicksix,FR,,
100.0,435.0,Javascript,1716894023265,1832231,delegateStack,PT,10868566216669,
100.0,437.0,Python3,1719562421596,5462383,Darkwolf59,FR,104337983113693,
100.0,439.0,Python3,1696882019828,5595729,Tseka,US,107942285212695,
100.0,441.0,Python3,1729105584913,1830625,-Rutger-,NL,,
100.0,446.0,Java,1700427481240,4031451,pbou,FR,55429746348651,
100.0,452.0,C++,1680174280003,3928331,AK-74u,BD,,
100.0,456.0,Python3,1680174170012,5078255,Papa_Carlos,LV,93190080255321,
100.0,456.0,Python3,1709323133314,1261893,Banban72,FR,119851620194284,
100.0,456.0,C++,1722036332250,3446555,LeifTerry,US,135132924795733,
100.0,457.0,C++,1688148787407,4351743,sword060,EG,,
100.0,458.0,Python3,1685985011720,5048219,100Stress,FR,95687627525775,
100.0,460.0,Python3,1680174400005,4914385,nico4633,FR,,
100.0,461.0,Python3,1724012485665,3581724,ffgth,FR,37357984761390,
100.0,463.0,Python3,1731775632550,6307808,tripleXXX,UA,,
100.0,466.0,Java,1688217925453,3677709,idzol,RU,,
100.0,468.0,Python3,1680174520003,4806550,Rafarafa,ES,80946308795008,
100.0,468.0,C#,1691244174275,3444208,Marina87,DE,32592586143834,
100.0,469.0,Python3,1680174530007,4045039,RealSaitama,FR,82024688231903,
100.0,469.0,C++,1686334549788,4384631,MatiasMG,FR,71169780864714,
100.0,470.0,Java,1732626171013,1441239,Dyd,IT,71707560017158,
100.0,471.0,Javascript,1682366257251,1077506,gs2,RU,86701601221288,
100.0,472.0,Python3,1680174470006,4402372,UltraLcD,FR,83854982315461,
100.0,474.0,Javascript,1698244177344,3327739,bissaka,NE,71315867386072,
100.0,474.0,Python3,1716438228537,5022710,RoCameron,TH,,
100.0,474.0,Python3,1730488966410,4775139,Chill-Guy,MA,79782745748515,
100.0,479.0,C++,1696965961678,4698040,[CG]Onora,FR,137624449716376,
100.0,483.0,Python3,1680174290005,5134379,JCLV,FR,93099585426419,
100.0,483.0,C++,1681142229912,4896722,bogdan.sorin,IT,83764727065550,
100.0,486.0,Java,1715386484981,1377805,MHavlovick,US,4424776151992,
100.0,487.0,Javascript,1682589332588,2640112,Whoonix,FR,,
100.0,489.0,F#,1682808216895,1630890,Wld,DE,54135389391511,
100.0,493.0,Python3,1680174270006,4688900,ZenZakk,RU,76718262442666,
100.0,493.0,Python3,1680174410005,4042961,El_Tigro,RU,65486500484333,
100.0,493.0,Python3,1680174410005,1347908,SylvainF,FR,87804940303606,
100.0,497.0,Python3,1680174570005,4639401,Citrate_Bios,MA,74567982358690,
100.0,497.0,C#,1682589987994,5177607,Nyx54,FR,93420161141099,
100.0,497.0,Rust,1695125433267,4801044,TN19N,MA,125201140302257,
100.0,498.0,Python3,1684077589127,4695112,Maxime01,RO,76921182601493,
100.0,501.0,Python3,1680174530007,1385029,Kaitk,JP,81611020743812,
100.0,502.0,PHP,1708196014274,2631176,Sedera,MG,43718808156249,
100.0,504.0,C++,1684759381863,879891,9dogo,FR,102101881869320,
100.0,506.0,C#,1681551387999,948764,Katie,GB,2150180090592,
100.0,514.0,Python3,1680174350006,3371531,Zasalamel,FR,90817683050156,
100.0,514.0,Java,1706808574380,981878,nicolasD,FR,22576267267565,
100.0,515.0,Python3,1680897955831,3787419,Thyl,FR,44847420172903,
100.0,516.0,Python3,1680174280003,4071683,RaoufCh,FR,73580928359386,
100.0,516.0,Python3,1680174350006,5107642,LazarSpasic2022203600,RS,,
100.0,516.0,Python3,1680174350006,5109298,natalijajolovic2022202496,RS,91132406295770,
100.0,516.0,Python3,1680174400005,4471729,Xhryss,FR,69030927498248,
100.0,517.0,Python3,1680174390004,5107715,DusanAlajbeg2022204840,RS,,
100.0,518.0,Python3,1680174510005,4830112,slow-mo,IT,82275142620547,
100.0,520.0,Kotlin,1698652036220,481988,DevKirill,RU,26384102822076,
100.0,523.0,Python3,1680174170012,2515448,ChuOkupai,FR,125382060869632,
100.0,524.0,Java,1681724479351,2436448,FrancoisMeme,FR,62658720056908,
100.0,524.0,Kotlin,1719217781239,4269950,ZERIH08,IN,61713567395188,
100.0,526.0,Python3,1680174230012,5314660,seb31,FR,,
100.0,528.0,C#,1681157171442,3647844,rc95401,US,39486169555819,
100.0,528.0,Java,1713472662085,4120425,Matda,FR,121766428787394,
100.0,529.0,Python3,1680174350006,5115845,ReljaSavic2022240148,RS,,
100.0,529.0,Python3,1680174350006,5107453,OgnjenMilenkovic2022240239,RS,91059383383235,
100.0,529.0,Python3,1680174390004,5119123,JovanMihajlovic2022202505,RS,,
100.0,529.0,Python3,1680174390004,5115851,MilanMilosevic2022240391,RS,,
100.0,533.0,TypeScript,1680174290005,4990918,Ivangelion,RS,,
100.0,534.0,Python3,1680174270006,5020870,TsRun,FR,88310741955030,
100.0,534.0,Python3,1680174570005,4791496,boldjc,FR,,
100.0,534.0,C#,1680807809231,4966586,Rohydre,FR,,
100.0,538.0,Java,1712410355476,3305510,TBali,HU,26750785092441,
100.0,543.0,C#,1681207252916,1904082,WIlChrist,FR,113083226652352,
100.0,543.0,Python3,1683836435867,4976824,Lunamanea,FR,86570246351186,
100.0,547.0,Java,1681309255911,1408492,Ptit-g,FR,4317392237915,
100.0,547.0,Python3,1704575122328,5626949,headphone!,TH,121074901565515,
100.0,548.0,Lua,1680174460003,4972061,red-jay,FI,,
100.0,548.0,Javascript,1684076204357,4695112,Maxime01,RO,76921182601493,
100.0,548.0,Java,1706873156076,311035,leojean890,FR,42398427701382,
100.0,549.0,Python3,1680174350006,5128075,AndrijaMilovanovic2022201439,RS,92328602949475,
100.0,549.0,Python3,1684261747212,1590473,WesT,US,,
100.0,550.0,Python3,1680174270006,4808242,Coonors26,MG,96097422378748,
100.0,552.0,Python3,1680174450006,4259902,Nalisco,FR,110149381017411,
100.0,556.0,Python3,1680174340003,4339597,Casstel,CZ,,
100.0,557.0,Python3,1680174350006,3651633,aparru33,FR,,
100.0,557.0,Python3,1680174520003,1709071,MAWAAW,FR,9382042427281,
100.0,559.0,Python3,1680174410005,1371529,JoLeaf,DE,75243165283767,
100.0,563.0,Python3,1680174450006,3246124,caughtinarut,VA,26255260846433,
100.0,563.0,Javascript,1680174460003,4923946,RunWP,FR,84745407651634,
100.0,569.0,Python3,1705660511861,5925234,7ms,FR,117927926371526,
100.0,571.0,Python3,1680174290005,4744435,ET_Code,BR,79056021935344,
100.0,574.0,Python3,1680174460003,4963522,Serhii_Kovalenko,UA,87126585729056,
100.0,574.0,Java,1706541946713,5646890,aflorido,ES,110020188475902,
100.0,576.0,Python3,1680174330004,5062741,2022100279,KR,,
100.0,576.0,Python3,1680174470006,2827154,Lenom,FR,95427723413942,
100.0,582.0,C#,1700429071546,4031451,pbou,FR,55429746348651,
100.0,583.0,Python3,1687178500778,4498106,LeMistral,FR,,
100.0,588.0,Python3,1680174390004,1057408,BigZettt,PL,17834968093621,
100.0,588.0,Python3,1680174460003,1231237,crazyiop,FR,25750321111943,
100.0,588.0,C++,1739545656537,6350218,celeria,FR,133470886510046,
100.0,591.0,Python3,1680174340003,3371527,JoramFillol-Carlini,FR,90547888615539,
100.0,597.0,Python3,1680174230012,4971467,guillain,FR,,
100.0,604.0,Python3,1680174340003,5046761,Duo_duo,TW,126672302811982,
100.0,608.0,Java,1684273877981,4258711,FredericLocquet,FR,125739728070045,
100.0,609.0,C++,1731492674690,2367350,dutch_programer,NL,133313665307185,
100.0,612.0,C++,1686248996493,4209098,ArlWGZ,CA,,
100.0,613.0,Dart,1680174450006,5006027,,UA,,
100.0,617.0,Python3,1680174340003,5021498,Zezeze,FR,93711725875000,
100.0,618.0,Java,1682112908112,2924895,trictrac,FR,23056996012330,
100.0,618.0,C#,1729317231841,1179950,LePianiste,JP,138179543551777,
100.0,621.0,C#,1700501415088,1264647,Donrico79,FR,65388169593241,
100.0,623.0,C++,1680174530007,2772292,Bezukh,RU,54307689925450,
100.0,625.0,Java,1705542053473,1802967,Meruem,FR,31992166318610,
100.0,628.0,Javascript,1680174170012,1407104,Maun,FR,5342968576656,
100.0,629.0,PHP,1680174280003,4415076,Kasija,RS,131860283283358,
100.0,630.0,C++,1680174390004,3749245,yveslacroix83400,FR,42318382688807,
100.0,630.0,Perl,1740293928782,6489304,GoodLLM,PL,138411285800273,
100.0,631.0,Python3,1680174270006,1648629,Turkeyman,US,7755643822364,
100.0,631.0,Python3,1680174450006,1476134,ThatDraggy,DE,,
100.0,631.0,Python3,1691885567013,5607175,choder,BD,108498343269862,
100.0,633.0,Java,1712323610652,894599,DidierC,FR,1756298465824,
100.0,635.0,Java,1687694430146,2676390,Ledeia,DE,,
100.0,637.0,TypeScript,1698838059988,3327739,bissaka,NE,71315867386072,
100.0,640.0,Java,1682524208612,5317121,frl44,FR,100011367604464,
100.0,641.0,Javascript,1680174470006,4535520,BuckMcCoy,FR,86815041202946,
100.0,642.0,PHP,1680174510005,4726885,Boooooooo,FR,,
100.0,643.0,Javascript,1736943771435,6452020,BaguetteDeLys,FR,,
100.0,645.0,Python3,1680174230012,4887613,Sardonixx,FR,83457600330561,
100.0,648.0,Python3,1733759946026,1741344,superfx12,CA,89463608934366,
100.0,649.0,C++,1680174340003,2450542,Marcius_2,LT,18279641223736,
100.0,652.0,Python3,1680174410005,4169049,TessavanderHeiden,NL,58306206562740,
100.0,654.0,Python3,1680174410005,3473248,Alex_tref,RU,34032221836049,
100.0,654.0,C++,1724417477308,3824067,thoip2,FR,82434949516630,
100.0,656.0,Python3,1680174170012,4622288,Christophe-Aballea,FR,110022922122957,
100.0,657.0,Python3,1733452691825,2692394,aloza,MX,19621451181340,
100.0,660.0,Perl,1680174230012,4687360,thomas.schuerger,DE,77623682146098,
100.0,660.0,Python3,1739790914173,3617791,Just5MoreMinutes,GB,60173405711643,
100.0,664.0,Python3,1698636372427,1559706,nunzii,US,,
100.0,672.0,Java,1681888877055,2508635,hemhel,FR,17633818881669,
100.0,674.0,Python3,1680174410005,4240162,blueCypher,RO,82500087525448,
100.0,675.0,Python3,1680174410005,4291628,Genoyd,FR,62652246756272,
100.0,675.0,C#,1682151398803,3776530,Insufficient,GB,43170924073821,
100.0,678.0,Python3,1680174280003,5222561,abnotrogiente,FR,,
100.0,678.0,Clojure,1680174470006,4961992,toptobes,US,,
100.0,678.0,Python3,1689852144592,4564633,l0p3c,CO,72214945671629,
100.0,688.0,Javascript,1680174210011,5332090,xamtheone,US,98317544462026,
100.0,688.0,Python3,1680174220006,4607898,gun_kodlnw,TH,73972700620172,
100.0,690.0,Javascript,1705338723181,1462914,MediocreMitch,US,,
100.0,693.0,Python3,1680174530007,810134,TheAito,FR,82839368749735,
100.0,694.0,Python3,1680174220006,4935186,Gabay,IL,86176181791338,
100.0,695.0,Python3,1680174210011,3988638,smike,DE,68444065653880,
100.0,695.0,C,1734511279976,939866,TelePario,AT,1759963440277,
100.0,701.0,Python3,1680174350006,5049227,TintaRi,IL,91221669465046,
100.0,701.0,Go,1680807431191,4966586,Rohydre,FR,,
100.0,702.0,D,1680886514019,4277867,About,SM,65816469118906,
100.0,703.0,Python3,1680174330004,2785892,levbor,IL,25706639013764,
100.0,706.0,Python3,1680174530007,4217436,emuser456,FR,,
100.0,708.0,Python3,1680174570005,1084422,nmiller,US,2284174207747,
100.0,709.0,C,1712345396568,5946041,HisterGames,FR,119019869295001,
100.0,713.0,Python3,1680174220006,5296960,Alex_BC,FR,97137782618309,
100.0,713.0,TypeScript,1680174280003,5149704,johan.ds,FR,94087528815560,
100.0,714.0,C++,1680174510005,2980709,ninnghazad,DE,23095056907672,
100.0,715.0,Go,1680174460003,2858335,pac-nam,FR,21605936572232,
100.0,716.0,Python3,1680174460003,4865429,mendrika261,MG,128174148583107,
100.0,717.0,Python3,1680174460003,5006230,Daniel_mon_Goose,RU,,
100.0,720.0,C++,1680174510005,4324220,trineutron,JP,63616822650525,
100.0,721.0,Python3,1680174170012,5376929,xxxdu34,FR,100322240385128,
100.0,721.0,Python3,1680174330004,3425203,Rhemyr,FR,105728185659704,
100.0,723.0,Java,1682247432646,5163410,LOKI_78,LU,93367947956362,
100.0,724.0,C,1680174170012,5295039,boubou900,FR,,
100.0,734.0,Javascript,1696711893713,4474739,uiyghjk,FR,,
100.0,737.0,Go,1680174410005,1442344,PavelRaskin,GE,,
100.0,739.0,Python3,1680174280003,5224173,waqarbutt,PK,,
100.0,739.0,Python3,1680174280003,5148981,koder_Kod_,KE,95338401542456,
100.0,739.0,Python3,1680174290005,5064398,,KR,,
100.0,739.0,Python3,1680174290005,5088548,,KR,,
100.0,739.0,Python3,1680174290005,5064389,Dabin_b,KR,,
100.0,739.0,Python3,1680174330004,5099590,,KR,,
100.0,739.0,Python3,1680174340003,4966050,Ibrahim_laklaa,FR,108347486799294,
100.0,739.0,Python3,1680174350006,5107637,NikolaTijanic2022203029,RS,,
100.0,739.0,Python3,1680174350006,5107723,LukaNikolic2022240111,RS,,
100.0,739.0,Python3,1680174350006,5110492,AndjelaRadak2022203126,RS,,
100.0,739.0,Python3,1680174450006,5024248,marcoc,CH,117771249548119,
100.0,739.0,Python3,1680174470006,3212828,CyD,FR,88907162564508,
100.0,739.0,Python3,1710259230986,5102784,HugoNoel29,FR,,
100.0,739.0,Python3,1728261331386,6312600,Jasper_Boticario,PH,,
100.0,739.0,Python3,1728553635013,6314255,Lance17,PH,,
100.0,739.0,Python3,1730452146755,6345691,elmanaog,PH,132489460567766,
100.0,740.0,Java,1680883219148,1077559,PhOeNyX,FR,2248934338554,
100.0,742.0,Python3,1683235468655,5479481,Godks,US,103942409086071,
100.0,743.0,Ruby,1705999955182,5929543,FDL,FR,,
100.0,744.0,TypeScript,1680174470006,4315542,That_Guy977,TH,70798689790356,
100.0,747.0,Python3,1680174230012,5190042,Patate42,BE,129975628195420,
100.0,747.0,C#,1686054202580,1792532,Zanbez,FR,53160220485725,
100.0,749.0,Python3,1680174230012,1495122,Kaaeder,DK,8815744230751,
100.0,750.0,Python3,1699190673916,5744112,robobah,PL,,
100.0,751.0,Python3,1680174390004,5120073,,FR,,
100.0,756.0,Rust,1696692264421,3305510,TBali,HU,26750785092441,
100.0,761.0,Python3,1680174280003,4301943,salmen_H,TN,74915821650285,
100.0,762.0,Python3,1712820190739,5500903,YanisKA,FR,113406007674939,
100.0,763.0,Python3,1680174290005,5062749,,KR,,
100.0,763.0,Python3,1680174330004,5062764,sket11111,KR,,
100.0,763.0,Python3,1680174350006,5116476,AleksaMilanovic2022240032,RS,,
100.0,763.0,Python3,1680174350006,4998442,HibaTouderti,FR,88726389405385,
100.0,763.0,Python3,1680174350006,5126466,DjordjeJovanovic2022430031,RS,,
100.0,763.0,Python3,1680174410005,1597335,Fizimatik,BY,88480780169435,
100.0,763.0,Javascript,1728201281680,6304189,Leonski,PH,,
100.0,763.0,Javascript,1728375089928,6312585,Sarangilo_Arcian,PH,,
100.0,763.0,Javascript,1729696710176,6304449,Daniel_Pamintuan,PH,,
100.0,763.0,Javascript,1730352390765,6304497,czev,PH,130619561421065,
100.0,763.0,Javascript,1730357917905,6314249,OmsiMiles,PH,,
100.0,763.0,Javascript,1730378525299,6304507,NEGRCZ,PH,130620263161840,
100.0,763.0,Javascript,1730404119152,6304225,Polognoy,PH,130598945527121,
100.0,763.0,Javascript,1730458470372,6314280,D-16,PH,131098820564683,
100.0,763.0,Javascript,1730458874228,6304215,Hyuseee,PH,130663405634224,
100.0,763.0,Javascript,1730459512887,6314252,Chiiin,PH,,
100.0,763.0,Javascript,1730471565070,6312601,Rensel,PH,,
100.0,763.0,Javascript,1735337361313,6431877,Kx21,PS,136405887726818,
100.0,763.0,Javascript,1735461897070,6330608,d_1114,FR,136480607770906,
100.0,769.0,C#,1704107904162,2331589,miaugust,PL,16028021928556,
100.0,770.0,Python3,1680174340003,5155332,Papoum,FR,92963761158432,
100.0,770.0,TypeScript,1680174410005,5047175,max1111,IT,,
100.0,771.0,Python3,1680174470006,1320882,pmat,FR,,
100.0,771.0,Python3,1700349639910,5110486,LeRamigon,FR,117473401884093,
100.0,775.0,Python3,1680174230012,5316366,lLouu,FR,97682204446356,
100.0,775.0,Python3,1680174280003,1689364,pompom2_b,FR,87355882765939,
100.0,776.0,Python3,1680174270006,4441447,averiz,MA,117091941043254,
100.0,776.0,Java,1690114860186,2460216,ElaineMarley,FI,85221183055358,
100.0,777.0,Python3,1731710540748,6073796,Khalxs,TN,,
100.0,779.0,Python3,1680174220006,4752809,AlaEddineH,FR,91184781448516,
100.0,782.0,Javascript,1680174220006,2662309,AnInventiveNameOfRepute,DK,19191632880137,
100.0,785.0,Python3,1680174330004,4232668,Pofer,IL,,
100.0,788.0,C++,1730472625711,6314538,yo_pxm,PH,,
100.0,789.0,Python3,1680174330004,3797792,e2r3p13,FR,105192426873221,
100.0,789.0,Python3,1680174460003,1414854,jpages,FR,53841227796564,
100.0,790.0,Python3,1680174450006,1241661,jukkes,FR,78839465686770,
100.0,792.0,C,1680174170012,5295042,BigRemo,GA,101747027662155,
100.0,792.0,C++,1712139386056,256955,cup_of_tea,FR,14752068261565,
100.0,797.0,Python3,1680174570005,4671340,gule-wamukulu,ZM,82290381361796,
100.0,798.0,Python3,1680174160005,5403673,,HK,,
100.0,805.0,Python3,1722049548510,6200615,Bradt,AU,,
100.0,811.0,Python3,1680174270006,2538275,rubensoto,ES,81522784511936,
100.0,811.0,Python3,1680174450006,5018195,ple-lez,FR,88119940613938,
100.0,812.0,Javascript,1680174280003,4961117,LudovicB,FR,,
100.0,813.0,C++,1680174400005,2669810,Anto_Gl,RU,35482481502705,
100.0,813.0,Java,1681191678816,3647844,rc95401,US,39486169555819,
100.0,814.0,Python3,1680174460003,3436807,Ahmed_Bahri,FR,82880747434333,
100.0,815.0,Python3,1680174570005,4843910,,US,,
100.0,817.0,Python3,1680174470006,2078184,jz4o,JP,,
100.0,821.0,Python3,1680174160005,5403355,Igorrrrrrr,PL,,
100.0,821.0,Python3,1680174170012,5389960,neohr71,BD,100454548705544,
100.0,821.0,Python3,1680174350006,5137182,MarkoPeric2022202960,RS,,
100.0,821.0,Python3,1680174350006,5107640,NikolaSavic2022200137,RS,,
100.0,821.0,Python3,1680174350006,5119491,SanjaIlic2022205818,RS,,
100.0,821.0,Python3,1680174350006,5143737,RadojicicPetar2022201846,RS,,
100.0,821.0,Python3,1680174350006,5107760,TamaraMitric2022202393,RS,,
100.0,821.0,Python3,1680174470006,4980809,Gancubes,FR,86769143571228,
100.0,821.0,Python3,1680174530007,4863397,,RU,,
100.0,821.0,Python3,1688116997602,5583335,Luca_Magrini,IT,107488004727801,
100.0,821.0,Python3,1702447525191,5305248,iam_yusuf,TJ,97306583249601,
100.0,821.0,Python3,1728260951123,6312585,Sarangilo_Arcian,PH,,
100.0,821.0,Python3,1728261184746,6312580,Evian_Cabo,PH,,
100.0,821.0,Python3,1728393734685,6314487,Menguis,PH,131095047182366,
100.0,821.0,Python3,1728608665134,6314243,Kathreen,PH,131061064135011,
100.0,821.0,Python3,1730022583057,6314252,Chiiin,PH,,
100.0,821.0,Python3,1730442351912,6306311,anarei,PH,,
100.0,821.0,Python3,1730461987864,6345764,Tagu_rooo,PH,132504169306064,
100.0,822.0,Javascript,1680174390004,4803867,Walash,FR,,
100.0,824.0,Python3,1680174290005,5196176,Xynelio,FR,,
100.0,824.0,Python3,1680174340003,5158381,dj_joubos,FR,,
100.0,824.0,Python3,1680174460003,1130167,EL_MOUDDEN_WAIIL,FR,16280911908718,
100.0,825.0,Python3,1680174210011,4579254,Visage.Merior,GB,,
100.0,825.0,Javascript,1680174400005,4119534,owloff,IE,,
100.0,826.0,Python3,1680174410005,5058104,solenepetit,FR,,
100.0,826.0,Javascript,1680174410005,4936775,JeremyEmoMaker,FR,,
100.0,828.0,Python3,1680174520003,4771365,J56164,TH,80712482252810,
100.0,829.0,C++,1680174530007,4415738,Meliath,FI,,
100.0,830.0,C++,1686197653256,5546301,VitaliyEVP,CA,,
100.0,831.0,Python3,1680174220006,3625487,ssagkal,TR,,
100.0,834.0,Python3,1680174280003,5220607,,US,,
100.0,835.0,TypeScript,1680174450006,4749616,El0i,FR,85828085921056,
100.0,845.0,Python3,1680174350006,5116150,NenadDobrosavljevic2022204649,RS,91443609884220,
100.0,851.0,Python3,1680174400005,4721177,ghsuvr123,IL,78000684239807,
100.0,852.0,Java,1706224650407,4897374,Terfio,DE,118165926589285,
100.0,853.0,Javascript,1680174460003,4990870,YoloKr,FR,,
100.0,854.0,Javascript,1738268434007,3359822,LucasBuuck,,,
100.0,856.0,Python3,1680174210011,5365279,,FR,,
100.0,860.0,Go,1680174280003,5245721,vialu,NL,,
100.0,860.0,Python3,1680174330004,5173383,,FR,,
100.0,860.0,Go,1680174340003,1804095,Poilo,FR,14981463645891,
100.0,861.0,Python3,1683645319669,5450290,JulienJean,FR,124447701522708,
100.0,862.0,C++,1680174510005,3349939,SubSpring,SY,28913484510400,
100.0,864.0,Python3,1718683716776,5110487,abderrahmen_dz_24,DZ,,
100.0,865.0,Python3,1680174340003,5157230,,FR,,
100.0,869.0,Python3,1680174170012,3507705,Baaldr,FR,44057041482289,
100.0,874.0,Python3,1680174210011,5291205,Merisson,FR,96949443098885,
100.0,874.0,Python3,1680174340003,5165155,,FR,,
100.0,875.0,Python3,1680174470006,4781109,CodinGQ,CA,79912787001092,
100.0,876.0,Python3,1680174410005,3763201,anon98,DE,42772848358564,
100.0,877.0,C++,1680174160005,1458246,Httpsx,RU,10879995082866,
100.0,878.0,Python3,1680174220006,2481767,Jumble28,CA,99306323085652,
100.0,879.0,C++,1680174450006,3663654,neatcoder,IN,91104361725898,
100.0,880.0,TypeScript,1680174410005,5025755,TomBAN,FR,88564120622158,
100.0,881.0,Python3,1680174390004,1197114,Duuck,FR,,
100.0,882.0,Python3,1680174220006,3194804,dragonfly_2,FR,25367696434287,
100.0,883.0,PHP,1680174530007,4269720,ShuP1,FR,111488106052264,
100.0,884.0,Python3,1680174460003,4956459,Aldoggen,BE,86555608192248,
100.0,886.0,Python3,1680174470006,4050016,CharlesSenemaud,FR,111267482253176,
100.0,886.0,Python3,1681540903123,1883082,maskaka,ID,11470683485643,
100.0,888.0,C++,1680174530007,3404393,FiraS_Sama,FR,30977668369463,
100.0,889.0,Python3,1680174230012,5202121,felimalo,FR,,
100.0,890.0,Python3,1680174270006,3855753,tuan91,SG,82558900731482,
100.0,890.0,C++,1719939045671,6163426,zayn__,US,,
100.0,892.0,Python3,1680174390004,4886912,Voolkan,FR,,
100.0,892.0,Python3,1680174410005,3908630,VuxLee,VN,90026209428493,
100.0,893.0,Python3,1685039149483,5518688,Toast3r,PL,,
100.0,894.0,Python3,1708455481921,5968760,anatoly77g,IL,,
100.0,895.0,Python3,1680174450006,4552088,HEN10,MA,,
100.0,895.0,Python3,1680174450006,5032609,,MA,,
100.0,895.0,Python3,1680174510005,3553243,anneonyme,FR,78649683832285,
