score,criteriaScore,programmingLanguage,creationTime,codingamer.userId,pseudo,codingamer.countryId,codingamer.avatar,#golf|count=9|time=2026-08-22T04:19:54
100.0,544.0,VB.NET,1786034846782,2874091,5DN1L,GB,134264063920528,
100.0,566.0,VB.NET,1691767120597,4438505,Eric_[EGU],FR,158681623409347,
100.0,1190.0,VB.NET,1786712484319,1527403,Di_Masta,BG,5689020242575,
100.0,1776.0,VB.NET,1680845638229,3354337,Westicles,CX,79146641399080,
100.0,1975.0,VB.NET,1729479733539,1179950,KAKAROT_MPL,US,159019526484654,
100.0,5240.0,VB.NET,1680173920007,5029430,Meneo,FR,,
100.0,6346.0,VB.NET,1690383102020,2367350,dutch_programer,NL,133313665307185,
100.0,10286.0,VB.NET,1719610539716,6109765,Shave7777,OM,124507201437285,
100.0,18357.0,VB.NET,1680173980007,4811711,pbd59,FR,,
