league.divisionIndex,score,programmingLanguage,creationTime,agentId,codingamer.userId,pseudo,codingamer.countryId,codingamer.avatar,#multi|count=13|time=2026-09-11T08:21:45
0,34.34,Java,1773504180230,6311276,1537951,Nerchio,PL,64013847666734,
0,26.91,Java,1678049870184,4758068,2719021,Pavel_S,RU,,
0,24.66,Java,1788868530934,6718243,3235897,Zylo,PL,25779784253696,
0,17.75,Java,1664801609164,4478105,3482949,Masshood,DE,152420760685807,
0,17.59,Java,1732294669703,5633049,6328491,Tom2610,IT,,
0,14.93,Java,1743517360842,5826835,4423017,Ben-42,FR,143186204203072,
0,14.18,Java,1653315196378,4297047,484004,aCat,PL,4210501575817,
0,10.98,Java,1658133406737,4397294,4282042,AI4Games,PL,62256727195192,
0,10.67,Java,1676225641091,4737867,5163410,LOKI_78,LU,93367947956362,
0,10.21,Java,1753703019286,5990944,2455616,JeanClaude44,FR,17042314996810,
0,9.65,Java,1773371871737,6306169,7168773,BenjiLenji,US,,
0,9.12,Java,1784383378205,6560013,7306823,albatross42,DE,,
0,1.82,Java,1709488967272,5331563,5950689,swxtikzz,FR,120294408338875,
