league.divisionIndex,score,programmingLanguage,creationTime,agentId,codingamer.userId,pseudo,codingamer.countryId,codingamer.avatar,#multi|count=512|time=2026-10-05T10:55:40
5,35.99,C++,1790600366327,6769065,3015376,gaha,PL,159388148716494,
5,30.8,C++,1790599863408,6767614,4597534,RamzaBeoulve,FR,168910387427406,
5,29.2,C++,1790600361306,6769061,2536538,Pduhard-,FR,168957208160557,
5,28.87,C++,1790600363223,6769063,6129303,sZoom,MA,136627881093911,
5,26.65,C++,1790599866359,6767619,880353,zasmu,FR,22237226756102,
5,26.49,C++,1790600362229,6769062,3564009,Waffle3z,US,44751789808331,
5,25.65,C++,1790600251401,6768750,1082988,Saelyos,FR,6965824947540,
5,24.05,C++,1790600361040,6769060,6298204,ziemekb,PL,,
5,23.86,C++,1790600365894,6769064,4062038,delineate,US,116717509878444,
5,23.82,C++,1790599892799,6767681,5802287,_H3R0_,MA,168697761027303,
5,22.37,C++,1790600205977,6768596,2515448,ChuOkupai,FR,125382060869632,
5,21.05,C++,1790599905433,6767699,7212247,mehdi_ayari,FR,160741446984247,
5,21.01,C++,1790600294925,6768855,1458246,Httpsx,RU,10879995082866,
5,20.86,C++,1790773252093,6774973,5879009,rlamtaou,MA,168758980752867,
5,20.17,C++,1790609229005,6769383,5645036,Sohayb,MA,168563386750271,
5,19.6,C++,1790861735064,6776466,6304691,TuFat,MA,159156188520243,
5,19.47,C++,1790600299089,6768871,3196495,putibuzu,DE,,
5,19.04,C++,1790600305496,6768875,5851737,zlakhdar,MA,168572860959250,
5,18.44,C++,1790599971964,6767847,4054608,Rikus,AR,53571582931469,
5,18.19,C++,1790600303732,6768874,4063805,viewlagoon,JP,106899386459507,
5,17.88,C++,1790608194162,6769368,979569,khanh-alice,VN,159204229382633,
4,32.72,C++,1790600162610,6768462,3827382,chouks,MA,168574640475846,
4,32.12,C++,1790600273021,6768813,2577687,blasterpoard,SK,36336680250371,
4,31.48,C++,1790600157275,6768455,3819989,KawattaTaido,JP,54685703661094,
4,30.68,C++,1790600160975,6768460,5379765,doflamingoo,MA,161804744853428,
4,30.06,C++,1791193156675,6781322,1115939,Stounate,FR,54056204305685,
4,29.5,C++,1790719117115,6771883,2968035,DomiKo,PL,159606466137107,
4,29.47,C++,1790599880877,6767649,2021565,arukuka,JP,63491142307337,
4,29.05,C++,1790599917160,6767730,3235897,Zylo,PL,25779784253696,
4,28.49,C++,1790600277352,6768818,6127823,BinomialSheep,JP,125106827516498,
4,28.48,C++,1790600307877,6768882,3804618,MiniWall,BE,168572347829537,
4,26.77,C++,1790599984351,6767884,2707580,Nyust,FR,168153925382631,
4,26.05,C++,1790600281158,6768823,1064903,Ghirtor,FR,147647800771616,
4,25.72,C++,1790600280129,6768821,814862,bl4sterino,FR,161762908233095,
4,24.87,C++,1790600049408,6768093,7164866,CarloDT,CO,159098340160660,
4,24.57,C++,1790600165449,6768465,4126886,NickSaidSomethingWonderful,CN,62920508854562,
4,24.34,C++,1791163956709,6780910,837436,aropan,PL,68849260530594,
4,23.9,C++,1790600388117,6769115,5541075,abdelmathin,FR,118130566868021,
4,23.85,C++,1790600186288,6768541,1201796,P.Greze,FR,3522907180370,
4,23.69,C++,1790600162171,6768461,6584577,beeligul,TR,148050145700881,
4,23.64,C++,1790600168466,6768469,3816550,0xCAFE,FR,52897989283599,
4,23.63,C++,1790600352567,6769033,5573671,LeMasSon,FR,107252527944826,
4,23.44,C++,1790600274981,6768815,5525989,totallyrad,MA,155918704195883,
4,23.39,C++,1790600088125,6768232,7175337,anfegored,CO,165737309634256,
4,23.37,C++,1790599957584,6767813,893541,wala,FR,97577641170180,
4,23.3,C++,1790599894987,6767686,5664473,ultio,TR,159111540018444,
4,23.16,C++,1790600281519,6768824,1073247,_NikJ,RS,2509638482149,
4,23.03,C++,1790600336260,6768968,6789548,anuragm,IN,167801502273741,
4,23.02,C++,1790599892007,6767677,6132235,frictionless,US,147994707933557,
4,22.8,C++,1790600276552,6768817,1930582,KaZede,CA,105032949244336,
4,22.47,C++,1790913638725,6777337,4298841,Dapps,CA,64238669570457,
4,22.33,C++,1790600016926,6767991,5311618,dokoko,MA,116617860005011,
4,22.15,C++,1791196011467,6781344,3422565,l4time,FR,124854405128765,
4,21.86,C++,1790600288757,6768835,4897576,GSpryszynski,PL,105788129732450,
4,21.79,C++,1790600270737,6768808,7162917,edkeskin,TR,162114402583002,
4,21.76,C++,1791064013575,6779402,2363657,Ztrk,PL,83078647386848,
4,21.46,C++,1790599880323,6767648,1334166,xSkyline,RO,95591782381811,
4,21.33,C++,1790600404023,6769166,4158881,turcottep,CA,159413589806249,
4,21.03,C++,1790600158078,6768457,5246622,RinSakamichi,JP,95551565543088,
4,21.03,C++,1790599876953,6767639,6341807,sffsefsdfaf,JP,132500742075587,
4,20.85,C++,1790600393874,6769132,1050490,Snark_Chaser,UA,42713842279454,
4,20.84,C++,1790599860914,6767612,2311105,kovi,HU,20774306904131,
4,20.56,C++,1790600330391,6768956,7166135,rbilim,TR,,
4,20.46,C++,1790600279317,6768820,2981630,utfart,SE,159315484040384,
4,20.36,C++,1790600314297,6768902,945054,Blem,FR,168153308497730,
4,20.01,C++,1790599918447,6767734,7165536,agowsky,SI,159850907881206,
4,19.86,C++,1790599991506,6767904,3372068,vickingur,UA,44450383796589,
4,19.8,C++,1790600131959,6768394,3932502,N3l,BE,168701244510341,
4,19.77,C++,1790599931309,6767766,154984,_Royale,FR,17869369984436,
4,19.59,C++,1790600280714,6768822,4037117,bodbod,FR,168724842632868,
4,19.49,C++,1790599894712,6767685,3231345,tokur,JP,41114384916439,
4,19.43,C++,1790600046503,6768090,3533119,wlesavo,RU,44695284080274,
4,19.11,C++,1790600076263,6768184,5400615,JeeNeeUhs0,TR,135686442092847,
4,19.06,C++,1790600108759,6768314,7544262,makdeniz,TR,167484126457706,
4,19.01,C++,1790600358247,6769051,6586673,bneay,MA,142292489070692,
4,18.67,C++,1790600157870,6768456,7000550,Kashun,JP,,
4,18.21,C++,1790600311822,6768894,610934,y_kawano,JP,2180028634331,
4,18.11,C++,1790600245754,6768740,7512812,BlueKratos,US,168422263405500,
4,18.08,C++,1790600169069,6768471,2950978,icecuber,NO,22740742148777,
4,17.99,C++,1790599971433,6767845,2922032,c7c7,JP,22380199524594,
4,17.99,C++,1790600185728,6768539,7318623,chip00,CA,163293142627821,
4,17.88,C++,1790600134457,6768397,3513265,DaNinja,IE,35022107863170,
4,17.88,C++,1790599986038,6767885,1316319,Neabfi,FR,17722952880100,
4,17.78,C++,1790600286305,6768831,4318335,CyberEcho,RU,63568400811194,
4,17.77,C++,1790600337561,6768972,7164829,ybalkan,TR,159097168046350,
4,17.76,C++,1790600317905,6768916,6526795,jeongwon,KR,,
4,17.7,C++,1790600330161,6768955,4844363,larei,TR,168260841308125,
4,17.63,C++,1790600285240,6768829,2906497,daaskare,FR,117110325467110,
4,17.63,C++,1790600205145,6768593,1399382,Regulus136,FR,4335723819637,
4,17.57,C++,1790599992398,6767905,6024705,BalazsRalph,FR,121748967511751,
4,17.54,C++,1790600168223,6768468,7163022,mthan,TR,159040022434811,
4,17.49,C++,1790600181732,6768527,7573594,Viktuz,DK,168047747670645,
4,17.38,C++,1790600338738,6768977,7593275,Surtii,FR,168617844616852,
4,17.08,C++,1790599887750,6767666,1732414,RobotAI,TL,117474364388417,
4,17.01,C++,1790600289032,6768836,3461753,oidrissi,MA,159456566452818,
4,16.98,C++,1790600105471,6768304,7579730,falcon8,DE,,
4,16.96,C++,1790600221512,6768655,4848961,Sasso_Stark,IT,122058285947525,
4,16.8,C++,1790600353641,6769038,7582133,saincesu,TR,168292604585287,
4,16.44,C++,1790600287684,6768832,4317577,kaede2020,JP,63380388406103,
4,16.39,C++,1790600206817,6768598,1200604,Alos,FR,17003350276315,
4,16.33,C++,1790599921268,6767737,4768820,ergeson,TR,168598187649000,
4,16.31,C++,1790600285703,6768830,2316796,Psio,FR,44129382204229,
4,16.31,C++,1790600290087,6768837,5377868,YALOKGAR,UA,168519602319720,
4,16.3,C++,1790599930926,6767765,2373953,Dridriun,FR,167446025230825,
4,16.3,C++,1790599895712,6767687,7570957,zozcan,TR,,
4,16.08,C++,1790600221045,6768653,4876794,INIT_TOKEN,MA,86116685921589,
4,16.07,C++,1790600166707,6768466,7576370,fekiz,TR,168122447072823,
4,16.04,C++,1790600328352,6768954,2853183,IlyaPol,RU,167550047804000,
4,15.94,C++,1790600235828,6768706,4034974,Cajo,DK,54025226133314,
4,15.86,C++,1790600184919,6768536,7164207,mech_39,JP,159078666769207,
4,15.72,C++,1790599908649,6767707,6876449,Tempest0r,AT,162071743310284,
4,15.67,C++,1790967743589,6778044,1327028,FredericBautista,FR,160934968858579,
4,15.6,C++,1790599971713,6767846,580424,siman,JP,7464902754297,
4,15.54,C++,1790599866654,6767620,3712725,WeepingAngel89,VN,168544025576404,
4,15.51,C++,1790600270353,6768807,1711554,Boboppe,FR,15588253280862,
4,15.35,C++,1790686751621,6771281,4741922,laconic_pixel,RO,105402247722820,
4,15.3,C++,1790600317143,6768911,1562581,Lizerino,SE,6245183267306,
4,15.25,C++,1790600184212,6768533,7298792,Firfal,FR,162035624862424,
4,15.24,C++,1790600357548,6769047,1422999,DoubleA_W,US,,
4,15.16,C++,1790599881393,6767650,2923506,darkhorse64,FR,23496414257567,
4,15.14,C++,1790600322728,6768938,6506738,Table-en4,FR,168011288270417,
4,15.13,C++,1790600370361,6769074,3810658,MxVisnie,PL,136677008620622,
4,14.93,C++,1790600330677,6768957,6095592,ZanakaJeanPaul,MG,153403644406506,
4,14.81,C++,1790600288061,6768833,557990,Wazemo,PL,1724224108740,
4,14.58,C++,1790600415549,6769200,7602435,Darkensyde,FR,,
4,14.53,C++,1790600333545,6768959,6100011,chierin,JP,125135303954605,
4,14.47,C++,1790599908413,6767706,2797677,kolph,FR,64371024793155,
4,14.46,C++,1790600180893,6768523,4311709,NOIIICE,MA,106257362763827,
4,14.43,C++,1790599891646,6767676,1106450,RiSuS,BY,117707786634160,
4,14.29,C++,1790600396088,6769138,1185349,Barni,HU,2912286328976,
4,14.29,C++,1790600253940,6768756,900129,Julien_E,FI,5270045731391,
4,14.29,C++,1790600290526,6768839,6174211,Borealyss,FR,159743645143794,
4,14.29,C++,1790600108088,6768309,1872557,FinkPloyd,FR,159185249705376,
4,14.17,C++,1790600391079,6769123,1527403,Di_Masta,BG,5689020242575,
4,14.13,C++,1790600187264,6768546,4004772,01eg,RU,51420529184551,
4,14.04,C++,1790600160660,6768459,4215289,MehdiOlivierDoubiani,FR,,
4,13.99,C++,1790599866139,6767618,1387149,daisyo,JP,40920843501173,
4,13.94,C++,1790600339496,6768980,3291383,Freko13,FR,,
4,13.91,C++,1790600324425,6768942,4856475,aaaaaaaaaa2230,JP,,
4,13.71,C++,1790599993317,6767908,3446555,LeifTerry,US,162303129359531,
4,13.55,C++,1790600308761,6768884,7024965,haitam111,BH,161659649238475,
4,13.52,C++,1790600327916,6768952,6369482,_Quasar,MA,150608302695975,
4,13.52,C++,1790599918814,6767735,1407621,Taohbi,FR,21763386165958,
4,13.26,C++,1790600387152,6769114,2021126,FPSCUBE,FR,12916810121106,
4,13.19,C++,1790599980399,6767876,7278724,Mmdrlol,FR,166139861537843,
4,13.15,C++,1790600183632,6768532,6890298,supernakash,IL,168371323259026,
4,12.99,C++,1790600386405,6769111,6140618,Di_Test,ZW,125942221012008,
4,12.74,C++,1790600236615,6768708,1944726,bourgeof,FR,12115914449796,
4,12.71,C++,1790600185125,6768537,7576411,FrancoisF,FR,,
4,12.49,C++,1790599881804,6767651,5211347,Biglover,SE,94664369285909,
4,12.34,C++,1790600290244,6768838,2842531,Kurs,CY,62933160542405,
4,11.93,C++,1790600375833,6769083,6127527,HyyFly,DE,,
4,11.87,C++,1790600065552,6768142,5370990,Ra07Ch,MA,99805420262470,
4,11.84,C++,1790599921788,6767738,3971358,OldJohn,FR,63565949763225,
4,11.81,C++,1790599906006,6767700,4016648,Renatys,RU,68580248208363,
4,11.72,C++,1790600205602,6768594,7166773,skarayil,TR,159149724046574,
4,11.23,C++,1790600187524,6768547,806899,Aitnaios,IT,168149582291336,
4,11.2,C++,1790600402094,6769162,1477266,pcruiher08,MX,4941162324941,
4,11.02,C++,1790600353880,6769039,4423017,Ben-42,FR,143186204203072,
4,10.82,C++,1790600408873,6769182,7162569,Lukas3540,LT,168117344501175,
4,10.23,C++,1790600350683,6769024,4378175,Woolfy,BE,66125166700468,
4,9.85,C++,1790600352869,6769034,1020626,PiterYeh,IT,4411407433686,
4,8.68,C++,1790600131242,6768392,4116990,MyMonkey,FR,56262522307071,
4,8.44,C++,1790599882645,6767653,7404712,pinwheel3,JP,165288169266492,
4,7.97,C++,1790600360165,6769058,3005636,daemon666,MT,168295749387021,
4,7.57,C++,1790600291349,6768840,6802379,GoldenGlove,GB,159188002800442,
4,7.5,C++,1790600283185,6768827,4377445,abderrazzak_,MA,166717449350197,
4,6.12,C++,1790600349720,6769018,6842887,mohamed-boussouir,MA,156021306944604,
4,5.6,C++,1790600207798,6768602,3536920,mapapin,FR,52717604735830,
4,-1.15,C++,1790600353428,6769037,7595921,Yassmine-2007,MA,,
4,-7.5,C++,1790600049806,6768094,7220037,klintonm,MA,168502700111922,
4,-12.3,C++,1790600278477,6768819,7571236,floussi,PL,168205464223781,
3,30.83,C++,1791126234236,6780380,6989005,conioon,PL,,
3,30.57,C++,1790600045742,6768085,4148846,SkyWhait,FR,57735084004077,
3,30.54,C++,1790600325969,6768948,2455124,agiordan,FR,63018206857543,
3,28.65,C++,1790604057039,6769295,4618693,cedricdd,FR,85418008807758,
3,27.23,C++,1790606730441,6769342,6350218,celeria,FR,133470886510046,
3,26.93,C++,1790600170254,6768475,7576351,budemira,TR,,
3,26.71,C++,1790600216513,6768631,4818365,abouramd,MA,135136164061267,
3,26.63,C++,1790600212071,6768616,7166315,Yohohohoho,MG,159139764059014,
3,26.61,C++,1790600083034,6768214,6387088,FREELOADER,FR,148410402549380,
3,26.49,C++,1790599918025,6767732,6579719,Urocu,PL,147895842662960,
3,26.31,C++,1790600116221,6768342,4840981,Enael23-jpauline,FR,81765762446388,
3,26.26,C++,1790600143409,6768417,3205480,tunglt,FR,25556270666475,
3,26.2,C++,1790600101757,6768286,7579524,hgf422,FR,,
3,26.2,C++,1790778806114,6775082,4067707,therealbeef,KR,54066924332220,
3,26.04,C++,1790600095144,6768258,7533674,akasapog,TR,168210304325612,
3,26.03,C++,1790600083648,6768215,4124688,Murat_Eroglu,TR,91676687994670,
3,25.97,C++,1790600110324,6768317,2089692,raxkin,ES,63304428623584,
3,25.89,C++,1790600028508,6768026,5396110,Nimzo,MA,,
3,25.76,C++,1790599907805,6767703,1300254,Escdemon,FR,10836573287384,
3,25.75,C++,1790600169549,6768473,7532767,muakmese,TR,168155222828554,
3,25.73,C++,1790599946617,6767791,4322941,hexagonee,MA,70885567976400,
3,25.65,C++,1790599939372,6767773,4399833,Peterpanda,DE,67327346461731,
3,25.61,C++,1790600315519,6768906,4027771,AndreMarasca,BR,168818661343518,
3,25.56,C++,1790600062969,6768132,6131138,leander314,FR,125232365678871,
3,25.49,C++,1790600110456,6768318,2475706,Shand,RU,,
3,25.45,C++,1790600171110,6768478,3233347,MrSubZero,FR,137686546685179,
3,25.4,C++,1790600413343,6769194,6312569,wanderer00,MA,,
3,25.37,C++,1791139761134,6780762,6465870,POTOP,RU,138252124349369,
3,25.32,C++,1790599920981,6767736,1179950,KAKAROT_MPL,US,159019526484654,
3,25.24,C++,1790600036488,6768050,7174881,Morty_Al,MG,159434424602231,
3,25.04,C++,1790600135710,6768399,6593022,baskinbey,TR,,
3,24.99,C++,1791166564541,6780976,6366705,CHOPK,RU,138180349805992,
3,24.96,C++,1790600415995,6769202,6750318,kurigen,JP,147669524115361,
3,24.85,C++,1790600062657,6768131,6509729,KOHb,AW,140250700686590,
3,24.82,C++,1790600155645,6768447,6326134,AIE4Enjoyer,FR,,
3,24.59,C++,1790600141337,6768413,3337117,timbersson,GB,31946722637374,
3,24.53,C++,1790600179896,6768517,7181605,gromano,TR,,
3,24.39,C++,1790600128156,6768385,7538525,guryelf,TR,168022467736360,
3,23.75,C++,1790600266488,6768791,994034,Jazzcript,TR,2157829775470,
3,23.75,C++,1790600146538,6768425,4833915,Ando_Riccardo,MG,81571608252461,
3,23.57,C++,1790600102097,6768288,6346026,Skoll42,MG,168227521302110,
3,23.26,C++,1790600249643,6768747,820000,ValGrowth,JP,95440985747208,
3,23.16,C++,1791183213567,6781256,4120837,hannahlenk,DE,153490048434760,
3,22.98,C++,1790600103153,6768293,877164,JTHCode,US,152047281179451,
3,22.94,C++,1790600409587,6769183,4269720,ShuP1,FR,111488106052264,
3,22.63,C++,1790600406279,6769172,7595421,Andropulus,PL,,
3,22.39,C++,1790600144338,6768419,3512678,jjjjjjjtgpptmjj,JP,34999965739113,
3,22.33,C++,1790600214440,6768627,3729666,peerdb,NL,93424367328637,
3,22.15,C++,1790600148648,6768429,3647844,rc95401,US,39486169555819,
3,22.15,C++,1790600145881,6768423,3503673,unknown_anonymous,FR,42070925843777,
3,21.71,C++,1790600149412,6768431,2675754,CaptainGreen,RU,56390889579620,
3,21.71,C++,1790600197856,6768563,4488197,mmesum,TR,105777222951015,
3,21.63,C++,1790600116759,6768346,1489865,EricSMSO,FR,10005277870281,
3,21.56,C++,1790600186722,6768544,4497423,kazu107,JP,89624024423837,
3,21.12,C++,1791021712028,6778803,3274956,LeProfesseur,FR,,
3,21.08,C++,1790599900547,6767694,195346,antidotcb,UA,15626094222028,
3,20.82,C++,1791018683584,6778756,1479930,LeRenard,FR,40384564000700,
3,20.82,C++,1790600103688,6768296,5724285,sah4ez,RU,153983205796650,
3,20.79,C++,1790599969683,6767836,6300997,KewanSilvestre,FR,159042842272917,
3,20.74,C++,1790599888889,6767671,3193653,karliso,LV,54368321987353,
3,20.68,C++,1790599909941,6767710,5869546,Xkr_,FR,116480848450689,
3,20.59,C++,1790600151815,6768440,514460,Harv,PL,,
3,20.55,C++,1790600391689,6769126,2242201,Maryan,UA,33999460575859,
3,20.33,C++,1790600170521,6768476,5330060,AfaafaBe,MG,98220168025227,
3,20.28,C++,1790600061384,6768127,5135299,Antsurf,FR,94127108637688,
3,20.27,C++,1790600415113,6769198,169033,Yasseruvski,IE,1729823426851,
3,20.26,C++,1790599907943,6767704,7570901,vectorial1729,US,167976500795437,
3,20.24,C++,1790600142999,6768415,4073854,Buk.,FR,72577584677375,
3,20.23,C++,1790600151943,6768441,7438009,0xM7md,EG,165531964505191,
3,20.16,C++,1790600242650,6768732,3756416,StandaK,CZ,44552408326889,
3,20.02,C++,1790599913887,6767718,2490008,ebicochineal,JP,43936521576530,
3,19.95,C++,1790600266775,6768793,860404,Vitruvius,US,85783605555957,
3,19.85,C++,1790600104486,6768300,5402174,Tictac75,CH,103233347199522,
3,19.82,C++,1790599915628,6767725,1095913,Yamatan,UA,9846838088790,
3,19.69,C++,1790600112960,6768332,1714054,Marau,FR,9368273755264,
3,19.67,C++,1790599970111,6767838,4498460,saraneth,HK,73553068287292,
3,19.55,C++,1790600126694,6768380,6132028,NicknamedTwice,GB,136778820182751,
3,19.52,C++,1790600111946,6768326,1675202,Davyre,FR,105389800474077,
3,19.41,C++,1790600110791,6768320,3470270,Tabaxi3K,US,,
3,19.2,C++,1790600147141,6768427,2955371,Adler3D,RU,82933308964473,
3,18.76,C++,1790600006409,6767954,1498163,Ben-oit,FR,9072028096923,
3,18.74,C++,1790600101487,6768284,7579516,werv332,FR,,
3,18.67,C++,1790600263427,6768777,6028046,AlbinRIVIERE,FR,121454668229782,
3,18.64,C++,1790599879587,6767644,2786666,TetraktysPhi,FR,20818693590142,
3,18.64,C++,1790600115998,6768341,2858430,Zireaeel,FR,109296041402029,
3,18.62,C++,1790600138085,6768407,1477622,zrdon,DE,103919001072006,
3,18.57,C++,1790600015897,6767985,6629256,yae_sine12,MA,,
3,18.52,C++,1790600123794,6768369,2750377,gybson_samara,RU,43664722637895,
3,18.45,C++,1790600074240,6768174,4028762,mebusy,CN,64109428114689,
3,18.43,C++,1790600145438,6768421,4375316,Flash7,FR,85969541119566,
3,18.38,C++,1790599875267,6767635,2278939,Limo,FR,,
3,18.19,C++,1790600234786,6768701,3828264,Flamefire,DE,141607921280929,
3,18.06,C++,1790600149596,6768432,7013880,sebastien_s,FR,155307825346395,
3,17.85,C++,1790600405697,6769170,3375203,justadude314,DE,,
3,17.78,C++,1790600227559,6768675,1620803,Lyapunov,HU,8098302957147,
3,17.7,C++,1790600200421,6768572,1106056,Bzn0r-Karloid,PT,18258788048148,
3,17.52,C++,1790600115271,6768340,3992550,foreign,FR,50980824286436,
3,17.41,C++,1790600354116,6769040,3768412,calebharrison,US,77138061844747,
3,17.36,C++,1790600266214,6768789,5243714,MABAHANI,MA,130847220979243,
3,17.33,C++,1791077961276,6779590,4316649,GoodDevel,MA,115898580548213,
3,17.28,C++,1790600015139,6767979,7569242,kar496,JP,167955268908121,
3,17.2,C++,1790599874850,6767634,7163539,Bula7,GE,,
3,16.89,C++,1790600316508,6768909,3018178,Fallback,US,105462865253366,
3,16.85,C++,1790988509241,6778256,1457693,Totof,FR,5880294008317,
3,16.73,C++,1790600101588,6768285,7579455,dodow21,FR,,
3,16.67,C++,1790600120120,6768352,3136787,jacek,PL,75369242083208,
3,16.61,C++,1790599969924,6767837,7083185,CharlotteMan,FR,,
3,16.59,C++,1790599993143,6767907,508169,Corrosif,FR,8393739910608,
3,16.59,C++,1790599951752,6767800,6041535,alien_3,IN,128355168912965,
3,16.55,C++,1790600180173,6768518,6137562,TevaN,FR,,
3,16.47,C++,1790600120676,6768354,4334077,vondermanzen,GB,160688687575497,
3,16.47,C++,1790600215018,6768628,5232422,0xFA0D,CY,95143969335165,
3,16.45,C++,1790600242862,6768733,2247033,Enchante,RU,83382784962815,
3,16.45,C++,1790600261401,6768771,999186,Bilgetz,FR,18630562230584,
3,16.42,C++,1790600144876,6768420,3422210,jalalium,MA,128334186617619,
3,16.27,C++,1790600233670,6768696,6696069,BrandV,DE,,
3,16.19,C++,1790599962601,6767816,6447669,Masteryon,FR,146855949816605,
3,16.06,C++,1790599988124,6767891,7419523,PokemonN,BD,167984520780371,
3,15.97,C++,1790600309349,6768885,488469,PiotrB,PL,147993420458652,
3,15.83,C++,1790600124400,6768371,7139870,fran-odc,FR,158543924314001,
3,15.81,C++,1790600173504,6768488,3141948,philRG,FR,152204261926963,
3,15.73,C++,1790600294151,6768853,1759839,matleg,FR,27938585309756,
3,15.52,C++,1790600371981,6769077,6772801,Once_More,IN,148334440154499,
3,15.36,C++,1790600171941,6768483,4855587,enilcobrut,FR,92822824379471,
3,15.18,C++,1790600321840,6768934,6207609,SaulesgDomantas,LT,159031147081099,
3,15.1,C++,1790600151615,6768439,5245293,HKEV,MA,,
3,15.1,C++,1790600203722,6768587,4157517,RantanplanR,DE,57958860881119,
3,15.01,C++,1790600351978,6769030,4494200,brokenelevator,PL,162606469216003,
3,14.8,C++,1790600309788,6768887,4864402,mesneu,FR,,
3,14.76,C++,1790599860730,6767610,4322016,iki17,HU,,
3,14.71,C++,1790600028270,6768025,838850,solistice,GB,12945336958517,
3,14.23,C++,1790600112583,6768329,6133769,Elaark,FR,133870268358599,
3,14.11,C++,1790599894522,6767684,1096201,Maksimov,BG,4002802060588,
3,14.03,C++,1790599912859,6767713,6861172,yoyo_305,IL,159311584942615,
3,13.95,C++,1790600175019,6768497,7152054,MarkasSaulute,LT,159031620289412,
3,13.91,C++,1790600296359,6768863,6088014,Pijus_2,LT,,
3,13.78,C++,1791096130481,6780036,1042711,MrCryptton,RO,102276908241501,
3,13.67,C++,1790599913003,6767714,2771439,fixthegame,RU,,
3,13.54,C++,1790600220370,6768648,7162641,SauleJuozas,LT,,
3,13.51,C++,1790600043992,6768075,7573536,Khderd,FR,,
3,13.37,C++,1790600248719,6768746,4057287,peroon,JP,53720063644463,
3,13.36,C++,1790600239716,6768720,878168,Czaporka,PL,10675277194417,
3,13.3,C++,1790600124608,6768372,5381934,fhihi,MA,100224426229050,
3,13.28,C++,1790600219862,6768645,7571404,prunno,FR,,
3,13.25,C++,1790600037061,6768053,4222531,clerven,FR,82641968424156,
3,12.91,C++,1790600129802,6768388,799904,iwashi31,JP,1815876121299,
3,12.89,C++,1790599990599,6767900,4011124,Ariste_j,FR,60680689228202,
3,12.64,C++,1790600086743,6768229,754792,Ramdeath,LT,13430148307311,
3,12.6,C++,1790600125048,6768374,1158697,EnjoyLife,UA,31601165843198,
3,12.44,C++,1790600125516,6768376,6022993,sukonbu_aru,FR,135067448227253,
3,12.26,C++,1790600358107,6769050,6400171,MincePie,FR,,
3,12.23,C++,1790600015503,6767982,2292628,SamSamSam,FR,116500623668044,
3,12.05,C++,1790600174700,6768495,1173726,AlexBaskak,RU,,
3,11.94,C++,1790600074063,6768173,4373697,PioupiouAbc,FR,,
3,11.57,C++,1790600306522,6768876,3488045,SaverHar,BY,34218888977280,
3,11.43,C++,1790599973278,6767850,817357,Ouxor,FR,,
3,11.42,C++,1790599872223,6767630,4508197,Michael_L,GB,87346561402378,
3,11.41,C++,1790600026865,6768018,6480952,vooloohoo,FR,,
3,11.33,C++,1790600128756,6768386,3958580,HITO,FR,49472321333611,
3,11.19,C++,1790600023793,6768013,1183644,Donotalo,BD,2953932628994,
3,10.82,C++,1790600064784,6768139,928567,Konstanta,LT,40817500234931,
3,10.62,C++,1790600127588,6768383,233834,Herumor,FR,3250101348212,
3,10.21,C++,1790600066779,6768147,6092078,Runik,FR,124251782645624,
3,10.18,C++,1790600411498,6769188,524638,miklla,RU,8534620461135,
3,10.04,C++,1790599952963,6767802,508460,Volia,UA,84354181389430,
3,10.01,C++,1790600156233,6768449,7142184,Ne0xr,LT,159171969579192,
3,9.84,C++,1790600219542,6768643,1543333,ishibashijun,JP,15686417858068,
3,9.55,C++,1790600354811,6769043,1480501,DaFish,SE,29432508282053,
3,9.49,C++,1790600074956,6768175,6925911,dinza-cr1,FR,,
3,9.44,C++,1790600225208,6768667,6580618,Deema_u,PL,,
3,9.22,C++,1790600174184,6768492,3820709,stanley1,PL,165508144495602,
3,9.03,C++,1790600208137,6768604,6462623,gaelT,FR,,
3,9.02,C++,1790600264871,6768783,6772530,Helyio_,FR,150281309367900,
3,8.85,C++,1790600075203,6768177,936129,mart36j,FR,,
3,8.76,C++,1790600220116,6768646,7583744,Reikon_9,IN,,
3,8.54,C++,1790600176234,6768502,1378958,Illedan,NO,16222515698472,
3,8.45,C++,1790600219725,6768644,3760956,GeekNbOne,CA,43391341737460,
3,7.95,C++,1790600232985,6768692,5243552,alimouri,MA,97032540908983,
3,7.93,C++,1790600207998,6768603,4701309,Xilinx,BE,77228022108538,
3,7.8,C++,1790599973428,6767851,4698040,[CG]Onora,FR,158423703604827,
3,7.75,C++,1790600318975,6768921,5675601,jkrs_2,GB,,
3,7.74,C++,1790599954855,6767805,5778836,padawan90,FR,125119029378508,
3,7.45,C++,1790600220253,6768647,7573172,BnDER,LT,,
3,7.3,C++,1790600317667,6768914,6579609,Mershim,TR,142072229580583,
3,7.29,C++,1790600388955,6769117,5964020,SuperDron,UA,119292983605176,
3,7.23,C++,1790787878013,6775235,4897832,DrMeyss,RE,168648762142431,
3,7.0,C++,1790600338609,6768976,6333029,Arnvas,LT,168037808514937,
3,6.6,C++,1790600348271,6769013,6753069,Guirafe,FR,147744727026714,
3,6.37,C++,1790599990968,6767902,517890,Altaire,RU,60751364963571,
3,6.29,C++,1790600044640,6768079,6691697,Shruberry,FR,145949801651710,
3,6.2,C++,1790600017470,6767994,6312378,JNS_BugFactory,FR,159083505420270,
3,5.95,C++,1790600313596,6768897,5622565,Ezagof,FR,168070280283720,
3,5.63,C++,1790600252251,6768752,6998724,qturner390,US,,
3,5.12,C++,1790600239409,6768719,3805707,Darkred,KG,44244388683418,
3,4.62,C++,1790600388773,6769116,6507031,flmjm,FR,166432588077113,
3,4.58,C++,1790600186491,6768542,7150043,Eden_gaming,LT,159065526624112,
3,4.28,C++,1790600227159,6768673,5050737,Axel927,FR,124584047887766,
3,4.09,C++,1790600253508,6768754,3024164,muda2bR,FR,159456168841688,
3,4.02,C++,1790600373708,6769079,5602306,VojtechBrezina,CZ,,
3,3.94,C++,1790599922267,6767739,3881345,PavelFromPerm,RU,,
3,2.55,C++,1790600395419,6769135,6109863,EREN7777,MA,124508829553598,
3,0.45,C++,1790600169924,6768474,6675266,hichemjadlaoui,TN,145361603180131,
3,0.44,C++,1790600116965,6768347,297557,rwilson,US,,
3,-9.08,C++,1790606984478,6769346,4040346,Loiik,FR,55400327605098,
3,-12.17,C++,1790600359908,6769056,7596327,totallyrad1,MA,,
2,24.84,C++,1790599979454,6767870,6614169,Basenik,RU,143035642398794,
2,23.96,C++,1790599978650,6767864,1511183,Pseudope,FR,5511703625268,
2,23.91,C++,1790599979893,6767873,7286709,seruff,FR,162079328789709,
2,23.47,C++,1790600345603,6769003,4872856,Pirandi,DE,83100603818271,
2,23.24,C++,1790600060690,6768125,1881651,DoubtinGiyov,RU,18050664099663,
2,23.0,C++,1790600013821,6767969,1032346,Dorian_Wilde,FR,,
2,22.21,C++,1790600071064,6768162,2352894,Satorig,CH,28839426434361,
2,22.07,C++,1790600038673,6768058,3750043,AmbratorX2001,AE,,
2,21.89,C++,1790599927809,6767761,4038855,Pedrito_B,FR,54353867498283,
2,21.87,C++,1790600092380,6768242,7579026,Tauras_Z,LT,,
2,21.64,C++,1790600391402,6769124,7493681,vinkaukum,IN,,
2,21.31,C++,1790600042885,6768068,4763549,BlaiseEbuth,FR,107059760127848,
2,20.95,C++,1790599970790,6767841,6022093,Pedro1994,FR,121267800390213,
2,20.92,C++,1790599998356,6767920,3996809,VizGhar,SK,82217880354500,
2,20.89,C++,1790599868221,6767622,3523247,alexcercos,ES,36269364412881,
2,20.61,C++,1790866056609,6776558,6620190,sinisterzz_,KE,148657787431563,
2,20.34,C++,1790599899963,6767692,7331523,mage9,JP,167930562894944,
2,20.29,C++,1791146603479,6780800,1583206,simspok,GB,6459131547182,
2,19.91,C++,1790599859805,6767606,3882996,Gr0zamir,RU,121366664573166,
2,19.9,C++,1790600007477,6767956,6481028,sabine03,TG,,
2,18.67,C++,1790600342486,6768994,7024464,Emilis67,LT,161733401450804,
2,18.66,C++,1790600015792,6767984,6668849,Draikuska,LT,,
2,18.47,C++,1790599968711,6767831,6079887,cg_er,JP,125322687023329,
2,18.18,C++,1790600078553,6768191,7574101,Maus_909,BE,168065584870555,
2,18.02,C++,1790599983272,6767879,4037601,Jelafo,DE,,
2,17.99,C++,1790600337457,6768971,4935490,Totema,BE,130749141127382,
2,17.84,C++,1790600043403,6768071,1694898,tcchiang,TW,11068041629305,
2,17.81,C++,1790599885552,6767658,846316,Tzupy,RO,23803804415458,
2,17.81,C++,1790600004909,6767946,1999595,r0levrai,FR,,
2,17.65,C++,1790599941420,6767776,7192423,lapinism,KR,,
2,17.32,C++,1790600193350,6768555,942208,Dex08,FR,4687041288318,
2,17.22,C++,1790600220712,6768650,3735144,Autre,FR,57452387669383,
2,16.92,C++,1790600005848,6767951,7481077,Topstrategy02,BE,166174580259699,
2,16.8,C++,1790600342590,6768995,6325054,Mykolasd,LT,,
2,16.62,C++,1790600057360,6768114,7289466,mugenan,TR,168117462290229,
2,16.61,C++,1790600406106,6769171,155774,dwarfie,FR,17785582865119,
2,16.49,C++,1790600014036,6767971,7521906,xd_mdr,BE,,
2,16.46,C++,1790600039446,6768061,2852355,Redsray,FR,21483341568600,
2,16.46,C++,1790600012095,6767965,227869,CarniBlood,GB,3607767674561,
2,16.43,C++,1790600027508,6768022,6302839,Tingus,LT,,
2,16.32,C++,1790599943491,6767779,4206218,Jerrasterix,IN,70583149006985,
2,16.0,C++,1790600065356,6768141,7138597,GrantasPro,LT,158762500498114,
2,15.99,C++,1790600412018,6769190,6683046,Ann_anya,BY,145591702992033,
2,15.8,C++,1790600093094,6768246,7375930,Z--Ricky,US,164117802801755,
2,15.76,C++,1790600350830,6769025,7595436,TheGodfather,LT,168550147331032,
2,15.25,C++,1790600076031,6768182,7576214,Nauris_R,LT,,
2,14.95,C++,1790600235241,6768703,4029311,BTBlueTiger,DE,116610824022352,
2,14.95,C++,1790600245500,6768739,6035250,Guugugaga,MG,168402729832616,
2,14.93,C++,1790599995033,6767910,2829386,Shaq76,GB,52749040542647,
2,14.78,C++,1790600393304,6769131,7599800,lejukas,LT,,
2,14.6,C++,1790600061254,6768126,7162615,BenBinBan,LT,,
2,14.52,C++,1790600258960,6768766,6644771,TimesCantCode,GB,143950342847168,
2,14.51,C++,1790600039633,6768062,1505293,krejman,PL,,
2,14.51,C++,1790600343479,6768997,6838076,Maksimas,LT,,
2,14.41,C++,1790600268813,6768801,6838079,GabijaB,LT,,
2,14.39,C++,1790599997635,6767917,4275200,Laars,NL,126346921239013,
2,13.96,C++,1790600340137,6768984,209372,quinqua59,FR,105439047153055,
2,12.41,C++,1790600034309,6768041,2511225,Alykas,CA,,
2,12.27,C++,1790600293409,6768848,5771165,MigKuc,LT,,
2,11.93,C++,1790600293843,6768851,2554409,KiddyProd,FR,62232706755158,
2,11.39,C++,1790600338504,6768975,825111,visaga,FR,,
2,11.26,C++,1790599888629,6767669,1799388,Wolfpacker,HR,12255628971020,
2,10.94,C++,1790600321647,6768933,7564601,Hrodelg,RU,,
2,10.86,C++,1790600238453,6768715,7282310,Edu13,LT,,
2,10.76,C++,1790600413697,6769195,2101061,darka,HU,43980909118057,
2,10.73,C++,1790600097134,6768267,6641296,Danny_Bro,IN,159833642682520,
2,10.68,C++,1790600079556,6768197,7576970,Shaurya001,IN,,
2,10.62,C++,1790600092689,6768245,6292630,bug101010,FR,130080062483424,
2,10.61,C++,1790600291686,6768841,5843958,MingaileBajar,LT,,
2,10.6,C++,1790600334150,6768960,6032399,JTonas,LT,,
2,10.59,C++,1790599998975,6767922,1238934,accorp,BG,3266599024388,
2,10.59,C++,1790599915122,6767723,7570828,MsMagpie,FR,,
2,10.58,C++,1790600178555,6768511,6046717,Naja6,MG,160921646505030,
2,10.58,C++,1790600059243,6768119,4287222,Gaksoo,KR,62429948336053,
2,10.55,C++,1790599945256,6767788,4146143,Zabym,FR,,
2,10.54,C++,1790599953797,6767803,1778467,algosaurus,PL,105963566334048,
2,10.54,C++,1790600398457,6769150,2784558,InFamous,RU,135119085916993,
2,10.53,C++,1790600069069,6768156,7550399,chanduuuuuuu,IN,,
2,10.5,C++,1790600088539,6768234,4321086,hanage,JP,168165163941929,
2,10.49,C++,1790600004699,6767945,4207025,Ik_____.,BE,,
2,8.96,C++,1790600218420,6768636,5424360,FrostAlex,ES,101927460958731,
2,3.37,C++,1790599979051,6767867,300142,oyefremov,PL,70294627712956,
2,0.06,C++,1790600293211,6768847,6838081,Celiulitronas,LT,161677088251229,
2,-3.61,C++,1790600103574,6768295,7578834,viktorasze,LT,,
1,3.5,C++,1790599978281,6767861,6372502,Ukeii,FR,163594280219376,
1,3.28,C++,1790599978172,6767860,4421805,Rubixbob,FR,67431524100176,
1,3.24,C++,1790600076700,6768185,3948476,Ninhache,FR,107611900439537,
1,3.22,C++,1790600001486,6767930,7180170,jaceusz,PL,,
1,3.08,C++,1790600023034,6768007,3395690,Pandafas,PL,30590188782482,
1,3.04,C++,1790600022115,6768001,4916411,eestela,FR,,
1,2.99,C++,1790599865950,6767617,7018813,Ertugrul14,TR,,
1,2.94,C++,1790599999193,6767924,1830625,-Rutger-,NL,,
1,2.93,C++,1790599924235,6767744,4132355,ThomPuce,FR,57144068318310,
1,2.92,C++,1790600005128,6767947,1244092,Elis_Anzor,SV,13768864314749,
1,2.92,C++,1790600068891,6768155,7576558,i001.0i,US,168131581281893,
1,2.91,C++,1790599942164,6767777,2622937,Zab,FR,104433741610925,
1,2.85,C++,1790600055259,6768108,7576053,mnthzn,IN,,
1,2.78,C++,1790600012393,6767966,5217366,d1amondzz,RU,,
1,2.77,C++,1790600100799,6768278,7504086,BenKleger,CA,,
1,2.67,C++,1790600093996,6768251,1243354,tabasavr,SG,59202364608114,
1,2.65,C++,1790599888761,6767670,3001464,Bezalel_Shepherd,DE,,
1,2.64,C++,1790600192366,6768553,6420983,itaskira,TR,136130285222321,
1,2.6,C++,1790600264997,6768784,3589736,Destination,LT,53699003034509,
1,2.48,C++,1790600177597,6768508,1685743,MechJeb,IL,35368042424258,
1,2.36,C++,1790600099032,6768274,7146623,molotov2,PL,,
1,2.36,C++,1790600098390,6768271,7173441,Vinothana,IN,,
1,2.32,C++,1790600401652,6769160,3816933,hoppii,JP,,
1,2.29,C++,1790600082445,6768209,7577001,hackayush,IN,,
1,2.27,C++,1790600027624,6768023,6838080,AugustasBar,LT,,
1,2.23,C++,1790600203591,6768586,7582007,Anonymous_2005,IN,168292862100120,
1,2.23,C++,1790703956144,6771662,7605621,Gorgonzalo,ES,,
1,2.2,C++,1790600257717,6768762,7152050,PijusMileikis,LT,,
1,2.08,C++,1790600232091,6768688,2666406,cpt761,DE,19395158756604,
1,2.02,C++,1790600360031,6769057,4880027,yurina256,JP,168592167790315,
1,1.93,C++,1790600375567,6769082,7598467,Miguel_Dudek,BR,168622302124106,
1,1.92,C++,1790926932093,6777431,7622840,jolev25,BG,,
1,1.51,C++,1790600082567,6768210,6728370,Klaivert,FR,168265703679708,
0,6.53,C++,1790600292139,6768843,7590783,GilgilGilherikigilegote,IN,168450929293443,
0,-0.52,C++,1790599975590,6767855,1650150,cupcake_o_O_,SE,7809727401053,
0,-1.09,C++,1790600055766,6768109,7576215,Agent_Faseeh,PK,,
0,-1.9,C++,1790600209356,6768610,6516030,Thatarjuna,BD,168324543473288,
0,-1.91,C++,1790600408163,6769178,4920805,antonbf,US,,
0,-1.99,C++,1790600053490,6768102,7576028,Hishaam_000,BD,,
0,-2.28,C++,1790600031580,6768030,5013768,Player000,BA,88004921686047,
0,-2.33,C++,1790600032408,6768032,7574134,Neanuphar,FR,168069404861355,
0,-2.35,C++,1790600352445,6769032,7595916,yoyoyocoder,US,168565608841966,
0,-2.39,C++,1790600407997,6769177,6056978,QuentinB_,BE,122841327180543,
0,-2.64,C++,1790600311727,6768893,7458436,Kozyyy,NL,,
0,-2.67,C++,1790600043009,6768069,7514621,rudra3697,IN,,
0,-2.7,C++,1790600230626,6768682,6673192,Bliblo,FR,,
0,-2.81,C++,1790600314803,6768903,7591278,somyapolai,IN,,
0,-2.92,C++,1790600415834,6769201,7143773,aarushhhhhh,IN,,
0,-3.2,C++,1790600242473,6768731,7583951,lollzzsa,IN,,
0,-3.25,C++,1790599923219,6767741,6806665,tyokousagi,JP,,
0,-3.4,C++,1790600018832,6767996,7163954,Dov193,LT,,
