league.divisionIndex,score,programmingLanguage,creationTime,agentId,codingamer.userId,pseudo,codingamer.countryId,codingamer.avatar,#multi|count=22|time=2026-10-03T09:28:55
4,20.53,Go,1790600345826,6769004,469626,mrsombre,BG,161451360826472,
4,19.72,Go,1790600390775,6769122,1239545,jke,US,44065308741562,
4,19.05,Go,1790705854273,6771690,2792530,Xanrum,RU,20842908721872,
3,27.06,Go,1790600220519,6768649,1555182,AlexAnselmo,US,6161938953304,
3,26.2,Go,1790600149743,6768433,1711397,DiogoGiassi,BR,9479385050848,
3,20.56,Go,1790600219333,6768642,1464115,GaborZeller,GB,78332867617775,
3,17.47,Go,1790600172513,6768487,1834129,WolverinesSuperbia,UA,52715622633189,
3,15.1,Go,1790600396753,6769141,3597780,EParisot,FR,44526644211323,
3,14.96,Go,1790599890090,6767672,2420671,Irioth,RU,16682609387213,
3,14.58,Go,1790600075764,6768180,4854267,jjane-ta,ES,82309688431525,
3,9.6,Go,1790600350445,6769022,4443387,Rob-G,GB,126701063809261,
3,9.52,Go,1790600155520,6768446,3826631,aszigeth,HU,64399520216147,
2,24.79,Go,1790599969148,6767834,964183,Dasgard,FR,113665346639797,
2,21.11,Go,1790599974811,6767853,6688306,anon24601,DE,,
2,19.72,Go,1790600097256,6768268,1188927,Hurlu,FR,4987510308723,
2,16.46,Go,1790599978521,6767863,6125512,gstason,PT,125188449663438,
2,14.28,Go,1790600296245,6768862,6169821,lil_mike,US,,
2,9.13,Go,1790600003499,6767940,4048724,alkurbatov,RU,53303004650542,
1,2.32,Go,1790600075919,6768181,4764730,hima2,JP,79393328346120,
1,1.94,Go,1790600201900,6768576,1618991,TheQuestion,SK,17253523100952,
0,-1.21,Go,1790600055062,6768107,7574005,lolgan,GB,,
0,-2.83,Go,1790600002655,6767936,2483209,vix7php,RU,17374712817712,
