league.divisionIndex,score,programmingLanguage,creationTime,agentId,codingamer.userId,pseudo,codingamer.countryId,codingamer.avatar,#multi|count=18|time=2026-10-09T10:58:18
3,18.53,Kotlin,1790600233171,6768693,3190039,Highruler,NO,52100181952044,
3,13.08,Kotlin,1791050432616,6779239,6434615,barciuw,PL,,
3,8.46,Kotlin,1790600199584,6768567,3046779,Kathrin,DE,23869551387688,
3,8.34,Kotlin,1790600027010,6768019,1518504,bohuss,SK,5792284370171,
3,7.47,Kotlin,1790599895951,6767688,2003111,Krikolo,FR,20420698911922,
3,5.62,Kotlin,1790600320740,6768928,4564296,MirabileFuturum,DE,114994920383123,
3,5.19,Kotlin,1790600320889,6768929,6134175,MotiveForce,EG,125370849720644,
2,24.19,Kotlin,1790599907517,6767701,1151202,Lexin,RU,159552100253272,
2,17.16,Kotlin,1790600100151,6768277,3742297,boddissattva,FR,60243021131561,
2,17.07,Kotlin,1790600079041,6768194,3335921,vcoubray,FR,28402108918604,
2,14.64,Kotlin,1790599944171,6767783,301684,MaX,UA,9250990816261,
2,14.56,Kotlin,1790600003003,6767937,2837454,Inc_,DE,22024624258996,
2,10.63,Kotlin,1790600188757,6768550,3559055,pascalp,CZ,,
2,10.53,Kotlin,1790600008478,6767959,4047611,bavian,RU,53143905222536,
2,6.96,Kotlin,1790600078269,6768189,3279180,C4S1,FR,43721302890305,
1,12.88,Kotlin,1790600209466,6768611,5921903,daler.h,CA,119108180385412,
1,3.07,Kotlin,1790600093381,6768247,5232249,firelion,RU,147705909295993,
1,2.01,Kotlin,1790600212520,6768618,1969848,Ivarss,LV,,
