league.divisionIndex,score,programmingLanguage,creationTime,agentId,codingamer.userId,pseudo,codingamer.countryId,codingamer.avatar,#multi|count=487|time=2026-10-05T10:55:40
5,36.97,Python3,1790599887955,6767667,939375,Indrill,FR,44356465145349,
5,24.85,Python3,1790599938984,6767772,3686887,R1FA,FR,43807526086874,
5,21.83,Python3,1790600319948,6768926,3801587,FlyingChoucroute,FR,43903983855307,
4,19.72,Python3,1790600346262,6769006,5275011,zekovdev,DE,160850369237487,
4,17.57,Python3,1790600315774,6768907,174959,panstanislav,UA,11351377026568,
4,16.29,Python3,1790599932068,6767767,3184049,ghhttt,FR,,
4,16.25,Python3,1790600269425,6768805,984940,asrajawat,IN,,
4,16.12,Python3,1790600349943,6769019,5065917,Benalieur,FR,,
4,16.03,Python3,1790600131761,6768393,4314488,JetLotus_,FR,63244466562151,
4,15.97,Python3,1790599878547,6767641,4058416,ZacDonald,FR,87673540707303,
4,15.97,Python3,1790600312385,6768896,6172043,PetyFloyd,SK,126527665690517,
4,15.85,Python3,1790600318200,6768918,7227180,redel,MA,168467322041208,
4,15.75,Python3,1790600233531,6768695,6197212,Denis.B,FR,131930662723168,
4,15.73,Python3,1790600165252,6768464,1664582,NapoSky_,FR,96908781186315,
4,15.65,Python3,1790600370698,6769075,7279208,porte_qui_grinc,FR,161496961189967,
4,14.9,Python3,1791179344585,6781229,7105529,automatica_,CA,158276189796352,
4,14.84,Python3,1790600337883,6768973,828213,anst,FR,1734651202684,
4,14.15,Python3,1790600270131,6768806,3646346,Pingwi85,FR,39451600730667,
4,13.89,Python3,1790600402433,6769163,7571718,chiveeli,SK,168002105788806,
4,13.51,Python3,1790600404945,6769168,6817945,Martinbartkoo,SK,168781940646969,
4,13.49,Python3,1790600271179,6768809,6412527,Quentinv57,FR,,
4,13.25,Python3,1790600183367,6768531,5992298,Alejandro97JS,ES,120405420417603,
4,13.21,Python3,1790600184424,6768534,2658531,muratak,TR,159136868853147,
4,12.92,Python3,1790600399872,6769158,7602067,xtxjxs,SK,,
4,12.68,Python3,1790600331020,6768958,4646554,agent_0,CA,155236420735034,
4,12.36,Python3,1790600236368,6768707,3902927,Bulgot,PL,51651703085440,
4,12.34,Python3,1790600403082,6769165,3536382,FranckR34,FR,119163184608281,
4,11.28,Python3,1790600372564,6769078,6294386,kinema,DZ,164551506414313,
4,10.22,Python3,1790600391509,6769125,7571390,noe_nttrs,FR,168220747876964,
3,29.16,Python3,1790600294702,6768854,7571182,sdhvahvasdhjvasdjasdvkl,CH,,
3,27.89,Python3,1790600343872,6768999,155601,mattox,FR,4465392668596,
3,27.6,Python3,1790600340965,6768989,1870400,DarksMaster001,BE,12397302603391,
3,27.52,Python3,1790600341982,6768992,2411137,SoSooding,IN,,
3,27.16,Python3,1790600126039,6768379,7280023,ne39,FR,,
3,26.63,Python3,1790600135962,6768400,1577329,Aiwa,US,73918843915973,
3,26.54,Python3,1790600314965,6768904,7590940,Tamca,SK,,
3,26.15,Python3,1790600345054,6769001,7595386,Toto44690,FR,,
3,26.0,Python3,1790599962181,6767815,5519262,acex777,FR,,
3,25.86,Python3,1790600171303,6768479,3054931,cmplx-xyttmt,UG,,
3,25.66,Python3,1790600156898,6768453,4393608,galloj,CZ,,
3,25.45,Python3,1790600104835,6768302,1077367,Baal,FR,,
3,25.4,Python3,1790600109502,6768315,2326946,LePiire,GB,,
3,25.38,Python3,1790600045533,6768084,4887613,Sardonix,FR,83457600330561,
3,25.35,Python3,1790599947265,6767793,1038882,ICTylor,ES,5675054368659,
3,25.2,Python3,1790600228640,6768678,4337092,Timinator,US,87736728529732,
3,25.06,Python3,1790600170758,6768477,4237752,BelleBiquette,FR,95507262227969,
3,24.81,Python3,1790600136998,6768403,7525855,enilhan,TR,168337544007780,
3,24.51,Python3,1790600307221,6768880,1703255,Titanmito,FR,105865128603317,
3,24.46,Python3,1790599932407,6767768,4989694,Carlos4825,FR,87081001891023,
3,23.7,Python3,1790599867704,6767621,2290633,field3,JP,161707309619309,
3,23.41,Python3,1790599894197,6767683,7275880,irrraheri,MG,161650288844006,
3,23.39,Python3,1790600112389,6768328,2398608,M_C,FR,,
3,23.33,Python3,1790600124735,6768373,3794725,Qoo,US,44046462933544,
3,23.21,Python3,1790600201999,6768577,3487822,Imperator555,HU,,
3,22.96,Python3,1790599925180,6767748,4054187,gman.76,GB,53564383991746,
3,22.83,Python3,1790600125730,6768377,7367588,CogitatorPrime,US,163881084771958,
3,22.71,Python3,1790600295773,6768859,7590942,lazzax,IT,,
3,22.64,Python3,1790600295919,6768860,1000479,Beni,FR,113912825050415,
3,22.52,Python3,1790600152156,6768442,5992322,Doogie42,FR,,
3,22.47,Python3,1790600136818,6768402,1549856,Keylan,US,7544816458112,
3,22.27,Python3,1790599879162,6767643,2674460,Malte42,DE,19389646868040,
3,22.23,Python3,1790600211598,6768615,1541159,wilsonr990,CO,5976592071385,
3,22.08,Python3,1790600116357,6768343,7577323,ahmad88,TR,168155667310183,
3,21.9,Python3,1790600110649,6768319,7576439,lunch234,PL,,
3,21.64,Python3,1790599900792,6767695,311035,leojean890,FR,42398427701382,
3,21.38,Python3,1790600016792,6767990,992691,tredden,US,1920053008535,
3,21.37,Python3,1790599957266,6767812,1454098,DopamineAddict,IN,13822055991149,
3,21.32,Python3,1790600322163,6768935,6439558,Kortola,FR,159170587886148,
3,21.24,Python3,1790600117108,6768348,6136532,hagar,BE,125451187331347,
3,21.03,Python3,1790600111516,6768324,4438822,ludodul,FR,68181920388772,
3,21.01,Python3,1790600124121,6768370,5637463,Jason.Grogan,AU,141168804462432,
3,20.81,Python3,1790599875815,6767637,1802967,Meruem,FR,31992166318610,
3,20.77,Python3,1790600354642,6769042,7318497,mermalat,TR,168568022145802,
3,20.69,Python3,1790600269097,6768803,1939276,Gautitho,FR,115012808625340,
3,20.1,Python3,1790600200051,6768570,307013,Elbarto,FR,5518553544439,
3,20.04,Python3,1790600230397,6768681,7285586,louis_murie,FR,161679366972533,
3,19.92,Python3,1790600339359,6768979,6309312,Fraxure,PL,130900343710184,
3,19.79,Python3,1790600262818,6768774,5944322,Picsou_01,FR,158738766480276,
3,19.58,Python3,1790664398109,6770697,792813,VilBoub,FR,72010225615995,
3,19.56,Python3,1790600327685,6768951,3404393,FiraS_Sama,FR,30977668369463,
3,19.1,Python3,1790600217881,6768635,6967231,tojo_rms,MG,155786923731913,
3,18.71,Python3,1790600116621,6768345,4493066,Polynomu,FR,70180141804893,
3,18.38,Python3,1790600137707,6768406,5193480,Seckmeth,FR,106974980143297,
3,18.2,Python3,1790600344572,6769000,1324974,ViktorCs,HU,4515823207881,
3,18.18,Python3,1790600043804,6768074,7525816,abdkaya,TR,168647881099003,
3,18.18,Python3,1790600095664,6768261,7579281,HaRiBo_o,FR,168215181026253,
3,18.12,Python3,1790600410037,6769184,5807097,PoloMcFly,FR,114997704606486,
3,18.08,Python3,1790600111127,6768322,842997,akailany,TR,159031360331662,
3,18.0,Python3,1790600152706,6768444,1419062,BigMikeP,US,159582002970456,
3,17.8,Python3,1790600201597,6768575,3503664,egos,FR,53501300211511,
3,17.73,Python3,1790600144169,6768418,1066745,DepartmentOfRedundancy,FR,107574148016271,
3,17.64,Python3,1790600114060,6768334,7576216,Suryakanta,IN,168150889783390,
3,17.51,Python3,1790600114311,6768336,153489,Auncly,FR,65292485913364,
3,17.48,Python3,1790600151405,6768438,2793659,Casey_2,US,115445807607582,
3,17.44,Python3,1790600261747,6768772,6126662,Pepchik,BY,159366501131500,
3,17.22,Python3,1790600231443,6768685,4913824,gizmrkv,JP,151326440349507,
3,17.19,Python3,1790600213641,6768624,1112741,vale075,FR,54815208634495,
3,17.11,Python3,1790600340686,6768987,5396156,ntu213,FR,129307143563318,
3,17.05,Python3,1790600176505,6768504,4363997,BlanchR2,US,73497801511381,
3,16.4,Python3,1790600083947,6768216,3341766,AlesRamsa,CZ,104686087758551,
3,16.35,Python3,1790600120515,6768353,4652669,JambonBleh,FR,,
3,16.31,Python3,1790600243131,6768734,4463142,alejoair,CO,68860366939106,
3,16.3,Python3,1790600156344,6768450,7579030,Ricardo_Borges,BR,168202267674469,
3,16.26,Python3,1790600143178,6768416,2664852,Nikoumouk,FR,,
3,16.13,Python3,1790600228292,6768677,6445994,Hamzaizhappy786,PK,136949385618602,
3,16.06,Python3,1790600385148,6769108,3354558,mw197,DE,97624628352529,
3,16.0,Python3,1790600082919,6768213,7577017,NioNova,DK,168147307457434,
3,15.42,Python3,1790600210440,6768613,6866810,Maram_Pradeep,IN,,
3,15.2,Python3,1790600192779,6768554,4399761,Knowa,FR,,
3,15.09,Python3,1790600121831,6768359,5503099,Lifalex,FR,105771328802207,
3,15.04,Python3,1790600195428,6768558,4275070,Timdot77,FR,121668086981464,
3,14.98,Python3,1790600257874,6768763,5987210,Kira_5,FR,130298500922677,
3,14.84,Python3,1790600015012,6767978,4057835,John.Pop,LU,,
3,14.79,Python3,1790600241290,6768726,6579753,nonofare,PL,158556007669958,
3,14.67,Python3,1790600319568,6768924,1608869,Noctem,US,7042958964247,
3,14.61,Python3,1790600318780,6768920,1044684,Silbery,FR,4424132554068,
3,14.43,Python3,1790600218524,6768637,7578210,Ajitaaaa,IN,168177040507063,
3,14.25,Python3,1790600237485,6768709,513456,nwin,JP,,
3,14.18,Python3,1790599880083,6767647,5370354,ahkalama,TR,159129468430490,
3,14.14,Python3,1790600044321,6768077,1329003,Kromdak,FR,64104948390178,
3,14.07,Python3,1790600037347,6768054,2102562,lyan,FR,13617831724383,
3,14.07,Python3,1790600122818,6768364,4595389,Yatagan,FR,73836429585208,
3,13.98,Python3,1790600085151,6768222,3953185,FoxyLady,FR,49402924038063,
3,13.97,Python3,1790600317778,6768915,952450,Chinchifou,FR,1808389572680,
3,13.92,Python3,1790600121425,6768357,3589590,Edjy,FR,43965748895173,
3,13.84,Python3,1790600016501,6767988,4060764,kazukun1311,JP,54243584138080,
3,13.81,Python3,1790600246169,6768741,7587998,ThibautL,FR,,
3,13.74,Python3,1790600024155,6768015,7573724,Nyyxx,FR,168060247261655,
3,13.64,Python3,1790600374951,6769081,7497597,Naglfae,JP,167833168239624,
3,13.64,Python3,1790600389768,6769120,7069310,rc_D_Idaho,BE,162643488835799,
3,13.54,Python3,1790630958527,6769701,3657937,elderlybeginner,PL,39723186977905,
3,13.52,Python3,1790600222380,6768659,1485699,TabulaRasa,PL,4993681770529,
3,13.29,Python3,1790600151135,6768436,3903473,Konstant,PL,47882887732604,
3,13.24,Python3,1790599892644,6767680,3867369,sippingtears,CA,,
3,13.18,Python3,1790600130509,6768389,3501027,SteelSky,FR,34908704314995,
3,13.11,Python3,1790600015266,6767980,5906351,Fratblika224,CN,147652966551613,
3,13.06,Python3,1790600117417,6768350,1713174,BigUP,FR,9962854189979,
3,13.01,Python3,1790600122382,6768362,7284136,forestfire,US,,
3,12.82,Python3,1790600125883,6768378,1378120,cedBxParis,FR,125547561068864,
3,12.67,Python3,1790600404709,6769167,1040176,FauxSmart,EE,,
3,12.66,Python3,1790599908152,6767705,5162753,TsubasaHizono,JP,111230484381004,
3,12.51,Python3,1790600088411,6768233,4056573,Harin_Khakhi,US,53658026979773,
3,12.48,Python3,1790600094171,6768252,7571424,AdamMory,FR,,
3,12.29,Python3,1790600016194,6767986,4001763,StupidMonkey,FR,58599688287669,
3,12.22,Python3,1790600195662,6768559,7581787,YangMaster,IN,,
3,12.16,Python3,1790600044786,6768080,3573554,Furetani,CZ,,
3,12.06,Python3,1790600307438,6768881,4074476,stybla,CZ,125533386906934,
3,12.01,Python3,1790600044945,6768081,4507433,Null-None,CN,83845529756991,
3,11.97,Python3,1790600410703,6769187,7560648,LeNoisette,FR,168665527490030,
3,11.92,Python3,1790600051568,6768097,6599489,cjr125,US,,
3,11.89,Python3,1790600091717,6768239,1740237,OlegKornelsen,DE,10266719666046,
3,11.87,Python3,1790600172277,6768485,6717829,Lv0Sys,PL,147247405181579,
3,11.87,Python3,1790607202084,6769348,5110438,Gurgur,FR,91189363293250,
3,11.81,Python3,1790600204940,6768592,1704896,Starfer,RU,20433701018577,
3,11.69,Python3,1790600015368,6767981,7571856,acakici,TR,,
3,11.65,Python3,1790627461690,6769639,5410647,Piway,FR,116040961429267,
3,11.63,Python3,1790600064193,6768137,7576226,ghostygurl,IN,,
3,11.59,Python3,1790600227770,6768676,6178559,augaud1,FR,,
3,11.56,Python3,1790600246510,6768742,3455804,D0SD3,FR,130138341178142,
3,11.49,Python3,1790935136432,6777552,3317583,Mjo,FR,,
3,11.24,Python3,1790600340459,6768986,7593869,SimFer,FR,168515067921518,
3,11.2,Python3,1790600218729,6768638,4764927,bytesnipper,MA,162145668583736,
3,11.17,Python3,1790600127792,6768384,899805,Raizel_,US,119528960848968,
3,11.07,Python3,1790600317320,6768912,6758218,Romain-Alexandre,FR,147964028321698,
3,10.8,Python3,1790600126932,6768381,2719604,vpoulailleau,FR,43338781560535,
3,10.68,Python3,1790600174905,6768496,1408016,cacaprout1,FR,,
3,10.66,Python3,1790600104211,6768298,4276546,bojgus,SE,62613067982457,
3,10.63,Python3,1790600045271,6768083,5895675,Heir-of-God,UA,124999266138736,
3,10.57,Python3,1790600240398,6768723,2489835,Akarachudra,GB,82255944714512,
3,10.49,Python3,1790600293622,6768850,7573236,DanielFVS,DK,,
3,10.39,Python3,1790773347977,6774975,904209,Myrtille44,FR,3615545652024,
3,10.35,Python3,1790600238151,6768713,7177839,CriusMaximus,FR,160968428537758,
3,10.18,Python3,1790600036757,6768051,7548327,HANNNST,NO,168063200077756,
3,10.14,Python3,1790600044168,6768076,5756723,LaKantine,FR,166504980529696,
3,10.05,Python3,1790600401848,6769161,7526525,Oldremy,US,167644464006531,
3,10.05,Python3,1790600216865,6768632,1505665,NicolasGrosjean,FR,19417507523832,
3,10.01,Python3,1790600176104,6768501,2636264,mattdeal,US,,
3,9.97,Python3,1791109295963,6780162,7213486,Sflubaduba,AU,161711443822371,
3,9.97,Python3,1790600263715,6768778,6126855,trisec,JP,,
3,9.97,Python3,1790600320607,6768927,5485744,jrl86,FR,,
3,9.83,Python3,1790600084514,6768219,7574166,hollandea,FR,,
3,9.74,Python3,1790600075437,6768178,7576467,sneh19002,IN,168126448370389,
3,9.66,Python3,1790600221702,6768656,1898584,Natorade,US,11638627198824,
3,9.62,Python3,1790600316210,6768908,6614404,AKaravaev,AU,,
3,9.46,Python3,1790600027148,6768020,2853783,AdrDer,FR,21674723337728,
3,9.45,Python3,1790600174364,6768493,2544989,lulugo19,DE,17989066428318,
3,9.39,Python3,1790600155293,6768445,7546769,CedricPackard,FR,167507225766437,
3,9.37,Python3,1790600066426,6768145,1792467,Kiriju,FR,124549606049677,
3,9.15,Python3,1790599915986,6767726,417847,buz76190,FR,4307553579683,
3,9.11,Python3,1790600014872,6767977,1487502,natehaze,US,5244448023351,
3,9.1,Python3,1790600036911,6768052,4754096,yfoucade,FR,,
3,9.0,Python3,1790600271546,6768810,4622329,nicolasfeid,DE,88652208305397,
3,8.96,Python3,1790600241402,6768727,2506629,Khurzs,FR,17614397673397,
3,8.88,Python3,1790600157113,6768454,6427152,Sylh,FR,136375482155289,
3,8.88,Python3,1790599983681,6767882,6334609,WeiCao,US,140320449607217,
3,8.76,Python3,1790600271976,6768811,2074414,Lecerf,FR,16583388096318,
3,8.33,Python3,1790599970448,6767839,5844758,Karst_FR,FR,116833825595237,
3,8.15,Python3,1790600227324,6768674,1105574,ahtzaom,FR,119656409944901,
3,8.01,Python3,1790600129070,6768387,7296996,nathacode,FR,162021348031379,
3,7.94,Python3,1790600267042,6768795,3415149,Nachtauge,DE,31415380547671,
3,7.87,Python3,1790600346105,6769005,962455,Rhine,FR,5670757379797,
3,7.72,Python3,1790599990788,6767901,3584466,fridayguo,HK,,
3,7.67,Python3,1790606590094,6769338,4270882,[ron],GB,,
3,7.67,Python3,1790600367290,6769068,5389960,NE0dymium,BD,100454548705544,
3,7.67,Python3,1790600324246,6768941,7148221,moustaj,MA,161889284979596,
3,7.62,Python3,1790600095526,6768260,7579189,Yateesh_Coder,IN,,
3,7.58,Python3,1790600296486,6768864,7184148,valrakot,MG,161803602802060,
3,7.39,Python3,1790600346799,6769009,5120794,Zarbiy,FR,125688505842917,
3,7.38,Python3,1790600220924,6768652,4036462,Xonix,PL,,
3,7.08,Python3,1790600221385,6768654,272329,Arglanir,FR,3884009540055,
3,7.05,Python3,1790600104674,6768301,1757536,BlueGhost31,FR,18513921556010,
3,6.97,Python3,1790600193606,6768556,3576115,Arphnut,FR,168514207804444,
3,6.73,Python3,1790600177303,6768506,5586880,DoYouEvenFlask,DE,136581003784284,
3,6.69,Python3,1790600085698,6768225,7578392,Shrirajgaonkar,IN,168179801402873,
3,6.64,Python3,1790600027361,6768021,6241812,cgHaxor,US,128951249901157,
3,6.61,Python3,1790600377557,6769087,5291720,sg_f1,AU,,
3,6.48,Python3,1790600066261,6768144,910583,fakuta,HU,37419269347391,
3,6.39,Python3,1790600175486,6768499,6298643,JMIGOT,FR,,
3,6.38,Python3,1790600322400,6768936,3435179,Valphyr,FR,33125622936717,
3,6.2,Python3,1790600398728,6769152,7563831,42Othmane,FR,167838264040639,
3,6.12,Python3,1790600027756,6768024,7287649,MoonlightCat,GB,,
3,6.1,Python3,1790606958179,6769344,6422124,kyliann,SK,168713566476616,
3,5.99,Python3,1790600096143,6768264,5578974,LaurentArmaos,FR,,
3,5.94,Python3,1790600250860,6768749,4803031,pierrorob,FR,95186849407354,
3,5.83,Python3,1790600235423,6768704,7434801,ein-monarch,US,,
3,5.81,Python3,1790600347067,6769010,7560931,filipito,FR,167798182627413,
3,5.68,Python3,1790600084097,6768217,6443401,SiddhuG,IN,,
3,5.68,Python3,1790600186610,6768543,4158692,All2u,FR,75021362166230,
3,5.49,Python3,1790600252955,6768753,3500364,Qpupier,FR,42755527251989,
3,5.34,Python3,1790600084243,6768218,3750985,vexilla72,FR,69788861540753,
3,5.06,Python3,1790600379504,6769090,4115119,Kokoz,BG,97686889183654,
3,4.93,Python3,1790600359757,6769055,4029286,PowerFlower,DE,105634062834587,
3,4.91,Python3,1790600382183,6769095,7439703,AlexSyntax,FR,165563107035575,
3,4.9,Python3,1790600207661,6768601,7581734,zunulnoor,PK,,
3,4.62,Python3,1790600384326,6769104,3285724,Syp,FR,,
3,4.47,Python3,1790600200992,6768574,7571770,aozkaya,TR,168003069549235,
3,4.46,Python3,1790600384616,6769106,7171623,iuslu,TR,159335227903488,
3,4.37,Python3,1790599922577,6767740,7497380,RayDIsHere,VN,166696163413081,
3,4.37,Python3,1790600067204,6768149,7576341,chirag_suthar,IN,,
3,4.18,Python3,1790600348670,6769015,3935070,BilouMUC,DE,,
3,4.09,Python3,1790600383808,6769101,7576355,Dastaan,IN,168122046051417,
3,4.08,Python3,1790599969329,6767835,5592741,aminelebrini_dev,MA,160934565609649,
3,4.05,Python3,1790600383970,6769102,5665162,Hivernale,SE,,
3,3.96,Python3,1790600052167,6768100,5995908,achgls,FR,120963583706576,
3,3.82,Python3,1790600381366,6769093,6330986,keep.going,FR,136143448580540,
3,3.7,Python3,1790600377271,6769086,3226448,tobk,DE,34085008032999,
3,3.57,Python3,1790600383618,6769100,6765535,WhyClaire,FR,,
3,3.16,Python3,1790600383468,6769099,7598086,Sethr,JP,168681907758107,
3,2.55,Python3,1790600325155,6768945,6090329,Dhanush_19,IN,,
3,1.45,Python3,1790600313722,6768898,914013,HexTree,GB,32702107878953,
3,-1.15,Python3,1790600238016,6768712,5359081,Noobkins,PL,104921161843304,
2,26.32,Python3,1790600265396,6768786,1337394,--CC--,FR,43441965271155,
2,25.84,Python3,1790600410434,6769186,840338,Wolcheg7,UA,19454957792455,
2,24.64,Python3,1790600066090,6768143,1105956,HCH,FR,28984060466207,
2,24.16,Python3,1790600231297,6768684,2681974,MJJR,FR,84823308497545,
2,23.94,Python3,1790599979650,6767871,6331743,PereNono,FR,,
2,23.87,Python3,1790600071665,6768164,7576736,omfoo,IN,,
2,23.37,Python3,1790600240185,6768722,7586413,AnupKumar,IN,168368726231857,
2,23.24,Python3,1790600005428,6767949,4088545,Bogdan._.,CA,,
2,23.2,Python3,1790600068045,6768151,7576288,sc0rp10n16,DE,168155401515811,
2,22.84,Python3,1790600416481,6769204,6313566,Kurumiiii_,FR,,
2,22.81,Python3,1790600033093,6768035,5972368,V14NN3Y_2,BJ,119864463758069,
2,22.73,Python3,1790863450401,6776501,7165877,mny-aro-,MG,168446048595173,
2,22.6,Python3,1790600006009,6767952,4048969,raspersc2,GB,63761389449855,
2,22.36,Python3,1790600038197,6768056,5529963,hsenses,TR,135519345164346,
2,21.99,Python3,1790600095895,6768262,3999693,ln-dev05,FR,66651286231911,
2,21.98,Python3,1790600001365,6767929,7164209,lejusdefruits,FR,159581608161910,
2,21.85,Python3,1790600411789,6769189,820130,Miles,FR,,
2,21.83,Python3,1790600324561,6768943,7593225,Purushottam07,IN,,
2,21.79,Python3,1790599989741,6767895,6591668,RoiH.Clem,FR,,
2,21.79,Python3,1790600009164,6767960,7572012,Sharkista,MA,,
2,21.67,Python3,1790600069659,6768157,7576513,mittalshivam226,IN,,
2,21.64,Python3,1790600222528,6768660,7162487,keremsener,TR,159028346832205,
2,21.55,Python3,1790600073180,6768168,6979526,4ng3ii_,SA,166474067579680,
2,21.47,Python3,1790600179640,6768515,7581616,zarikan,TR,168268184412801,
2,21.45,Python3,1791131995737,6780497,7625248,xTuvi,PL,169206500581912,
2,21.25,Python3,1790600268945,6768802,3773494,jeremy44,FR,124681084328734,
2,20.91,Python3,1790600229870,6768680,3421587,cdoklr,FR,101490264027777,
2,20.68,Python3,1790600005635,6767950,1840905,Jbcotard,FR,79859347053948,
2,20.65,Python3,1790600295447,6768856,7590925,KR1STI4N,SK,,
2,20.54,Python3,1790600005296,6767948,5428775,WaddaSon,FR,102088740020560,
2,20.16,Python3,1790599924412,6767745,2959430,zzdomi,FR,90149061058279,
2,20.1,Python3,1790599925033,6767747,5254038,Gleefre,CH,164680686128271,
2,19.72,Python3,1790600099804,6768276,6988385,SimmerCodes,GB,,
2,19.64,Python3,1790600255142,6768758,7588093,Volt_L18,IN,168402887270397,
2,19.29,Python3,1790600203420,6768585,6336889,snflasnflwernfwa,DE,,
2,19.2,Python3,1790600041254,6768067,2660720,Keelan,US,,
2,18.44,Python3,1790599956288,6767809,4673851,Sysplex,FR,148025625764878,
2,18.39,Python3,1790599967497,6767824,1329328,Huntracony,NL,116678082165399,
2,18.34,Python3,1790599966941,6767823,7571112,Zakarya_Hari,MA,168014264277158,
2,18.22,Python3,1790599924053,6767743,154806,piwai,FR,1956863959967,
2,18.17,Python3,1790599996572,6767914,4631390,THI-MM44,FR,,
2,18.03,Python3,1790599859993,6767607,5159880,Soavage,MG,162931204089411,
2,17.99,Python3,1790600399030,6769154,5018077,krajo,CH,88410449981424,
2,17.99,Python3,1790600092271,6768241,7321710,grudpro67,ID,163770865720226,
2,17.88,Python3,1790600335473,6768965,786597,Fabien,FR,1842306765607,
2,17.76,Python3,1790600131088,6768391,7164879,bexlhardy,FR,,
2,17.7,Python3,1790600238957,6768717,1519989,a5kin,RU,5511054769141,
2,17.31,Python3,1790600178824,6768512,5831449,Paype67210,FR,116200507010660,
2,17.27,Python3,1790600360711,6769059,1757854,_Flippy,CH,70048964231670,
2,17.25,Python3,1790600046062,6768087,7563112,mememememmemme,US,,
2,17.14,Python3,1790600014176,6767972,1394491,Drazur,PY,4169124211320,
2,17.0,Python3,1790600208531,6768606,4918461,dg19,JP,84487460996939,
2,16.88,Python3,1790599982401,6767877,5688829,TopherVexel,US,,
2,16.36,Python3,1790600397797,6769146,3345589,beebledef,FR,28792483581945,
2,16.31,Python3,1790600208341,6768605,3588330,Lemming3,FR,64154829077593,
2,16.11,Python3,1790600006245,6767953,7567795,BillyPytorch,US,,
2,16.02,Python3,1790600311593,6768892,1620775,[blank],DE,7506011392989,
2,15.95,Python3,1790600056729,6768112,7576128,DevilPro,IN,,
2,15.81,Python3,1790600350319,6769021,3556476,YohanC,FR,36507960164459,
2,15.72,Python3,1790600298243,6768869,6293181,Paemlaban,SK,130638608451121,
2,14.83,Python3,1790600080509,6768199,7577216,Ashzchu,IN,168151383124983,
2,14.69,Python3,1790600257332,6768761,3572815,Arthv,FR,146679469570515,
2,14.63,Python3,1790600350178,6769020,2252914,Malleek,FR,156025968676031,
2,14.61,Python3,1790600397673,6769145,3187336,C6PO,FR,25489077903191,
2,14.58,Python3,1790600039827,6768063,2725239,Zandy156,US,35237029461849,
2,14.54,Python3,1790600034480,6768042,5501903,gfredes-,ES,106459202278105,
2,14.53,Python3,1790600242162,6768730,4118735,MJE10,US,,
2,14.5,Python3,1790599913613,6767716,3752591,VXT22,DE,,
2,14.47,Python3,1790600225703,6768670,1455753,Lysk,US,4970026385060,
2,14.43,Python3,1790600013190,6767967,5984771,DWild,RU,120132568482426,
2,14.36,Python3,1790600034717,6768044,7532806,IIAydedeII,TR,167548203863641,
2,14.35,Python3,1790600073731,6768171,7576761,LNI-15,FR,168137142977403,
2,14.02,Python3,1790599943740,6767781,4651384,thibibi,FR,,
2,13.9,Python3,1790599989885,6767896,5271799,Eulero314,IT,96314909854613,
2,13.73,Python3,1790599883191,6767654,3622078,Paikan2068,SE,,
2,13.53,Python3,1790600009359,6767961,7572007,Delean-Mafra,BR,168015845111260,
2,13.41,Python3,1790603232347,6769288,4272137,[CG]Linkyu,FR,61815668643127,
2,12.53,Python3,1790600088846,6768235,7578616,aks-coder,IN,,
2,11.59,Python3,1790600233420,6768694,2564827,CapitainePirate,FR,104149107189788,
2,11.01,Python3,1790600079443,6768196,3674162,OctoGeneral,US,88575324634032,
2,10.96,Python3,1790599995142,6767911,6432763,m4l0s4n,FR,161762747908493,
2,10.86,Python3,1790600392630,6769129,4383967,Coder-Asta,IN,166262524400039,
2,10.83,Python3,1790600075071,6768176,3762390,pack,JP,85831966824333,
2,10.78,Python3,1790600000157,6767926,4022410,Kurtica,SK,52745860361279,
2,10.76,Python3,1790600369983,6769073,7564567,PingPongPiu,VN,,
2,10.76,Python3,1790600004129,6767942,4564641,GamingGnawer,SE,73542168807997,
2,10.74,Python3,1790600202658,6768581,3697267,PiGuy1010,US,,
2,10.7,Python3,1791190586084,6781292,7605759,ysfxj0,SA,,
2,10.7,Python3,1790600231939,6768687,3738052,samirMaoude,BJ,42045288768897,
2,10.67,Python3,1790600033927,6768040,5486376,Ne-Gok-Sa,FR,105788945368960,
2,10.65,Python3,1790600031907,6768031,4112360,TopFirmino,IT,56468246794455,
2,10.65,Python3,1790600071351,6768163,7576727,Avinash16,IN,,
2,10.63,Python3,1790599946394,6767790,6019143,Pythonically,GB,121196349519592,
2,10.61,Python3,1790600060379,6768122,2297753,Warly7692,FR,15501605839682,
2,10.6,Python3,1790599914562,6767720,5636802,Forgotten_field,HU,110026781959493,
2,10.59,Python3,1790600322573,6768937,6965722,lfleitas,ES,154001129388181,
2,10.59,Python3,1790600410247,6769185,6382784,Minny_coding,FR,166359702849786,
2,10.58,Python3,1790600104357,6768299,7579422,Lilynx,FR,,
2,10.56,Python3,1790600263309,6768776,6305044,DominikRoman,SK,,
2,10.56,Python3,1790600293961,6768852,6015076,SekouPython33,ML,120857360943699,
2,10.55,Python3,1790600078910,6768193,7577047,baba420,IN,,
2,10.54,Python3,1790600337257,6768969,3767792,Mooseq,PL,,
2,10.54,Python3,1790600412600,6769191,1854764,KeeN,RU,23628990971789,
2,10.51,Python3,1790600212962,6768620,7579174,Astronautas,LT,,
2,10.47,Python3,1790600180785,6768522,7355542,3ik0,FR,163607468108908,
2,10.46,Python3,1790600355451,6769045,6469784,anlu85,SE,,
2,10.44,Python3,1790600399499,6769156,5563211,ra5anchor,JP,132616129775351,
2,10.42,Python3,1790599998096,6767919,4262724,Epeira,FR,,
2,10.34,Python3,1790600357980,6769049,7440153,shoriful.islam,BD,165573781196677,
2,10.3,Python3,1790600017360,6767993,1367696,sturmhauke,US,167644608949802,
2,9.28,Python3,1790600068387,6768152,5192217,Harry.B.,GB,130769403588418,
2,8.9,Python3,1790599926704,6767755,3203557,burnpanck,CH,25666559702940,
2,6.88,Python3,1790600075639,6768179,5968963,Hero38,FR,168137523501893,
2,6.2,Python3,1790600023352,6768010,1691025,Socrah,HU,,
2,5.31,Python3,1790600267333,6768797,5132416,CSpartan,CO,93970742849581,
2,4.71,Python3,1790600198720,6768565,3835504,Batida,HU,110573969209437,
2,3.13,Python3,1790600022645,6768004,3767065,lxnn,GB,63488305618763,
2,-4.22,Python3,1790599968195,6767827,7541127,okaymazo,TR,167401529361319,
1,13.61,Python3,1790600070329,6768159,7493314,eleven-twelve,FR,166404266353039,
1,7.02,Python3,1790599974229,6767852,2310055,Mundgus,HU,16699086751994,
1,3.74,Python3,1790599879049,6767642,4527784,FlAvril,FR,90961467048393,
1,3.4,Python3,1790599996386,6767913,6685135,Lilo-ou,FR,,
1,3.37,Python3,1790599944590,6767785,1290541,JorAlias,ES,4423265645020,
1,3.35,Python3,1790600003828,6767941,6753836,Deglingueur,FR,147912443198737,
1,3.3,Python3,1790600010799,6767962,7564539,MuharremMidilli,TR,167871322022947,
1,3.26,Python3,1790600013938,6767970,7503222,DelftBluey,NL,166643180469356,
1,3.25,Python3,1790600000896,6767927,7571867,azdursun,TR,,
1,3.24,Python3,1790600039025,6768060,5026488,tortue-tenace,FR,,
1,3.24,Python3,1790600038499,6768057,1542082,ShadowAce,CA,6000365135679,
1,3.23,Python3,1790599965743,6767821,6468822,RaGNaRHaCK,FR,137818809091168,
1,3.16,Python3,1790600077855,6768187,3280748,Defelo,DE,94551247121386,
1,3.16,Python3,1790599983386,6767880,4050334,Antyoche,FR,,
1,3.16,Python3,1790600070944,6768161,7576682,raju3489,IN,,
1,3.14,Python3,1790600049301,6768092,7280108,isinfo42,FR,,
1,3.13,Python3,1790600295572,6768857,4992075,RogersMath,US,123092925862446,
1,3.12,Python3,1790599983157,6767878,5338757,tluss,FR,99943405865816,
1,3.12,Python3,1790600033805,6768039,2052258,HugoBigBoss,FR,,
1,3.1,Python3,1790599978021,6767859,3796781,bbordere,FR,82188004016967,
1,3.09,Python3,1790599949354,6767795,7571081,DwarfPowerPlant,HU,,
1,3.09,Python3,1790600029867,6768029,1910620,ivart,FR,,
1,3.09,Python3,1790600004555,6767944,4081634,Wontonimo,CA,54970169109216,
1,3.09,Python3,1790600011494,6767964,4976628,swellhalf,PL,,
1,3.07,Python3,1790600040020,6768064,783612,MShanks,FR,,
1,3.07,Python3,1790600078167,6768188,7576943,gajrajchakrawarti12,IN,168144526181418,
1,3.04,Python3,1790599955094,6767806,2675264,Generion,HU,19678967336347,
1,3.02,Python3,1790600081481,6768205,5040888,Benjam03,CA,,
1,3.02,Python3,1790599942577,6767778,6325349,Elkos4,FR,,
1,3.02,Python3,1790600295672,6768858,3968705,StefanoT,IT,,
1,3.01,Python3,1790600060589,6768124,1393802,amzh,RU,81786846913810,
1,3.01,Python3,1790600033515,6768037,1158238,Veka,FI,16352110145061,
1,3.0,Python3,1790600079161,6768195,5352559,Takippo,FR,105849789419847,
1,2.99,Python3,1790599977300,6767858,7278731,deb.raptor,FR,161474623313166,
1,2.99,Python3,1790599979198,6767868,3876319,Imad_Rafai,FR,46282747935022,
1,2.98,Python3,1790600053796,6768103,7507273,thomasG02,FR,,
1,2.98,Python3,1790600309697,6768886,7591258,mehwish310,IN,,
1,2.97,Python3,1790599949734,6767796,1822423,jglhelias,FR,21933176638473,
1,2.97,Python3,1790599966621,6767822,7571156,abderrazak_errifaouy,MA,,
1,2.96,Python3,1790599968958,6767833,2568246,jaumes5,FR,18184175907679,
1,2.95,Python3,1790600021508,6768000,6441738,MichaelBerndt,ZA,,
1,2.95,Python3,1790599886667,6767661,4051850,Waluiji,FR,125015920575444,
1,2.94,Python3,1790600022217,6768002,5818766,sasasasa_2,FR,,
1,2.94,Python3,1790600008142,6767958,1579653,zweedeend,NL,17837515509499,
1,2.91,Python3,1790600311199,6768891,6457023,thebobo_,LT,,
1,2.91,Python3,1790599993016,6767906,1511207,Digon,PL,11341589943167,
1,2.89,Python3,1790599968078,6767826,7066886,AbdoKa,MA,167981306231677,
1,2.88,Python3,1790600272612,6768812,6422240,Vojtob,SK,136390527508860,
1,2.85,Python3,1790600092592,6768244,7579083,gavad,US,,
1,2.78,Python3,1791131048087,6780464,6275933,Dhinesh-karthik-M,IN,168709446950268,
1,2.77,Python3,1790600014756,6767976,3077977,YaWa,FR,24120065705347,
1,2.77,Python3,1790949083980,6777784,5492043,Jesso,BE,105227380177402,
1,2.75,Python3,1790600220819,6768651,1415738,MayB.,BR,73393029709718,
1,2.73,Python3,1790600101084,6768280,7580661,PratzMeta,US,,
1,2.69,Python3,1790600091532,6768238,950385,Mamario,FR,26226596100251,
1,2.68,Python3,1790600177866,6768510,3695399,Rich26,GB,,
1,2.59,Python3,1790599997988,6767918,7280825,WindSera,FR,,
1,2.58,Python3,1790600098620,6768272,7579506,Zerofolks,LT,,
1,2.55,Python3,1790600094804,6768255,6886719,Pride_ad,BJ,157415301018523,
1,2.5,Python3,1790600040666,6768066,7365099,deepfish,FR,164919206950937,
1,2.49,Python3,1790600177489,6768507,7526404,abezatog,TR,,
1,2.42,Python3,1790600244526,6768737,7570740,NicolasFecko,SK,,
1,2.42,Python3,1790600296152,6768861,2863985,JavaGeek,FR,21650945934237,
1,2.41,Python3,1790600098935,6768273,7579567,androit,IN,,
1,2.38,Python3,1790600241682,6768728,6687418,Valou_,FR,159929789449336,
1,2.36,Python3,1790600243586,6768735,1391319,ybellot,FR,35035027763927,
1,2.27,Python3,1790600264683,6768782,4169298,LaurA_10,RO,,
1,2.21,Python3,1790600407817,6769176,7577109,caret,FR,169015987424893,
1,2.2,Python3,1790600259352,6768767,7482987,asvedr,CY,,
1,2.16,Python3,1790600263946,6768779,7543720,ervsahin,TR,167452908563355,
1,2.12,Python3,1790600397249,6769142,4690289,Digital-Owl,DE,76644427725606,
1,2.08,Python3,1790600180398,6768519,5243377,msamhaou,MA,104453061062098,
1,2.08,Python3,1790600351852,6769029,7595872,Garu_212,FR,,
1,2.07,Python3,1790600213864,6768625,7583960,Prathamesh24,IN,,
1,1.92,Python3,1790600376481,6769084,5182897,Duralium,FR,,
1,1.86,Python3,1790600415383,6769199,7602606,dirtyddan,US,168698081802177,
1,1.86,Python3,1790600078457,6768190,5042644,Lotirador,FR,89473240839529,
1,1.18,Python3,1790600353135,6769035,7597198,Proffes,IN,,
0,8.39,Python3,1790600093633,6768249,7579191,LOKOU,IN,168206482479513,
0,1.74,Python3,1790599941239,6767775,5697706,Chat_GPT,TN,145718609560815,
0,1.68,Python3,1790895851286,6776947,7622059,binm07md,SA,,
0,1.29,Python3,1790600079816,6768198,7564337,titanaura,IN,,
0,-0.34,Python3,1790600069829,6768158,7576534,thor3000,IN,,
0,-0.44,Python3,1790600067742,6768150,7576592,kavdev,IN,,
0,-0.56,Python3,1790600068488,6768153,7576437,sumalyo,DE,168125748248927,
0,-0.65,Python3,1790600068660,6768154,7576441,No_Name08,IN,168125944089358,
0,-0.88,Python3,1790600054878,6768106,2437911,tobzN,DE,167604282253902,
0,-0.91,Python3,1790600092501,6768243,7579088,Dashanth,IN,,
0,-1.0,Python3,1790600094372,6768253,5006094,UnDesFred,FR,105435525710629,
0,-1.1,Python3,1790600081576,6768206,7578055,Pallu21,IN,168174040296811,
0,-1.12,Python3,1790600072846,6768167,7576848,Hydracodes,IN,,
0,-1.17,Python3,1790600058707,6768117,7576334,manDaDa0,IN,,
0,-1.59,Python3,1790600077019,6768186,7576906,alok02_op,IN,168141422794802,
0,-1.6,Python3,1790600222730,6768661,7584295,JingF4ng,TH,168334362125811,
0,-1.6,Python3,1790600245030,6768738,7264375,LukaG,LT,161525269456255,
0,-1.66,Python3,1790600054195,6768105,7576065,Uzairahmed37393,PK,,
0,-1.69,Python3,1790600214042,6768626,7370537,CompereDistrait,FR,,
0,-1.75,Python3,1790600243685,6768736,7570729,0SC,SK,,
0,-1.76,Python3,1790600264339,6768781,7588744,OgerPonyo,PL,168418060322708,
0,-1.82,Python3,1790600256307,6768759,7588184,JohnRod,WS,,
0,-1.87,Python3,1790600078745,6768192,7577053,vansharma,IN,,
0,-1.9,Python3,1790600054103,6768104,7576059,Akki39,IN,,
0,-1.94,Python3,1790600017843,6767995,7573401,jun10r.221,FR,168041820320536,
0,-2.15,Python3,1790599964269,6767818,6914563,lahmar.zaki,MA,,
0,-2.32,Python3,1790600405223,6769169,7457711,inayo,PK,165937325038145,
0,-2.32,Python3,1790600216994,6768633,7584294,michimichelle,GB,,
0,-2.39,Python3,1790600336158,6768967,7526516,Dingana,US,168122286417095,
0,-2.39,Python3,1790600099624,6768275,7579360,Domanautas,LT,168213207346144,
0,-2.52,Python3,1790600195079,6768557,7213947,BigBack67,US,160403703101851,
0,-2.61,Python3,1790600004381,6767943,6240724,CN7,GB,,
0,-2.63,Python3,1790599995574,6767912,7571572,MilkNS,TH,,
0,-2.81,Python3,1790600386309,6769110,7598301,Gautamkumar01,IN,168619102338761,
0,-3.01,Python3,1790599976476,6767857,7571393,abelitos,FR,168492127298613,
0,-3.25,Python3,1790600398224,6769148,7391665,Lukezhangys,US,164569061233283,
0,-3.32,Python3,1790600029443,6768028,7573865,mirakle,FR,,
0,-3.45,Python3,1790600179313,6768514,7579473,GIOVANNIII,US,168267583962226,
0,-3.45,Python3,1790600229471,6768679,7585872,Dhruvil302,US,,
0,-3.56,Python3,1790600397352,6769143,7163072,fmdddd,FR,168657561657699,
