league.divisionIndex,score,programmingLanguage,creationTime,agentId,codingamer.userId,pseudo,codingamer.countryId,codingamer.avatar,#multi|count=18|time=2026-09-03T08:20:25
0,30.15,Java,1775126145725,6370883,3235897,Zylo,PL,25779784253696,
0,26.05,Java,1581372979166,2676483,1344487,ggrn,CH,106180221086495,
0,23.59,Java,1680949507770,4791951,1018936,Anonamous,GB,,
0,19.92,Java,1553498399141,2310712,1464932,Tiramon,DE,12287237914571,
0,19.4,Java,1574259650684,2606331,2655682,CoderFromOuterSpace,FR,19146708311183,
0,17.57,Java,1574109178724,2604702,2416641,Zenoscave,US,16732569385856,
0,16.86,Java,1587160386058,2807052,3214641,Neicul,FR,25566448504624,
0,16.47,Java,1560703007882,2423558,1194069,Redstrike,DE,57293561455683,
0,14.2,Java,1781799254209,6517967,3519771,Chemusep,FR,51524669246764,
0,14.18,Java,1553441846869,2310236,2202771,Kaplone,FR,161545965480926,
0,13.94,Java,1613322099573,3429736,3039456,SabertheLost,SE,,
0,11.51,Java,1642183412999,3970876,4549748,MathiasF,FR,,
0,10.55,Java,1717416859376,5396228,1179950,KAKAROT_MPL,US,159019526484654,
0,4.8,Java,1621210136581,3660805,1234947,kuroi,BR,6850950439511,
0,2.33,Java,1659313897005,4411536,5013771,Optimistic_Dependent,US,87967484864811,
0,2.07,Java,1753703609840,5990983,2455616,JeanClaude44,FR,17042314996810,
0,1.72,Java,1676123808948,4736657,5163410,LOKI_78,LU,93367947956362,
0,1.26,Java,1658132898781,4397267,4282042,AI4Games,PL,62256727195192,
