league.divisionIndex,score,programmingLanguage,creationTime,agentId,codingamer.userId,pseudo,codingamer.countryId,codingamer.avatar,#multi|count=16|time=2026-10-02T10:06:21
1,26.1,C#,1790855224307,6776366,6930945,OzzGnan,FR,,
1,26.04,C#,1790312114821,6759906,6615393,sic1,RU,160458683670131,
1,24.36,C#,1790342855635,6760089,2491994,G-Wolf,GB,25629451168912,
0,23.47,C#,1702908920791,5142892,1378958,Illedan,NO,16222515698472,
0,22.91,C#,1760277609826,6064613,2059378,Jarod707,FR,15794845671781,
0,22.28,C#,1777815911632,6422114,5162753,TsubasaHizono,JP,111230484381004,
0,20.18,C#,1778694337910,6441239,7260500,Cjj1632,US,,
0,20.05,C#,1785366195275,6582595,2824008,OccitanieFreelancer,FR,22557072925785,
0,19.08,C#,1704912673702,5277469,5751040,palio,SK,,
0,18.55,C#,1712922522737,5361668,1348832,AzatJalilov,DE,,
0,17.96,C#,1782064927415,6521002,4605393,Emanuele.Fasano,IT,73508624038382,
0,17.83,C#,1704722805402,5269019,2637659,Barsy,FR,26825760618761,
0,17.7,C#,1701749406170,5128653,2193892,YoloTheBear,US,65390988387627,
0,17.56,C#,1716614433644,5387428,1367088,magus2,US,21988998463555,
0,14.13,C#,1709596582126,5332629,3563934,ChuckTheNinja,US,50520780935948,
0,13.72,C#,1725401597171,5566884,3488041,KodeMonkey,US,34223383760464,
