league.divisionIndex,score,programmingLanguage,creationTime,agentId,codingamer.userId,pseudo,codingamer.countryId,codingamer.avatar,#multi|count=53|time=2026-10-08T10:59:21
1,42.37,Rust,1788849377047,6717593,447185,tanakh,JP,89879502230240,
1,41.97,Rust,1759928841065,6060647,1607522,RoboStac,GB,11333369102997,
1,40.12,Rust,1770336105499,6237466,523185,Hjax,US,46347448299324,
1,38.54,Rust,1780462767596,6493943,3918583,mikmak,FR,48134583112917,
1,36.89,Rust,1631825780654,3832735,664112,AllYourTrees,US,35047123145003,
1,33.22,Rust,1788544059234,6702177,4238274,Sahcim,PL,81161089216365,
1,32.39,Rust,1783212049585,6538404,3745870,mires._.,FR,,
1,32.38,Rust,1759282159276,6054580,2072698,github_yulunyue,CN,108807741836361,
1,31.9,Rust,1706714982283,5302311,1061242,Csipcsirip,HU,159349364779679,
1,31.84,Rust,1770044435831,6233053,1179950,KAKAROT_MPL,US,159019526484654,
1,30.79,Rust,1780608374750,6496539,4924389,smhb,US,87309047231411,
1,30.28,Rust,1622890266540,3702159,2288263,dbdr,UA,43448306132121,
1,28.66,Rust,1786727342465,6620596,3712725,WeepingAngel89,VN,168544025576404,
1,28.5,Rust,1658137284900,4397370,484004,aCat,PL,4210501575817,
1,27.55,Rust,1779631776315,6474974,1515891,ndc,RU,57247748477088,
1,27.55,Rust,1781644476972,6515027,6888489,Snoblaxx,CA,151851509075817,
1,27.29,Rust,1791365220260,6783771,973040,papyjo,FR,15696776172839,
1,26.91,Rust,1790490482537,6764680,6913526,Robro0.625,US,152219500212669,
1,26.16,Rust,1624444296948,3724568,3839774,gurvan_lullien,FR,50166403046090,
1,25.7,Rust,1703972453900,5210006,333934,CrazyMerlyn,IE,20045015439951,
1,24.89,Rust,1744476131203,5835132,4149818,Rocket05,GB,161530128230187,
1,24.62,Rust,1761322007024,6074731,208338,Absolem,US,15612183064874,
1,24.29,Rust,1773013731352,6290913,899805,Raizel_,US,119528960848968,
1,23.32,Rust,1644542692352,3999257,4334406,camdan.me,US,69890546490225,
1,23.23,Rust,1622833693598,3701437,4327123,Greg_3141,US,103341121461612,
1,23.12,Rust,1729527520554,5602605,4912016,morphos,FR,84267420933595,
1,22.64,Rust,1760927451317,6070751,4956459,Aldoggen,BE,86555608192248,
1,22.27,Rust,1683244687010,4814419,5380808,AurelieM,US,100117541879151,
1,22.16,Rust,1728912274538,5597285,4148846,SkyWhait,FR,57735084004077,
1,19.98,Rust,1751117127442,5903555,3880207,Occuria,FR,69166700171459,
1,18.36,Rust,1705264250403,5283949,4046568,jfaixo,FR,112823247448244,
1,18.12,Rust,1705487713452,5287360,5191698,Bligthwidow,FR,93878689651394,
1,18.09,Rust,1690993922440,5019993,2295548,banban,FR,15489791279930,
1,18.07,Rust,1625328152911,3740264,1932980,AlexandreK,FR,30714560059953,
1,17.96,Rust,1727024764703,5581615,1861258,Nazdhun,DE,11477900555178,
1,17.87,Rust,1707517857885,5310296,5936859,Ene_2,JP,118346362833193,
1,17.63,Rust,1763623190130,6106954,4323568,shim0,JP,,
1,16.64,Rust,1765500910382,6157149,5478750,Northward,JP,149823843602888,
1,16.63,Rust,1750399155895,5896334,4865817,insomnia_rooster,US,82648189939533,
1,16.6,Rust,1680465812326,4786743,4706250,ToPi314,DE,,
1,15.31,Rust,1683098174413,4813056,3697689,MrSkaal,FR,41054602610298,
1,15.18,Rust,1742778362202,5817098,6550449,Anonymous__7,US,143411544450367,
1,13.93,Rust,1766348249325,6167656,1788100,ToufTouf,FR,,
1,13.58,Rust,1622759808477,3700025,3864752,MuddySneakers,US,45990545847301,
1,12.98,Rust,1713743271822,5367850,2085984,steave,RU,,
1,11.96,Rust,1690822085874,5018087,1975116,AtteLynx,FI,12400468367460,
1,11.66,Rust,1644574436539,3999441,4615415,Emilostuff,DK,73852043186810,
1,10.79,Rust,1623149991208,3705608,4311710,sebbbastien,FR,65015705627409,
1,10.58,Rust,1652250195006,4279584,4205154,tuna_in_cream,HU,60791864998463,
1,6.42,Rust,1635669943949,3880553,1276099,Caemor,DE,,
0,16.08,Rust,1747986973112,5869748,6622554,pmlonkibjuvhycgtxfrzdesswaq,US,,
0,15.26,Rust,1789357776059,6736560,1372349,NinjaDoggy,US,5338452207730,
0,10.62,Rust,1668088116238,4521600,4537924,ArtesScytale,BE,121331549433012,
