league.divisionIndex,score,programmingLanguage,creationTime,agentId,codingamer.userId,pseudo,codingamer.countryId,codingamer.avatar,#multi|count=5448|time=2019-11-01T00:30:14
5,35.17,C,,2425521,3379871,Bitse,US,29948842529473,
5,33.28,C,,1877668,1542347,,,,
5,32.07,C++,,762030,1059122,g2lm,FR,2515926251020,
5,31.74,C++,,2509196,1194069,Redstrike,DE,57293561455683,
5,30.7,C++,,1431021,668954,Fluxor,FR,1832090086325,
5,30.18,Java,,654182,448075,Rix,FR,86664444677763,
5,30.12,Java,,1411820,2113933,Selektdik,AL,,
5,30.07,C++,,2463315,1629259,Marchete,ES,61997162908277,
5,30.04,C++,,2262759,3203557,burnpanck,CH,25666559702940,
5,30.01,C++,,1942551,735910,Agade,CH,1997542876524,
5,29.65,Java,,654211,403748,[CG]SaiksyApo,FR,73884622868350,
5,28.94,C++,,2228627,1757536,BlueGhost31,FR,18513921556010,
5,28.71,C,,1601690,1415495,fenrir,FR,13431635833249,
5,28.67,Java,,1751822,2254195,BrunoFelthes,BR,92712103847740,
5,28.66,C++,,2408293,351062,Neumann,FR,17173563008577,
5,28.61,Java,,2453383,2043908,AntiSquid,,,
5,28.5,Java,,1228339,1673971,Lanken,UA,8202213472293,
5,28.26,Java,,654152,935802,Jerhyn,FR,109463964266798,
5,27.87,C++,,1323505,1201796,P.Greze,FR,3522907180370,
5,27.49,C++,,899202,524638,miklla,RU,8534620461135,
5,27.48,C++,,662396,638784,Yqnn,FR,2711674975713,
5,27.48,C++,,1793123,1076632,Chen,NL,16271318829241,
5,27.45,C++,,654193,241401,Nozomi,FR,,
5,27.37,C++,,666163,155924,yvesmocq,FR,89765682512462,
5,27.33,C++,,1440834,770792,T.H.,FR,25514828781931,
5,26.5,C++,,2212824,318643,Sherwood,JP,,
5,26.49,C++,,2245057,421432,sherwood2,JP,43047940352242,
5,26.49,C++,,2127451,1314316,jolindien,FR,14585204616953,
5,26.45,Java,,1419548,2074286,Selindek,HU,13350533531274,
5,26.42,C++,,2058258,805067,Magus,FR,24623991925371,
5,26.33,C#,,1173793,1931039,MooMooN,FR,11972180817471,
5,26.32,Java,,1516006,2077064,GamingKing,GB,,
5,26.28,Javascript,,2224715,2077458,Ragi,PL,13710770531146,
5,26.27,C++,,806482,312940,Kostka,PL,7811310063518,
5,26.25,C#,,986772,1477622,zrdon,DE,103919001072006,
5,26.1,C++,,654169,269386,fayr,FR,,
5,26.04,C#,,1642000,1500515,eulerscheZahl,DE,43135502422075,
5,25.93,Java,,2469508,3380514,DFrese,DE,30555045908186,
5,25.8,Java,,2152339,193315,hau,FR,56532983863887,
5,25.78,Java,,2480122,154312,ThomasNicoullaud,FR,55202507296689,
5,25.77,Python3,,2316044,1921687,Black-Born,FR,16371842685976,
5,25.61,C++,,2584348,154984,_Royale,FR,17869369984436,
5,25.51,Python,,1089286,1306541,Steuh,FR,15808915160175,
5,25.41,C++,,2266319,1479930,LeRenard,FR,40384564000700,
5,25.38,C++,,805204,1636241,aprilis,PL,,
5,25.37,C,,2352996,2407994,EliasHasle,NO,25675384478961,
5,25.37,Java,,1423104,1757792,oreshnik,RU,12260270601490,
5,25.36,C++,,2178050,2350846,DrBloodmoney,DE,15980337270868,
5,25.32,Rust,,2535496,1350070,aPeronnet,FR,32996324860293,
5,25.21,C++,,1301512,1400179,reCurse,CA,58850847098890,
5,25.21,Java,,1670378,1487392,Razielwar,FR,12761113272803,
5,25.19,Java,,654185,1100614,ppeetteerr,SK,24718365938652,
5,25.18,Go,,2571965,2007852,Zorg1,FR,16542412157988,
5,25.09,C++,,2405405,1347650,T-Dup,CA,3881783282416,
5,25.06,C++,,654172,227178,MonsieurV,FR,,
5,25.05,C++,,1424539,1716299,micky924,FR,10923398534976,
5,25.04,C#,,2195200,831033,Nuk3nS3rv3,US,24082804590099,
5,25.03,C++,,2345534,1163138,Vince85,FR,,
5,25.02,C++,,654199,153327,Ayb.BH,MA,1781871884066,
5,25.01,Go,,1606215,1607522,RoboStac,GB,11333369102997,
5,24.98,C++,,654151,201919,LouJo,FR,2052867750622,
5,24.95,Go,,654218,153425,cho,FR,,
5,24.95,C++,,654165,226528,Manwe,FR,4426392032279,
5,24.94,Java,,1653646,153962,[CG]XorMode,FR,44404000416442,
5,24.94,C#,,1413871,2115096,,,,
5,24.93,Scala,,1108800,331880,Monstruo,MX,16575963540770,
5,24.93,Java,,967439,1737246,Adam798,CA,9779070796795,
5,24.92,Java,,1313569,204022,max8774,FR,4256136583370,
5,24.91,Java,,1622377,826372,skyyker,RE,54542165670172,
5,24.86,C++,,2471819,257832,BlaiseEbuth,,,
5,24.85,C,,2090418,1898847,faga,AU,41790707860920,
5,24.85,C++,,1501318,1273065,TheRadical,DE,4936072999102,
5,24.85,Go,,1669906,837350,BorisZ,RU,4405751597540,
5,24.85,Rust,,2341594,2288263,dbdr,UA,43448306132121,
5,24.85,C#,,2130944,2161313,,,,
5,24.84,C++,,654205,1175343,Hankerspace,FR,2890003854966,
5,24.84,C++,,2000052,1335230,jft63,FR,24907820247515,
5,24.83,C++,,654190,1241573,Antoad,ES,3288048503112,
5,24.81,C,,1513776,1498163,Ben-oit,FR,9072028096923,
5,24.78,C++,,2025304,2796161,RuslanGabbasov,RU,20853587715507,
5,24.78,C++,,1473477,2193494,ta_ta,JP,,
5,24.77,Java,,654212,212028,GHenry,FR,3320961356988,
5,24.72,Java,,654208,868043,,,,
5,24.68,Scala,,1109428,1866915,notmyfoo,US,11467629009270,
5,24.67,C++,,2088633,926124,Beerus,GR,2525676378809,
5,24.66,C++,,1061116,1321243,PierreBizeul,FR,3822516101795,
5,24.61,C++,,1758600,1903031,hard-coded,KR,27487549921318,
5,24.6,C++,,1411601,1022925,Adrien.,FR,17725389981317,
5,24.6,C#,,1416046,1001096,MyIIone,AT,4231449697357,
5,24.57,Go,,2359107,1870937,westicles,,,
5,24.56,C#,,654176,1131528,Owl,DE,2597918639865,
5,24.54,C++,,974083,1489865,EricSMSO,FR,10005277870281,
5,24.48,C++,,959699,1336464,magaiti,RU,4034881109815,
5,24.3,Go,,1428784,527749,Pds,FR,4195444247778,
5,24.29,Java,,654566,833606,mattrero,FR,98545849818693,
5,24.29,C++,,654216,1176700,HL,CA,3975559759581,
5,24.22,C++,,2369853,1673512,Ryoken,LI,,
5,24.22,C,,2054806,1206537,MadKnight,RU,29443769474274,
5,24.06,C#,,1481422,484004,aCat,PL,4210501575817,
5,24.03,C#,,1419940,1494843,,,,
5,23.95,C#,,1417503,1581197,Aramang,AU,15597634538007,
5,23.92,C++,,654160,464971,PsyGuy66,IT,1723613063820,
5,23.85,C#,,2143248,315237,Loran75,HK,36666762122623,
5,23.75,C++,,1389136,1889170,mvujas,RS,,
5,23.67,Haskell,,2586683,1036012,Chahine,FR,35074907306470,
5,23.5,C,,654215,155939,xylo,FR,2886006485885,
5,23.45,C++,,2211708,1049935,Azkellas,FR,20993257292354,
5,23.33,C#,,656275,1071140,BeberLeNewbie,FR,9528729029244,
5,23.24,C++,,2475322,1307473,Evgenykz,UA,33899861048423,
5,23.22,C,,1097674,1863217,Draradech,DE,62024629128524,
5,23.12,C++,,1754580,2233179,Samsa,FR,17844764524716,
5,22.99,C++,,2027014,2797139,BAC,RU,,
5,22.96,C++,,654191,279452,mangoose,TN,,
5,22.94,C++,,1407311,2002555,MAXN,RU,13290465814359,
5,22.92,C,,654194,840626,bl_kelby,US,,
5,22.92,Javascript,,654171,224044,sokol815,US,11098695094917,
5,22.91,C#,,1404870,2100634,,,,
5,22.9,Scala,,1109007,1786294,Yama_o3o,FR,10365118751003,
5,22.85,Rust,,2582130,3433608,altazar,RU,32796180402783,
5,22.83,Python,,1618083,2219293,DeWitt,UA,16080618488773,
5,22.81,C++,,2026482,2796112,CarbageGollector,RU,,
5,22.77,C++,,1405504,1687064,JBoulic,AU,12285239733747,
5,22.77,Python3,,1108157,1258533,MathJason,US,11184592715091,
5,22.76,C++,,795360,1636411,Dziku,PL,7541382281215,
5,22.74,Java,,936575,1629241,DeVan,FR,12777247389084,
5,22.69,C++,,654150,315887,NicolasPi,FR,,
5,22.65,Java,,1990129,2378983,jonip,FR,,
5,22.52,Java,,2218991,1752518,Akirender[CodingStones],FR,9852164613646,
5,22.34,Scala,,1106512,1856217,,,,
5,22.27,Scala,,1102070,1764075,Salga,FR,10052500566878,
5,22.25,Javascript,,666036,416762,Khao,CA,2035557596161,
5,22.23,C++,,2329921,2416641,Zenoscave,US,16732569385856,
5,22.19,Python,,654206,938449,GalaxyNET,BG,1758991921548,
5,22.17,Python3,,1415506,1353669,XAnimaX,US,4951471910913,
5,22.16,Scala,,1876181,1783143,ATTIVI_J,FR,11278047704028,
5,22.09,C++,,1849243,2496487,Wachikoki,ES,,
5,22.01,Scala,,1109355,1855404,attivi_j,FR,11167089261626,
5,21.99,Java,,1990160,1114698,xiaohouzi,FR,11940582887669,
5,21.96,C,,2482237,3438547,tonypo,RU,32662586230368,
5,21.93,C++,,654210,629655,Wolden-Dans,FR,3653109390599,
5,21.66,C++,,2438312,2923506,darkhorse64,FR,23496414257567,
5,21.58,C++,,800613,1637406,uicus,PL,,
5,21.53,C++,,668160,879946,Loghorn,IT,5549523790844,
5,21.52,PHP,,1127754,1304583,eltharin,FR,4597515713317,
5,21.51,C++,,2420133,1480501,DaFish,SE,29432508282053,
5,21.5,C++,,1319900,1478781,maxim1000,UA,12597456812730,
5,21.49,Scala,,1105208,1882624,nagi.elhachem,FR,,
5,21.48,C++,,762478,226115,Nergal,FR,1822981218014,
5,21.48,Java,,654196,668906,Sandworm,NL,1871842772580,
5,21.44,Rust,,2496139,154388,WORST_DEV_EVER,FR,37335148285737,
5,21.4,Java,,1574221,425462,Azt-yur,RU,16224786627212,
5,21.39,Lua,,684250,1326194,nicolef,FR,7304981074609,
5,21.37,Java,,1316461,854952,dolmen1234,FR,17144268818519,
5,21.32,C#,,654198,378761,Lure01,JP,,
5,21.24,C++,,2424232,302495,OhmatheusVolt,FR,20183520887570,
5,21.17,Python3,,805950,1636557,smalik,PL,8436383564366,
5,21.14,C++,,1224363,1846419,XavM,FR,,
5,21.02,C++,,667216,806157,Aveuh,FR,26056508096726,
5,20.98,C++,,1731954,153557,ISMAX,FR,1814926308210,
5,20.94,Python3,,803641,1634667,aja,PL,,
5,20.93,Python3,,805673,1634682,Ts,PL,,
5,20.91,Java,,2171945,307151,EmmanuelAsfar,FR,10959500190423,
5,20.86,Java,,2482393,3443513,serg-v,RU,32643985566960,
5,20.82,C++,,1218120,1846783,asperger,HU,,
5,20.79,C,,2453867,2924895,trictrac,FR,23056996012330,
5,20.79,C++,,2475820,2590149,GoofyGas,US,18536033690531,
5,20.77,C++,,654180,300142,oyefremov,UA,70294627712956,
5,20.76,Scala,,1101836,1844316,,,,
5,20.75,C++,,1323354,153774,cocoche007,FR,12063678639268,
5,20.74,Java,,2409265,2114947,Nixerrr,HU,25886476520293,
5,20.71,Java,,986955,1481384,Ethaniael,FR,44260402280290,
5,20.67,C#,,1491938,2161717,elro,FR,15108334910800,
5,20.66,C++,,2256006,735487,amurushkin,RU,2111605585777,
5,20.63,Scala,,1482307,1897660,[hingra_f]Yama_,FR,11690350333818,
5,20.63,C++,,802910,1637600,PiotrP,PL,,
5,20.57,C++,,1593787,854169,Silmaen,FR,26099485782783,
5,20.56,Java,,2243770,502798,thunder,JP,20161824369368,
5,20.56,C#,,1597362,1854731,Solringen,UA,16167126883266,
5,20.55,Scala,,1090472,1870398,F6100,FR,,
5,20.49,C++,,2055825,1457162,JFB,PL,12110108490250,
5,20.49,Javascript,,654158,270479,jpfoucault,FR,,
5,20.49,Python3,,2333532,1114834,k4ng0u,FR,26037223936643,
5,20.46,C++,,1422048,1530051,UlYoP,FR,13341789660807,
5,20.43,Scala,,1109511,1860448,Sharked,FR,11415957773102,
5,20.43,Java,,978381,497454,SheldonX,CN,,
5,20.4,Scala,,1127959,1885434,une_otarie_scalaphile_Angela_b,FR,11499947900233,
5,20.36,Scala,,1101521,1874271,SuperP,FR,,
5,20.35,Scala,,2276354,2006324,SihardeOussama,MA,75224840468195,
5,20.32,Haskell,,1514287,512097,Stilgart,FR,69893904259383,
5,20.3,Javascript,,1424622,1832570,zeprone,FR,,
5,20.27,C++,,1627489,888898,helgui,RU,22560718540069,
5,20.23,C++,,928485,1211965,B0b,FR,,
5,20.15,C++,,654186,1360485,ileasile,RU,,
5,20.13,C++,,2316120,1713768,aLagoG,US,9531109712171,
5,20.12,C++,,943554,1666441,ilostmypen,NO,9166052047928,
5,20.05,Python,,654195,1034338,Galilleos,FR,2470057968741,
5,20.02,Scala,,1110131,1908114,,,,
5,20.01,C++,,1402966,1876721,poInT,RO,12765268782195,
5,20,Java,,2137187,2979432,freeeeeze,,,
5,19.98,C++,,806859,1644437,SurfDog,GB,8847615333071,
5,19.97,OCaml,,2060032,925695,Boulet,FR,29121141951376,
5,19.95,Python3,,806021,1642369,zyks,PL,,
5,19.91,Scala,,2505929,1855171,Anayoridango,FR,,
5,19.91,C++,,1850801,2498058,akouryy,JP,18584345169889,
5,19.86,Kotlin,,2062217,2720216,ilgiocatore,TD,55263688781564,
5,19.8,Go,,1308942,1949851,gollariel,UA,66040745303387,
5,19.8,Ruby,,986164,1140027,theBee,CZ,10678217899980,
5,19.8,Python3,,805060,1649305,fulaphex,PL,9020546234566,
5,19.78,C++,,1390233,1195031,Nekto,UA,12266026557225,
5,19.74,C#,,1493509,1378958,Illedan,NO,16222515698472,
5,19.73,C++,,785183,1100752,ValNykol,GB,10307803807981,
5,19.71,Scala,,1106811,1849210,Kawa,FR,11174627784574,
5,19.71,C#,,1324674,857521,MrAnderson,US,11962925912807,
5,19.67,C,,1766989,1341520,egaetan,FR,21055353954161,
5,19.65,Java,,1450618,1753925,Wildcat,FR,14934574494306,
5,19.65,Go,,1325713,855492,Erk,FR,2877561401522,
5,19.64,C++,,1444114,2108168,ElMoMo,FR,,
5,19.59,Go,,1562210,1714338,cobase2010,US,9291684426121,
5,19.57,Python3,,2336898,614215,Jo,FR,25861427746726,
5,19.54,OCaml,,654217,1132938,jeedayy,FR,30875926921097,
5,19.53,C++,,1986134,2731276,panda42,DE,20365034647350,
5,19.53,C#,,654173,1340666,Pred4c3,HU,,
5,19.52,Python3,,893305,1158238,Veka,FI,16352110145061,
5,19.47,C++,,2429889,1620803,Lyapunov,HU,8098302957147,
5,19.43,Python,,654187,1339675,SR4,FR,7415513515907,
5,19.43,C++,,1932601,1353795,TheCrucial,PL,18581166493021,
5,19.37,Haskell,,654170,839280,Jseph,US,,
5,19.37,Ruby,,1308791,1065845,Oli8,FR,2986082369890,
5,19.36,Java,,654200,273285,paradoxe,FR,,
5,19.34,C++,,2420359,1518015,peterzheng,CN,22701679961753,
5,19.34,C++,,664820,1529191,qba,PL,5753743740541,
5,19.33,Python,,801313,1636352,maciek16180,PL,,
5,19.33,C++,,1618353,1169499,naab,FR,21217854473439,
5,19.32,C,,690243,1437820,Deadbool,FR,6640902453847,
5,19.32,C++,,2579299,1064903,Ghirtor,FR,12908263710932,
5,19.32,C++,,805064,1639727,igr,PL,,
5,19.31,C#,,1408313,1815974,tvv766,RU,13576621735241,
5,19.29,Python3,,1108683,1436764,Djuls-NYC,US,4471228465745,
5,19.28,C++,,1577308,1106450,RiSuS,BY,96581849782494,
5,19.26,Java,,1172572,1942089,Coding_Cruche,FR,12076988558916,
5,19.24,Python3,,654223,463873,tanakat01,JP,,
5,19.22,C++,,1514761,1485015,Murky,SE,12301401087788,
5,19.22,Kotlin,,1461748,1515891,ndc,RU,57247748477088,
5,19.18,C#,,2429693,1792532,Zanbez,FR,53160220485725,
5,19.15,Python,,1604998,972894,resty-daze,CN,4833160251412,
5,19.11,C++,,1508407,1245647,[CPC]Herbert,FR,3322157787948,
5,19.1,Go,,1397694,1336303,balintant,HU,3781916661047,
5,19.09,C++,,2200060,2906497,daaskare,FR,22173137881499,
5,19.03,C++,,801932,1646609,Goovie,PL,,
5,18.98,Java,,2411966,893541,wala,FR,97577641170180,
5,18.97,C++,,791608,1639004,barteeek,PL,,
5,18.92,C++,,1495333,1584802,emh,NO,8880348453118,
5,18.86,C++,,1087221,1462449,wackadoodle,BE,5333973696242,
5,18.84,Python3,,2095500,1393621,GillesV,BE,4217308329196,
5,18.8,C++,,1674962,820000,ValGrowth,JP,95440985747208,
5,18.79,C++,,1574989,1235673,Lirkin,FR,13380771600138,
5,18.74,Scala,,1096326,590442,jeremylulu,FR,11087520847572,
5,18.7,Go,,795400,1634322,Marqin,PL,7560927439149,
5,18.69,Javascript,,2470572,3011883,Ruddch,RU,23467941700524,
5,18.66,Python3,,2213938,1195467,Etienne38,FR,2972943488770,
5,18.65,Java,,654174,414278,oobException,FR,4595241889335,
5,18.65,Java,,1213296,1879795,Speekha,FR,11429400746197,
5,18.62,Python3,,1219221,1718945,ilovebugs,FR,12888982055648,
5,18.58,Java,,1730181,334434,Rajh,FR,6813083165957,
5,18.54,C++,,2495652,1238934,accorp,BG,3266599024388,
5,18.49,Python3,,1848319,1727572,Literman,RU,9440222888328,
5,18.45,Java,,654168,635987,agusdmb,AR,,
5,18.44,Javascript,,1132912,1934206,HappyTeam,FR,12000449536757,
5,18.43,C++,,804984,1650579,aerletalis,PL,,
5,18.42,C++,,2032410,1673335,Muzu,PL,43617608906679,
5,18.41,Scala,,1850938,2158902,Snowbart,BE,14173545643497,
5,18.4,C++,,797648,1643520,RippeR,PL,,
5,18.39,Python3,,2256996,1734105,Bibou,FR,13195589819771,
5,18.37,C#,,1402686,2032243,A510,PL,13054350270639,
5,18.34,Python,,654155,663394,Belge-FDLE,BE,,
5,18.33,Java,,1310319,1831684,dbf,RU,22691032646401,
5,18.29,C++,,805429,934212,Darge,PL,8009659045984,
5,18.2,Java,,779323,836864,totokogure,FR,11350880998558,
5,18.18,C++,,1617523,1369164,Crawford,UA,,
5,18.15,Python3,,654175,969333,JasperV,BE,5665765013739,
5,18.14,C++,,654227,1034635,SlyB,SE,2110171576995,
5,18.11,C#,,1262919,155929,[CG]jupoulton,GB,9399538004630,
5,18.11,Java,,2132760,1711554,Boboppe,FR,15588253280862,
5,18.1,C++,,2425976,1684486,Whopper,FR,12645064652397,
5,18.04,C++,,1389138,1481544,ZarthaxX,AR,63758603571200,
5,17.99,C++,,654166,588426,Jeff06,FR,10102464552605,
5,17.96,Java,,2060073,1014684,Zola75,FR,,
5,17.95,C++,,2061124,754792,Ramdeath,LT,13430148307311,
5,17.93,C++,,2082469,1756952,Petras,LT,14577886478284,
5,17.92,C#,,1562211,828239,[SG]Bisou,FR,3777247629960,
5,17.91,Python3,,1777191,1841051,Alpacah,GB,17119043174583,
5,17.9,C,,800371,1038953,P_B_J,FR,4972986404230,
5,17.9,C#,,1684101,788997,aLeX__,FR,3245174869063,
5,17.89,PHP,,1471385,1305374,Frankich,FR,4884866560369,
5,17.87,Ruby,,2081962,1060181,Dabou,FR,3798025078627,
5,17.85,C++,,1412564,1753077,codingWhale,DE,44660101966182,
5,17.84,Python3,,2032409,2796755,KOT_I_PIOS_CHEAT,RU,,
5,17.83,C++,,1606764,2085649,Lsmith-Zenoscave,,16732451007917,
5,17.82,C++,,761527,1115053,xlREDlx,ES,2903827555601,
5,17.82,Java,,1942887,2060993,Nabaki,FR,13247709055067,
5,17.82,C#,,2051382,473310,MadOokami,RU,21016954154857,
5,17.81,C++,,801933,1697526,Radewoosh,PL,13245211340001,
5,17.8,Python3,,894351,1691466,HelloFromRussia,RU,,
5,17.8,C#,,1592599,1892369,Blackw,FR,11540443391575,
5,17.79,Java,,2059771,2651240,[MPST]Donset,FR,19197488537401,
5,17.77,C++,,1362207,1314796,JBence,HU,12256157738927,
5,17.75,Java,,654233,848989,revever,FR,3260982337452,
5,17.67,Javascript,,2497460,2115491,Haashi,FR,13769252859943,
5,17.58,Python3,,2254639,888439,ysharc,IN,98330464228370,
5,17.57,Python3,,2310569,2510531,Jamproject,FR,19194665531844,
5,17.57,C,,962645,1568785,Chalzy,CA,10551277510615,
5,17.54,Scala,,1109552,1128537,Mougatine,FR,11151070235397,
5,17.53,Java,,905630,1643777,jadb,PL,,
5,17.53,C++,,2347699,1109979,Gloopy,FR,5855023276100,
5,17.52,Python3,,766579,1531874,Raven_Darkhold,SE,44019302014303,
5,17.52,C++,,802257,1645355,Adayah,PL,7689048155136,
5,17.5,Haskell,,690130,1342745,Catiminie,FR,5639908914832,
5,17.5,C#,,2126715,2947696,E777KX,RU,,
5,17.49,C++,,2051928,2450542,MindControler,LT,18279641223736,
5,17.46,Python3,,1569858,1788820,Xavier_F.,FR,13014510608768,
5,17.46,C,,2440373,1382430,Takenoko,JP,30888025878736,
5,17.44,Java,,1387228,1372349,NinjaDoggy,US,5338452207730,
5,17.44,Python3,,931063,1488793,kerloic,FR,,
5,17.44,C++,,2019195,282701,MarcelBrouette,FR,17869842723211,
5,17.42,Java,,2453705,1077559,PhOeNyX,FR,2248934338554,
5,17.42,Python3,,2320955,2762653,RAAAT,FR,20523458481719,
5,17.42,C#,,806017,1636342,tomju,PL,7540021057896,
5,17.42,PHP,,1601777,2255187,rom_02,FR,15159656953949,
5,17.38,C++,,2434399,1637883,mucchin,JP,7567383871853,
5,17.37,Python3,,2306706,1759839,matleg,FR,27938585309756,
5,17.34,Java,,764126,1458393,IJKL,FR,,
5,17.3,Java,,795666,1648194,zarlok,CH,,
5,17.27,Java,,654222,220025,vLab,FR,,
5,17.27,C#,,2069555,1360294,otk,FR,5795821467245,
5,17.27,Python3,,804231,1648990,olekluka,PL,,
5,17.26,Ruby,,1317807,1066028,JrmC,FR,2834222029361,
5,17.23,C++,,1851452,1944142,yakalir,FR,16380585954109,
5,17.23,C#,,768409,1544445,DoctorJinxey,PL,106514347577813,
5,17.23,Python3,,2189605,1898468,joeltonyf,,,
5,17.21,Python3,,2313163,3213465,Gegene,FR,26020628663366,
5,17.2,Java,,1215136,1876152,Greg_R,FR,,
5,17.19,C++,,654164,405955,ArthurSonzogni,FR,2921939083210,
5,17.18,C#,,1312504,1962401,Mackhdo,FR,12277941885963,
5,17.15,PHP,,1311529,1853956,Nkoyan,FR,108956788280248,
5,17.14,Scala,,1108211,1861862,peicho_d,FR,,
5,17.12,Python3,,2136878,1203167,r3versi,IT,95526949188356,
5,17.1,C++,,1411530,2112745,dengzac,US,,
5,17.1,PHP,,2089620,155896,gamoul,FR,2010495372657,
5,16.97,Python3,,2046095,2796831,SupaCheat,RU,,
5,16.95,C++,,2099309,1791118,Baboune251,CH,,
5,16.93,PHP,,2322946,1412263,PatrickMcGinnisII,US,75707267075165,
5,16.88,C#,,1500228,1600779,AustinSpafford,US,6862464036379,
5,16.85,Python3,,2055316,2766041,PVR,FR,20573294177576,
5,16.76,C++,,1397399,1630890,Wld,DE,54135389391511,
5,16.75,Java,,2357746,3235897,Zylo,PL,25779784253696,
5,16.69,Java,,1322993,1914730,LumpyTheGreat,HU,11884148281471,
5,16.6,C++,,2121451,2455573,Testeris,LI,17040976226838,
5,16.52,C++,,749885,1312473,StealthEye,NL,,
5,16.5,C++,,1592517,1854246,Counterbalance,NL,26367790351026,
5,16.43,C++,,1636148,1664044,BUG,LT,8001540148135,
5,16.36,Java,,2069554,881037,Amadeuszx,PL,1720829478041,
5,16.35,Java,,1383856,2014685,Colossus,FR,64066141213405,
5,16.2,C++,,2355152,1018437,dubicube,FR,3869874037847,
5,16.16,C++,,798424,1634185,cielak_,PL,8442207303914,
5,16.14,PHP,,654220,944061,Endhor,FR,2101096479783,
5,16.11,C,,1061550,653174,Smelk,FR,3881559642250,
5,16.1,Java,,806037,1636396,Ivan1pl,PL,8886662608912,
5,16.08,C++,,907143,418269,SeaPy,CY,2180541440480,
5,16.07,C#,,1197085,1835525,nwendel,SE,11113911875630,
5,16.07,C++,,1083494,788361,Bob,FR,29407964997640,
5,16.06,Javascript,,690131,409787,anaskiee,FR,,
5,16.05,Python,,2359108,1178157,R_o_l_a_n_d,FR,7129625873167,
5,16.03,C#,,1611518,336939,rlcx,FR,15668149251384,
5,16.03,Scala,,1109915,1856891,Benzaiten,FR,11177370677398,
5,16.01,Java,,794491,1343205,AgustinMarquezBraconi,AR,,
5,16.01,Python3,,909626,792813,VilBoub,FR,72010225615995,
5,15.99,Javascript,,1213207,1785670,Squallfirst,FR,10409341881681,
5,15.95,C,,690132,893598,tjandra,ID,2840845610741,
5,15.91,C++,,2098172,928567,Konstanta,LT,40817500234931,
5,15.9,C++,,1061552,1648180,Penguinator,PL,7809343770457,
5,15.89,C++,,907141,1355645,metiulekm,PL,,
5,15.89,C++,,909430,867995,sethorizer,DE,12304128378208,
5,15.84,Java,,1096786,1241062,jbs,FR,3587401362248,
5,15.82,Java,,1750754,1443538,Gevater_Tod4711,DE,82852165040194,
5,15.81,C#,,907140,855241,Davvv,SE,1997672355489,
5,15.81,C++,,1390001,1061242,Csipcsirip,HU,95146449193670,
5,15.8,C++,,905632,1035754,Bassel,EG,7311621157518,
5,15.78,C,,1404140,1113897,G.Pino,FR,7761305532206,
5,15.77,Python3,,2051161,1598413,Cobalt1164,US,6763144900899,
5,15.77,C++,,951167,1712393,JackJohnson,DE,10045804513309,
5,15.75,Java,,2113197,892056,LaurentTrk,FR,21751586481934,
5,15.74,Python,,771965,1039456,nikokolas,FR,2134795155504,
5,15.74,Kotlin,,1636312,880945,OmarHP,MX,30244607133535,
5,15.74,C#,,2351839,2990298,SJMakin,GB,23528352985115,
5,15.72,C#,,1386155,1067460,Elirso_INSAT,FR,13301648072964,
5,15.67,C++,,1615226,734401,b0n5a1,FR,1848632360793,
5,15.61,Scala,,1108013,1865430,ragkar,FR,,
5,15.6,C++,,795661,1418821,input.txt,RU,13393616028136,
5,15.6,Java,,654221,1464932,Tiramon,DE,12287237914571,
5,15.58,C,,974488,1416725,BayashiPascal,JP,4376480611767,
5,15.58,C#,,1421920,1151202,Lexin,RU,7693102783606,
5,15.49,C#,,1388277,1949970,Junior.,,,
5,15.41,Scala,,1088437,1849743,billio_r,FR,,
5,15.38,Scala,,1109798,1856697,zehir,FR,,
5,15.34,Python3,,2486484,2642085,stoggi,NZ,32910660728338,
5,15.27,C++,,1514764,1965790,Fablu,SE,12301263762008,
5,15.12,Java,,805672,218189,[CG]Maxime,FR,2925297592678,
5,14.99,Scala,,1109256,1860469,amadou_a,FR,,
5,14.96,C++,,1612670,2396169,Emaginidoc,JP,18322225969360,
5,14.87,Python3,,2453673,1645870,ppo1,IL,13051133119904,
5,14.86,Python3,,1310273,1540877,PrincessKokochin,BE,5960845644529,
5,14.86,Scala,,1397691,1854783,barroy_t,FR,,
5,14.85,Java,,1402860,1520827,IcedCapp,CA,6572816126895,
5,14.75,Java,,2458480,1934314,Leech2120,DE,12004983448540,
5,14.74,C++,,1189636,1546856,AnonBaguette,FR,6136100286572,
5,14.67,C++,,2439869,3278077,gerrygoo,MX,26203000931737,
5,14.59,C++,,1402862,1528055,YannBeuc,FR,,
5,14.57,PHP,,1100500,153057,PierralF,FR,1762452918913,
5,14.47,Python3,,1093233,1592768,BillTuer,DE,6631259379552,
5,14.42,Java,,654162,1347751,FunFR,FR,5447568095935,
5,13.9,C++,,1660667,1856287,tekitoto,JP,12622074355553,
5,13.67,C++,,1748792,2271012,Galbo,JP,,
5,13.67,C,,1385747,973040,papyjo,FR,15696776172839,
5,13.61,Java,,1429546,1899222,joPer,FR,13448889839275,
5,13.55,PHP,,654229,739261,MrPoulet,FR,,
5,13.41,C,,1530540,2296520,karaage,JP,,
5,12.97,C++,,1613451,2330513,OldBeaver,JP,16348909977513,
5,12.85,C++,,1496943,2250998,gzgreg,CA,,
5,12.12,C++,,749887,942208,Dex08,FR,4687041288318,
5,12.02,C++,,1473391,224325,TidyMaze,FR,2654133392410,
5,11.96,Java,,1386275,1877348,harshch000,US,13613322829533,
5,11.17,Python3,,2502010,3010219,NicoTfoutu,FR,23535568545283,
5,10.56,C++,,1496196,840319,JsephJava,US,4921379736812,
5,9.55,C++,,749950,980147,kingmoshe,IL,,
5,9.45,Java,,2086437,2864069,,,,
5,9.13,Scala,,1653230,1740037,ereiam,FR,12669494111004,
5,8.52,C++,,750785,980653,yarden,IL,,
5,8.36,Scala,,1109619,1874790,corbel_a,FR,11493303336574,
5,8.23,Java,,654161,427389,Pitaguy,US,,
5,7.13,Scala,,1109510,1856241,gbagui_a,FR,,
5,6.98,C++,,1578878,371603,martin,CA,1761380964089,
5,6.02,Java,,805795,856695,colegu,RO,47101648476115,
5,5,Scala,,1079133,1877326,,,,
5,4.88,Java,,658569,1012859,epoxyPilot,NZ,5545588553210,
5,4.84,Java,,807773,970947,DawidSzczyrk,PL,,
5,3.7,Bash,,2485659,335954,nmahoude,FR,19628800665378,
5,3.46,Java,,1396643,1304434,MP-63,FR,4626409521789,
5,3.28,C,,1492087,1464828,sapics,JP,,
5,2.53,Scala,,1109839,616288,Totonut,FR,,
5,-0.41,C++,,1494259,1204522,llllllllll,HU,5414923753601,
5,-2.37,Java,,1514748,1712648,luckyy,RU,9458793846059,
5,-3.03,Java,,1604781,2255945,PoppyTrail,FR,15571421861051,
5,-3.26,Scala,,1109505,1865061,[leandr_a]Reelou,FR,11271732216701,
5,-5.12,C++,,1776437,1606588,inoryy,GB,40823886320345,
5,-8.47,C++,,1215930,494104,Recar,GB,4953953776940,
5,-9.6,Java,,779301,1655241,Wowo,FR,7837075438080,
5,-inf,,,,1546047,,,,
4,23.46,C#,,2203158,225875,leff,US,46674243497438,
4,23.2,C++,,2210996,2233676,cleanrock,SE,15895038133316,
4,22.99,Scala,,1109931,1859368,MuratC,FR,30674307684127,
4,22.55,C++,,1633378,2063902,Umbra99,DE,13270758053049,
4,22.45,Python3,,1936652,1525831,ntsd,TH,86763903852312,
4,22.39,C++,,923461,1773971,Lothric,DE,10204256492627,
4,22.28,Kotlin,,2480020,1553617,salmiakki,RU,32394743422905,
4,22.25,Python3,,2323941,153965,Keelhaul,FR,4367050238110,
4,22.23,C++,,975733,1542460,[CPC]totoleharicotvert,FR,6009849340344,
4,22.14,C++,,2421159,1601217,Heide,FR,24684492596453,
4,22.01,C++,,647510,1194882,Quadbro,RU,5344040515649,
4,21.97,Java,,647501,1518477,hexu,CN,5619813658390,
4,21.93,C++,,2311668,3118570,Razovsky,FR,24597204966152,
4,21.91,C#,,1961581,2662505,aponomarev,CZ,19929405528229,
4,21.87,C++,,647343,286691,exynos,CA,1891324239697,
4,21.85,Python,,647376,1036003,Ryo,FR,2257573921631,
4,21.78,C++,,647310,943556,DollarAkshay,IN,18256210360824,
4,21.74,C++,,1386612,2081495,CookieMonster,RW,13416574423670,
4,21.72,C++,,787320,1624567,DTA,FR,7300080875159,
4,21.7,C#,,1304016,834202,Racso,CO,17488039128858,
4,21.65,Java,,1433413,1388251,,,,
4,21.6,C++,,2439812,1899200,Ellain,RU,23781482616809,
4,21.56,Java,,1091709,198916,WhatTrickeryIsThis,FR,40590448621674,
4,21.55,Java,,2039776,2796100,m1_k3,RU,20853711336127,
4,21.53,Java,,1659147,2130169,CyberLemonade,IN,57032502077757,
4,21.52,C++,,803568,1644896,pokorska,PL,,
4,21.43,Python3,,1409292,192600,,,,
4,21.36,C++,,2430830,3355298,Koou,JP,29902885740007,
4,21.24,C++,,1445512,2096064,xiao.sha,CN,13778309629915,
4,21.19,C++,,647353,1271822,sbksba,FR,,
4,21.17,C++,,762527,1390607,GoperJohn,UA,67601821029462,
4,21.16,Python3,,2110642,264258,MrFlibble,FR,1734790686424,
4,21.11,Ruby,,1882684,2572485,DGynn,US,18568972569137,
4,21.09,Java,,1324724,1748803,rayden,FR,,
4,21.04,Java,,767604,1528929,Blackfich,FR,95780209684968,
4,21.03,Java,,663716,153084,Nilct,FR,,
4,21.02,C#,,2222854,1555572,ThunderbirdOne,BE,29020967090412,
4,20.97,C#,,2086290,993184,Marchelune,FR,18221789751429,
4,20.97,Python,,773741,921111,Kyria,FR,,
4,20.88,C++,,1439398,2142440,HolyShit,GB,14030043828832,
4,20.87,Python3,,1504356,2102562,lyan,FR,13617831724383,
4,20.84,C#,,1443106,1864032,MadcapET,CA,14662859972644,
4,20.8,Javascript,,1657330,1861852,Cramer,DE,13289802969874,
4,20.77,C++,,647348,536400,Atmel,CZ,,
4,20.74,Python,,1075680,1586397,menger3,IL,,
4,20.57,C++,,923600,1735801,blvck21,DE,9555650962662,
4,20.55,Python,,2496612,896714,Neebah,FR,,
4,20.41,Java,,1588443,1864493,raicos,JP,,
4,20.37,Python3,,1392501,2073791,Bobby4,FK,,
4,20.33,C++,,647445,1360659,Evergreen,RU,,
4,20.32,Java,,1932864,994344,Momopouccino,FR,1989352055938,
4,20.21,Java,,2092864,2880509,Zico_Fener,TR,,
4,20.1,C#,,1241384,1812553,Rinoniro,FR,10656749021182,
4,20.08,Javascript,,2465107,1143036,joilson-cisne,BR,4418037854572,
4,20.07,Python3,,2464874,3226448,tobk,DE,34085008032999,
4,20.06,Python3,,671585,1373231,shypiguy,US,3999441830250,
4,19.9,C,,786113,1679978,joel76,,,
4,19.86,C++,,2088496,431967,takazawa,JP,4395256808040,
4,19.82,Haskell,,778503,1525392,migorec,RU,5753011964434,
4,19.79,Javascript,,2129781,155723,gfauchart,GB,22030522492096,
4,19.75,Scala,,884014,1733593,Wei-1,TW,12250588953001,
4,19.72,Python,,784791,1519989,a5kin,RU,5511054769141,
4,19.7,C++,,647440,1376090,,,,
4,19.69,C#,,1450642,911777,MasakiKyosuke,FR,1954689592247,
4,19.68,C#,,792188,411147,HunterX,GB,1752864581255,
4,19.68,Python3,,1081466,1874097,ebl,GB,,
4,19.67,Python,,805979,1642440,Niknejm,PL,9080475167071,
4,19.66,C++,,2585671,443750,mlomb,AR,96112902180014,
4,19.66,Scala,,1109589,1870171,fazib07,FR,,
4,19.65,C++,,647427,542990,Mindstan,FR,1811524131822,
4,19.63,Java,,1585762,2218072,okkun,JP,15342776115827,
4,19.6,Scala,,1218577,1839015,Lapin0u,FR,11962015366022,
4,19.58,C,,1882584,2578980,HUB_EPIMARS,FR,,
4,19.57,Scala,,1206184,1772118,c3dK,FR,12068047842383,
4,19.57,C++,,647433,1327028,FredericBautista,FR,9974192266436,
4,19.49,Java,,647324,492466,Led,PL,8168918349351,
4,19.36,C#,,649429,1470392,TechSession,FR,5580800886480,
4,19.28,C++,,2427391,3386738,DICZ,CN,,
4,19.25,Python,,925478,347051,Diullei,NO,8672616037192,
4,19.2,C#,,1554823,2269040,nukeandserve,US,,
4,19.16,C++,,1648874,1170641,ioncodes,CH,16958340250090,
4,19.15,Python3,,2149288,2662675,redline,RU,32285225120121,
4,19.13,C++,,1865939,295729,webalorn,FR,94438164599211,
4,19.11,Python3,,681007,1512667,DrevanTonder,AU,85191002975977,
4,19.08,Python3,,2436785,3397248,Andy_gogogo,CN,,
4,19.07,C#,,668835,1440644,Turbo_Vince,CA,4519299415157,
4,19.05,C++,,2561280,1765830,tancahn2380,JP,19548187518447,
4,19.05,Python3,,1445064,2106827,shangshandaye,CN,,
4,19.05,Python3,,2423930,1663396,Darkmatter,US,8380661019441,
4,19.05,Python3,,1853782,1861258,Nazdhun,DE,11477900555178,
4,19.05,C++,,647436,875409,enzycal,,,
4,19.03,C++,,2215940,3083121,Geny,JP,,
4,19.03,Python3,,968898,1550625,tomtomtom,DE,,
4,19.03,C#,,808897,1638393,Foonesh,PL,36493242959664,
4,19.03,Python3,,2127810,1176904,MickaDelamare,FR,70161040001019,
4,19.02,Python3,,2025889,2796686,DNO,RU,,
4,19.01,Python3,,2031664,1896128,Vhanire,FR,11579664978229,
4,19.01,Java,,2226097,2103498,MountAnFruh,AT,13624735306783,
4,19,C#,,902541,1699384,Suikoden,HR,,
4,18.99,Java,,647468,809204,Porthos3,US,3759727839240,
4,18.98,Python3,,1509348,1897664,ni_co,FR,,
4,18.98,Python3,,1402794,1158733,aitmaly,HU,,
4,18.97,Python3,,1447946,1970506,Taldor,BE,,
4,18.97,Python3,,1129977,1417580,brexe,FR,,
4,18.96,Python3,,2222591,1751199,michac,US,12122554363865,
4,18.96,C++,,647443,1369435,,,,
4,18.96,Python3,,767758,1317750,loul,FR,,
4,18.95,Python,,1751707,1597255,Mitchell_A,CA,7955549125173,
4,18.95,C++,,2235204,2969181,maras,PL,51113541675151,
4,18.92,Java,,907657,1441602,LastVar,RU,,
4,18.91,Python3,,922907,1778284,LeonW4,DE,,
4,18.9,Python3,,1418492,1517119,anej,SI,25962110421190,
4,18.86,Python3,,2041024,2796344,PlzIgnoreMeIAmCheating,RU,,
4,18.86,Python3,,2357528,1097801,Noobmaster69,IN,2511350169653,
4,18.86,Python3,,1216894,1215400,rbitard,FR,10234414453646,
4,18.86,Python3,,1507541,2159059,vp901,GB,14174175514232,
4,18.85,Python3,,1455632,2116157,ivfun,FI,,
4,18.85,C++,,1220654,1898228,datahaven,GB,12125262663895,
4,18.84,C++,,2306651,2522090,MSmits,NL,17784428403916,
4,18.84,Python3,,2135939,1753424,FilkinKuiv,UA,10100504747660,
4,18.81,Python3,,2261598,1323851,Glute,FR,4029628362063,
4,18.8,Python3,,2078313,184272,JLT,FR,19620370645007,
4,18.8,C++,,1435584,2141336,tramak,FR,,
4,18.8,Python3,,1428771,2055377,Covfefe,PK,13638589725708,
4,18.79,C++,,2502580,577849,streb,FR,54333602043923,
4,18.79,Python3,,787825,1501735,bernardlavilliers,FR,5631174858583,
4,18.79,Scala,,1448757,1859529,senhaj_h,MA,,
4,18.78,C++,,647323,687360,nevermind,RO,1986231475348,
4,18.78,C++,,907385,1618260,MarkTellez,MX,9988259653447,
4,18.76,Ruby,,805750,1645865,cichy_krok,PL,8534200590677,
4,18.75,C#,,656531,873958,cheeser,RU,1841296541252,
4,18.74,Python3,,895282,1723132,SirMorti,DE,,
4,18.72,C++,,647515,910831,chris_xh,FR,,
4,18.72,Python,,1108629,490588,Uljahn,RU,23956705948685,
4,18.72,Python3,,2030546,2796102,501,RU,20856718587287,
4,18.72,Python3,,2152468,2897325,CAEZAR,FR,22044095600520,
4,18.71,Python3,,785191,1172323,Alhadich,HU,,
4,18.71,Java,,647518,364493,RAdam,HU,,
4,18.71,C++,,647366,961929,Marcaunon,ZA,1870805046067,
4,18.7,Python3,,1604118,2379525,Dragonslayer1337,SE,,
4,18.7,C++,,803502,1640445,kjnm,PL,,
4,18.7,Java,,1440776,1229845,Jipe,FR,17144841257590,
4,18.7,Python3,,664510,1193408,DoubleZeroSteph,FR,3015400557516,
4,18.68,Python3,,768948,1408214,tushkan4o,RU,7917931614124,
4,18.68,Javascript,,1649192,1525923,Milihhard,FR,5657929468911,
4,18.68,Python3,,1326377,1399852,Thaell,FR,4406620865444,
4,18.66,Python3,,2071733,1609946,ESILV-Marc,CA,10840134253599,
4,18.65,Python3,,2411440,3256614,FredL,FR,,
4,18.64,Scala,,1217516,1904555,KMnO4,FR,,
4,18.64,C++,,647460,270100,Wyrdu,FR,,
4,18.64,Python3,,2091366,1634607,Taraxicum,US,7506783108472,
4,18.63,Python3,,664509,1200604,Alos,FR,17003350276315,
4,18.63,Python3,,941396,1739598,SpaceTramp,FR,10433263100652,
4,18.62,Java,,647332,175101,marbug,UA,,
4,18.61,Python,,2030545,2675822,larry_underwood,RU,19410790808286,
4,18.61,Python3,,1909548,2575431,Kyubi,FR,18408112709787,
4,18.61,Python3,,1624367,2394721,WaterGoblin,NZ,,
4,18.6,C++,,2430459,3167968,Master_Zain,GB,25059813489079,
4,18.59,Python3,,1465802,1655517,gdrr,FR,,
4,18.57,Python3,,886141,1467007,Unni,RU,5566164208806,
4,18.53,C++,,1577652,1857772,darkange69,FR,12244411619280,
4,18.51,C++,,2026490,2000899,GeoBlack,FR,22734645144949,
4,18.45,C++,,1128868,1925452,Cyriax,DE,11951737858636,
4,18.42,Java,,1385377,1367461,MickGlover,US,82788045944023,
4,18.42,Python3,,1504332,1768304,Manu306,FR,14583311301572,
4,18.4,C++,,2430460,1288527,Snef,FR,20716524973752,
4,18.37,PHP,,1395351,156188,DorianWilde,FR,1753926884442,
4,18.33,Python3,,1218096,1950166,DreamTeam,FR,12177993275656,
4,18.32,C++,,1304564,1986587,DirkIntruder,RS,12555531080257,
4,18.32,C++,,2444347,3363216,Kehny,FR,30830369707023,
4,18.31,Python3,,1582044,1545607,Waabbit,GB,,
4,18.29,Python3,,758104,153045,nib,FR,43035725248513,
4,18.28,Python3,,1602461,2345310,BigAdam,SE,15856214123839,
4,18.26,C++,,1865943,2109780,ChaudCoLaTeen,FR,18449914947784,
4,18.26,C++,,2031665,2796114,Wingrull,RU,20852829089879,
4,18.25,C++,,666382,1399382,Regulus136,FR,4335723819637,
4,18.24,Python3,,2078315,2729630,Halphas,FR,23489954951981,
4,18.24,Python3,,807655,1503564,tihilv,DE,8942589805003,
4,18.23,Python3,,875628,1348523,Numb_,FR,12609619784224,
4,18.22,Python3,,2468594,1738384,Svenergy,NL,32064566860801,
4,18.15,Python3,,1486072,2199718,xavi,ES,,
4,18.14,Python3,,2469103,3430694,Xiaolei,CN,32091823306123,
4,18.13,C++,,2496803,1495253,qwertyuiop123,US,,
4,18.09,Python3,,1620867,1631782,kimiamania,ID,7456318588927,
4,18.08,Python3,,1418809,154937,[CG]BOUGA,FR,1884036222374,
4,18.06,C++,,647454,1275484,Ebola,FR,,
4,18.06,C++,,1853783,1105439,Edrevan,CA,18478296493471,
4,18.05,Python3,,2149893,2984694,OmaNija,,,
4,18.05,C++,,765786,918697,jojojo,DE,,
4,18.03,C++,,647325,920994,karadayi,FR,,
4,18.01,C++,,1419422,2056649,J3r3m067,FR,13424000823169,
4,18.01,C++,,647363,812285,SpeedyConsoles,DE,,
4,18.01,Python3,,887563,1643833,SirFernanders,US,,
4,18,Python3,,1470748,748735,MaMyT,BG,,
4,18,Python3,,1659726,2408893,jul_dmz,FR,,
4,17.98,Python3,,968899,1809788,ahq,CZ,,
4,17.98,C++,,2257607,3190099,,,,
4,17.98,C++,,647451,1212587,vwizzle12,US,3099903242355,
4,17.98,C++,,647450,1125706,Saillou,FR,2625613350953,
4,17.97,Python3,,1216893,880353,zasmu,FR,22237226756102,
4,17.96,C++,,2149289,2981223,TH0RAN,DE,23592245019037,
4,17.96,Python3,,2055319,2792232,Monoterpene,GB,21086924772194,
4,17.95,Python3,,647470,302754,meiamsome,GB,,
4,17.94,Python3,,1965212,1741196,Valdemar,RU,94611928291354,
4,17.94,Python3,,922184,1753072,MrOne,DE,9881162469490,
4,17.93,Java,,872509,1719275,Smandon,US,,
4,17.93,Python3,,2041023,2107217,Oh-Maley,CA,79905126426607,
4,17.92,Python3,,791669,1630013,OmarSahl,EG,7418947468725,
4,17.9,Python3,,2234746,1388076,Siruker,EE,5686601100212,
4,17.89,C++,,2083751,2797144,vA,RU,,
4,17.88,Scala,,1216112,1941567,BazingaTeam,FR,12193282532827,
4,17.87,C++,,657520,1369177,PernicN,FR,5398582392443,
4,17.84,Python3,,1616313,1986145,ValNyz,FR,,
4,17.84,C++,,1427484,2073179,Biwere,FR,13718696097951,
4,17.79,Python3,,2502759,1732500,123ABC,US,,
4,17.78,Python3,,1314777,1549145,Mealc,SI,,
4,17.75,Python3,,2254237,1204275,q3ok,PL,3031540881431,
4,17.73,Python3,,647423,1112318,dualinity,NL,,
4,17.73,Python3,,2127811,1352413,Bikibi,FR,5452602794989,
4,17.71,C++,,1849363,2070305,vbhgfhjgvj,ES,,
4,17.7,Python,,1109588,1904131,,,,
4,17.68,Python3,,2319327,3144403,Hugolau,FR,,
4,17.67,Python3,,2259168,2144450,Instinct,RU,38303289192302,
4,17.66,Python3,,2455898,3364231,masayo,JP,,
4,17.66,Python3,,2078314,2017805,Winter_not_comming,PL,66744141457956,
4,17.65,C#,,1957999,1417361,Griboedoff,RU,17374244895756,
4,17.65,Python3,,2236296,1971865,Nanosplitter,US,43968389502423,
4,17.63,Python3,,2234713,2398608,M_C,FR,,
4,17.63,Python3,,806799,1710881,Eaffe,EC,,
4,17.61,C++,,2240104,1817314,dubiscube,FR,13986263150529,
4,17.61,Python3,,661608,184496,G-Rom,FR,1725342109561,
4,17.59,Python3,,2254238,3104953,Wajeeha,NO,,
4,17.57,Python3,,669464,1544628,arnaudsj,US,,
4,17.57,Python3,,2027018,2796621,snegovikufa,RU,20863574358301,
4,17.56,Python3,,2319328,3299186,Joao.Paulo.Cruz.Rosa.Unis,BR,26454408573550,
4,17.56,Python3,,1665196,1425854,Flashx,IL,,
4,17.55,Python3,,1603866,1946062,Hey_,DK,12145606548138,
4,17.54,Python,,1429401,1716525,Klonky2.0,IL,13961379905537,
4,17.53,Java,,1754548,1123581,Luksis,FR,64256849846892,
4,17.53,Python,,1397403,893027,R.Janvier,FR,13207862339896,
4,17.52,C#,,908758,1425201,JamesPun,ZA,4426071280478,
4,17.52,Scala,,647437,301922,tyrcho,FR,1742081719876,
4,17.51,C#,,1385702,1349769,EltonCosmonote,FR,,
4,17.5,Python3,,2127812,1876212,PFischbeck,DE,14113662061799,
4,17.49,Python3,,2025886,2796491,OposumAndrei,RU,20858767612956,
4,17.49,Python3,,2335452,953094,Witman,PL,1798239809031,
4,17.49,C++,,647507,815824,Alaa,SY,,
4,17.48,Python3,,1747583,2093395,VadimKuznetsov,UA,15462798488362,
4,17.48,Java,,1499444,1603088,HyperDec,FR,19948073929165,
4,17.47,Python3,,805728,1711541,Bomboe,BS,9149717262479,
4,17.47,Python3,,2197650,2955936,sChen,US,,
4,17.47,C#,,1874567,2428416,Theino,US,16767909932722,
4,17.46,Python3,,2502431,3299930,kamelserv,DE,26466578946744,
4,17.46,Python3,,1216785,1702432,BluePixel33,IT,9069292309007,
4,17.46,Python3,,2477919,2870754,Athanatos,IN,25331818639768,
4,17.44,C++,,2483908,1944726,bourgeof,FR,12115914449796,
4,17.44,Python3,,2205477,1804169,stalk-calvin,CA,24523726097663,
4,17.44,Python3,,1216627,1934015,TITI45,FR,,
4,17.43,C++,,691145,1428356,VictorTimoftii,MD,15132254392741,
4,17.43,Python3,,1849092,2133361,VadimKuznetsov1,UA,18127989393834,
4,17.43,Java,,2460666,1052309,TomaszHaponik,PL,,
4,17.33,C++,,1717868,862098,uralbayhan,DE,5639784217427,
4,17.33,Python3,,2481657,2378225,okon,PL,,
4,17.25,C++,,2188304,3008254,HamidBelieve,IR,,
4,17.21,Python3,,2481655,1519405,Tolino,SC,33288606240556,
4,17.17,Python,,801027,1046332,Dioxide,PL,2148437141725,
4,17.16,Rust,,1325558,1323621,Blablub,DE,,
4,17.16,C++,,2336472,2333354,Allybag,GB,27194860717881,
4,17.12,Java,,2498663,3483051,micwo,DE,34374081213506,
4,17.09,C++,,2216808,2449144,Squiki,PL,,
4,17.07,Python3,,2140360,1552764,466f7272657374,US,6774987177845,
4,16.83,C++,,2585764,2242201,Maryan,UA,33999460575859,
4,16.76,Java,,647340,315347,fa,FR,,
4,16.69,Javascript,,1464177,740424,vmeurisse,FR,2106597540539,
4,16.55,Python3,,666584,1540558,costrouc,US,5954465075421,
4,16.54,Python3,,2452632,2739951,Raptile,RS,,
4,16.52,C++,,1843566,186179,Nagrarok,FR,95596601515650,
4,16.52,Python3,,2522829,1640544,NielsDominguez,FR,,
4,16.51,Python3,,792625,1644100,arcSRL,PL,11876490729849,
4,16.5,Python3,,663535,1541873,AbsoluteMSTR,US,,
4,16.5,Python3,,742136,425477,selslack,RU,,
4,16.48,Python3,,2508218,2968035,DomiKo,PL,46567648927625,
4,16.42,F#,,647479,957176,MWilliam,US,,
4,16.39,C++,,647432,814845,zero77,US,70232682763352,
4,16.36,Python3,,1112897,1110754,thepianist59,BE,2461891351100,
4,16.36,C++,,648342,1443075,Wolfy82,HU,4574349418639,
4,16.28,C++,,1423070,1631057,Pask,DE,,
4,16.16,Java,,2463225,1490846,dibjuv,US,19180045331467,
4,16.16,C++,,647331,273998,nullptr,CA,,
4,16.15,C++,,647467,1036203,SavantFou,FR,,
4,16.15,C,,647426,1136521,nadrek,GB,,
4,16.11,Scala,,647397,512207,Aun,FR,1913752936183,
4,16.11,C++,,795557,1386456,wvsever,BE,4482263162511,
4,16.1,C++,,647490,329200,BlitzProg,FR,7407206403800,
4,16.09,Haskell,,647459,390379,rvion,FR,,
4,16.07,C#,,991947,1838305,,,,
4,16.06,C#,,2213904,1759335,metahom,AE,40546489176319,
4,16.06,C#,,1219349,1915299,Shisui,FR,,
4,16.06,C++,,1666959,1661333,linjoehan,ZA,7946484028034,
4,16.06,Python,,1304562,1013769,_zoup,FR,,
4,15.99,C++,,774004,1529421,AndreyLuzan,LT,5782627363942,
4,15.98,Kotlin,,1858708,1926967,Stanworld,FR,11941603857102,
4,15.94,C#,,1218095,1934246,T.N.D.1,FR,12047949830477,
4,15.89,Java,,647347,321382,l-lin,FR,30316169544607,
4,15.88,PHP,,897555,155774,dwarfie,FR,17785582865119,
4,15.81,C++,,648248,153937,oook,SE,45419445238163,
4,15.8,C++,,647312,1038824,Yoda51,FR,35394841544367,
4,15.77,Python3,,2141226,938694,Zerplin,DK,22863044989052,
4,15.74,C++,,1438226,1838289,Dagal,BE,11875122484747,
4,15.71,Python3,,2105963,1855354,KiwiTae,TW,109683640425245,
4,15.67,Python3,,1088022,1775406,__S__,FR,10220102473332,
4,15.67,Java,,1385729,1518732,Apfeloxid,DE,27685163757224,
4,15.64,Rust,,2489362,904881,lpenz,IE,3716396377696,
4,15.61,Java,,1604117,1361074,Stef.1,FR,12613725789757,
4,15.54,Java,,1096988,1652744,Digo271,FR,7795660327407,
4,15.4,Java,,2038035,2480972,d3d3,FR,17399956983229,
4,15.4,Python3,,2333559,2290633,field3,JP,75961127697737,
4,15.39,Haskell,,2319462,154906,JBM,CH,,
4,15.34,C#,,1308700,507383,Vadasz,HU,,
4,15.32,Java,,1230584,1663473,Askoog,SE,11932643388530,
4,15.27,Java,,647346,528699,DG,FR,57490680686199,
4,15.07,Python3,,1582043,1721740,jl16,FR,,
4,15.06,Java,,1644011,1716131,clauds,US,,
4,14.97,Scala,,1322162,1164242,Andry_,IE,16155540659808,
4,14.94,C#,,2452750,3264942,maskit,LV,27340482113146,
4,14.92,C++,,647904,1334577,ForTeaToo,FR,10539249642230,
4,14.87,Python,,923435,1225196,Pepetroo,BG,10586977187012,
4,14.84,C++,,1601209,256955,cup_of_tea,FR,14752068261565,
4,14.83,VB.NET,,2508194,3028864,lorcQc,CA,,
4,14.81,C#,,2103445,2927320,itectori,CA,22507458161222,
4,14.73,Java,,647364,846096,bl_destructo,US,,
4,14.72,C++,,647338,290584,hidoba,UA,,
4,14.59,Java,,858707,1692156,luisf,US,,
4,14.53,Java,,881870,1566335,BeardedWhale,SE,36571449875674,
4,14.45,Java,,657971,1070718,Sigmunds,FR,5818892767889,
4,14.43,Javascript,,2030547,2067176,0bug,FR,13297732398460,
4,14.43,C++,,769122,1585904,Irridor,US,,
4,14.41,Python3,,648343,1354295,V3T3RAN-GAM3R,,,
4,14.4,Java,,2433910,855555,TheSearch,DE,,
4,14.38,Java,,647475,819803,Anordil,FR,3821719871736,
4,14.37,C++,,1390036,1284747,mr-push,ZW,9045526147125,
4,14.37,C++,,647316,952284,Copro,FR,2300779354891,
4,14.36,Java,,647337,301588,vlad,FR,,
4,14.36,Javascript,,647472,999990,gus222,FR,,
4,14.35,Python3,,690058,843126,ItsBuddha,US,3362091118573,
4,14.33,Go,,647413,1480767,Soft55,FR,,
4,14.32,Python3,,647374,971715,mbarkizied,TN,13482862030426,
4,14.32,Go,,647373,895167,Robinhood_Pandey,IN,1731520446771,
4,14.32,Java,,647750,1178276,Jerome_95,FR,19999067509724,
4,14.29,Python3,,1385375,1481043,Kyrosh,DE,12661250712745,
4,14.28,Go,,1604119,1625378,Mustafa_Kamel_saied,EG,8807018406963,
4,14.28,Python3,,1305583,1520006,Sillentre,PL,12870501287467,
4,14.28,C++,,2174998,2019368,ZudenSachenselbst,JP,13369533764569,
4,14.27,PHP,,1422033,1384905,Mikie,GB,,
4,14.26,C#,,1599627,1073604,speedFast,US,4320986331435,
4,14.23,Python3,,654924,1477791,seitec01,HU,,
4,14.21,Python3,,647355,1309586,Puccini,FR,3584180316904,
4,14.19,Python3,,1462996,1511183,Pseudope,FR,5511703625268,
4,14.18,Java,,2494312,2976964,BenjaminUrquhart,US,26083283518959,
4,14.14,Java,,748532,1487087,Manumane,FR,6011143781578,
4,14.13,C++,,1123207,912651,0006-lVH,FR,9709456688073,
4,14.12,Java,,1413220,2027993,okazaki,JP,12935934894308,
4,14.07,Python3,,909204,1698007,wagenaartje,NL,9671425358036,
4,14.04,Go,,647486,1063294,Chaya,FR,5516488637538,
4,14.02,Python3,,647429,1414580,wallace,CN,,
4,14.02,Go,,647359,828213,anst,FR,1734651202684,
4,14.02,Python3,,648037,1402390,,,,
4,13.99,Python3,,647294,1524386,FallenRiteMonk,IT,5642257160395,
4,13.98,Python3,,648235,1255517,icekid,RO,,
4,13.96,Go,,662434,1019186,Orik,ES,,
4,13.96,Python3,,804383,1638836,ArekKrawczyk,PL,,
4,13.94,Dart,,647330,155856,mohamed.bouchnafa,MA,56621141995258,
4,13.93,Python3,,662239,1229284,Prajyoth,IN,5626443921561,
4,13.88,Python3,,647403,1497472,Oridos,US,,
4,13.88,Go,,647375,1011427,EricBraultPoliquin,CA,2026925868224,
4,13.88,C++,,2077666,1480384,RockyMullet,CA,29411883532107,
4,13.84,Python3,,647452,1303554,Diheuheu,FR,,
4,13.83,Python3,,647484,848147,ODYN_C,US,,
4,13.83,Python3,,1488037,1866525,charMlessMan,BE,,
4,13.82,Python3,,653973,1498311,Classick,SG,,
4,13.8,Go,,647369,922964,GuesshSlayer,FR,,
4,13.79,Python3,,647356,1227762,rFlo,RU,,
4,13.79,Python3,,647506,1399747,NoIdeaWhatImDoing,AF,,
4,13.78,Go,,647370,922972,Nicolas05,FR,,
4,13.77,Python3,,647430,1398679,sdfsdfsdf,AL,,
4,13.77,C#,,647453,1288975,Lamihck,FR,,
4,13.77,Python3,,647314,1096228,XiaotianZuo,CN,2328944354325,
4,13.77,Python3,,647425,1284181,Xalaa,SE,,
4,13.77,Python3,,647444,1189679,Wayde,FR,,
4,13.77,Python3,,647341,154342,MercuryWood,FR,24742607805466,
4,13.77,Python3,,647419,1443859,Alcofribas,DE,,
4,13.77,Python3,,647402,806622,caddy,RO,34360105364062,
4,13.77,C++,,647350,627880,Rix++,FR,86612985324749,
4,13.76,Python3,,647491,1489925,DeSet,BG,5060331972589,
4,13.75,Go,,747073,1032312,hmed,DZ,2095761388552,
4,13.75,Python3,,802585,1280137,andrew_lxvi,RU,9343997504454,
4,13.75,Python3,,647471,792261,IKKYU,FR,2245495805908,
4,13.74,Python3,,647424,344892,evuez,FR,2022981591427,
4,13.74,Go,,1611569,2334588,NackadeMark,SE,,
4,13.73,C++,,647307,317480,sponce,CH,,
4,13.73,Python3,,1667367,1062336,ValentinC,FR,3524480634950,
4,13.72,Go,,647458,594635,Solid,IS,52510643792425,
4,13.71,Python3,,647321,975797,Cushydom,GB,,
4,13.66,Go,,648344,922272,,FR,,
4,13.64,Python3,,647415,1465514,keeljoy,TR,,
4,13.63,Go,,647409,1477266,pcruiher08,MX,4941162324941,
4,13.63,C,,1734561,886483,R4N4R4M4,FR,7943435133357,
4,13.6,Python3,,649431,1526431,EAbdel,MA,5672772265146,
4,13.57,Python3,,647320,547522,Ermakd2,RU,,
4,13.55,Python3,,647416,1470031,gandalf,US,4874850029695,
4,13.54,Python3,,647422,1447563,Emilyy,FR,22553991366160,
4,13.54,Haskell,,1127697,1119332,bendzsui,HU,2515192102691,
4,13.54,Java,,647517,812222,POKUS,SK,94598161481226,
4,13.52,C++,,2063747,1364983,BogdanDevichev,UA,20855492443783,
4,13.52,Python3,,647317,1081700,Pipo,FR,2907242916091,
4,13.52,C++,,649430,613926,Keeyan,PL,1851113960237,
4,13.51,C#,,650827,1142942,Aquamoth,SE,2726711501810,
4,13.46,Python3,,659012,819906,scrauler,ES,1724581872168,
4,13.43,Python3,,647512,1451815,hisker95,FR,,
4,13.43,Python3,,647457,666934,93,KR,22498106211390,
4,13.43,C++,,1676245,1818159,JRFerguson,UY,10995631412393,
4,13.42,Python3,,1488035,1629222,nattesharan,IN,8535355326235,
4,13.41,C#,,650921,949628,artifunctional,NO,3628502180316,
4,13.39,Python3,,651864,1518584,Jazon,HK,,
4,13.28,Python3,,647435,1058483,StephaneDtd,FR,,
4,13.27,Java,,647478,920987,redna70,DE,,
4,13.26,C++,,1747664,2456221,schmidma,DE,,
4,13.17,C++,,2485068,1158783,Platypus,ES,2922041819267,
4,13.11,C++,,648227,1506842,Nainbarbu,FR,5346588908324,
4,13.1,C++,,889244,1534769,bartek1912,PL,8958581480336,
4,12.96,C++,,1648554,1333727,mai,JP,19427781980400,
4,12.81,PHP,,664882,455416,JustTolik,RU,2173032641252,
4,12.78,Java,,664883,1518504,bohuss,SK,5792284370171,
4,12.64,C#,,650829,947224,sim0n,DE,,
4,12.07,Java,,1419777,894599,DidierC,FR,1756298465824,
4,12,Java,,656642,1178123,Chabs,FR,4942090065857,
4,11.33,C,,746113,1538959,openmind,US,6027111284936,
4,11.22,C++,,2481269,1853999,Rounddice,CH,12007987924953,
4,10.69,C#,,1218446,1795270,Corf_FR,FR,10472978287295,
4,10.67,C++,,675653,1333347,Sitiel,JP,82564868934569,
4,10.38,C,,1310615,873441,tormal,RU,,
4,10.23,C++,,1948457,2626528,Nils_C,FR,18732666006344,
4,10.17,Rust,,1647142,2413534,EveningRust,DE,16604972875583,
4,10.09,C++,,1442704,2096266,southzz,CN,,
4,9.79,Python3,,1435840,2141727,shuafenhaonan,CN,14221606857961,
4,9.55,Javascript,,1419429,1564309,gravitypx,US,63098363593200,
4,9.41,C++,,648339,1516850,MathematicalJoe,US,,
4,9.32,Java,,766992,1464853,WillNess,US,4754238387945,
4,9.31,Lua,,764611,1181685,dzik,PL,59278888722781,
4,9.29,C++,,941441,232528,cegprakash,IN,10550602859943,
4,9.22,Java,,647335,274838,gblaw65,US,16727425217282,
4,8.7,Java,,2333560,1756760,Routable,CA,11108055335761,
4,7.95,C#,,1445403,1988495,BaptisteLanusse,FR,,
4,7.89,C,,692200,1188212,superredlark,CN,2920737364455,
4,6.5,Python3,,1574761,2199994,MaDi,SE,,
4,6.23,C++,,731059,622303,Zetrock,BR,17358076525804,
4,5.75,C,,1233834,1783604,Vry,FR,13586498256488,
4,5.49,C++,,1599628,2121163,,,,
4,5.35,C,,1025366,1335265,JuanCarlosPepe,DE,31964909261788,
4,5.35,Java,,664884,299962,burlyman,FR,,
4,5.27,Bash,,2211585,2055005,_Azke,KR,,
4,5.15,C++,,1417072,1300254,Escdemon,FR,10836573287384,
4,5.13,C#,,1445529,1988483,Uhrond,FR,14116252938319,
4,4.88,C++,,752858,961017,SabauAndrei,RO,7431693682786,
4,4.75,Python3,,2492971,2066763,ami88,IN,32458800810875,
4,4.53,Python3,,981408,1620775,[blank],DE,7506011392989,
4,3.95,Python3,,1109494,1904178,suumyx,PL,,
4,3.09,C++,,1385376,946494,Cheezey,US,,
4,-1.32,Rust,,770085,1410353,SwagColoredKitteh,BE,13267194518543,
4,-1.39,Dart,,1485741,1428084,Mixolyde,US,4416529869007,
4,-1.61,Rust,,1878556,2606595,PaulH,IE,18543060323599,
4,-1.71,C++,,1107290,1680266,sidd69,FR,8954777356527,
4,-6.04,C++,,1315529,525818,[Dima_Gde_Anons]podliy16,UA,,
4,-6.14,Java,,1736581,2164056,CodeBullet,US,38371186238886,
4,-6.29,C++,,1441496,2134316,Robostomper,NL,13994558471567,
4,-6.38,Java,,1736583,2424607,TheNomad,GB,38854840934908,
4,-6.49,C++,,804119,1636415,jamOne-,PL,7783791181338,
4,-6.89,C++,,647462,270487,premutos,FR,,
4,-6.91,Python3,,1598289,2348411,Powermech,SE,,
4,-6.96,Python3,,891041,1661138,Papanya,RU,,
4,-7.08,Java,,1736580,2164040,Doodler,GB,16711039397399,
3,30.52,Python3,,2496373,3492456,AugusSk8,AR,34343261221387,
3,29.95,C++,,2465141,1447295,Roszondas,RU,4628811002487,
3,29.94,Python3,,2496842,3477207,sesavi,,,
3,29.86,Scala,,1043572,1856726,,,,
3,29.78,Python3,,911845,1685859,TRONB0SS,KP,,
3,29.6,Python3,,2580453,3477232,AxelVo,FR,,
3,29.45,Python3,,1586993,2345317,HaithemSmirani,SE,,
3,29.14,Python3,,1569465,847550,Popey,GB,2523420414132,
3,28.99,C++,,2247158,3176735,goto_isyuku,JP,41451028722787,
3,28.96,Python3,,935210,1676162,xyz42,DE,,
3,28.92,Python3,,1693447,2250255,Metaerr,JP,,
3,28.9,Python3,,2026978,2796190,shergindenis,RU,,
3,28.8,Python3,,1667612,2475749,I_copied_this_code,ES,17267748834904,
3,28.8,Python3,,1068717,1743393,Yudzhin,UA,99479282219056,
3,28.79,Go,,2335199,2316796,Psio,FR,44129382204229,
3,28.79,Python3,,2244236,3176254,kevinbassie,NO,,
3,28.78,Python3,,1621704,1276891,Zeba,LT,68880661125178,
3,28.78,Python3,,1120448,162982,Dami-e,MA,1957175104038,
3,28.77,Go,,2011757,1703448,Valdo,DE,15307355359626,
3,28.71,Python3,,2070808,2688458,AwesomeYouka,FR,,
3,28.7,Python3,,780475,1677723,Nichtgian,CH,8299338135432,
3,28.7,Python3,,2420512,3087897,Raichu12,US,,
3,28.7,Python3,,2441521,2496501,Revivers,ES,,
3,28.7,Python3,,1580564,1677722,ARTO1379,IR,,
3,28.7,C++,,2409402,2077805,bamilan,HU,,
3,28.69,C++,,2460452,2051278,GuillaumeK,FR,13124594753755,
3,28.69,C++,,754188,1643366,MrCorchete,ES,,
3,28.67,Python3,,1426503,1553659,konghuang,US,6338298704694,
3,28.66,Python3,,2190783,1361560,gangsterpro,FR,99698240500074,
3,28.65,Python3,,1223264,1065038,Mohamed_Choaib_Assoualma,FR,99458100535959,
3,28.64,Python3,,1445202,2097688,machinegun,CN,,
3,28.64,C++,,1494512,1540208,SavinVadim,NL,15594221316432,
3,28.63,Python3,,1941326,2084781,Fryll,FR,43934222330750,
3,28.63,Python3,,1465766,2181607,Matsnos,BR,,
3,28.63,Python3,,1597632,1073247,DJ_NikJ,RS,2509638482149,
3,28.62,Go,,2100277,2110342,lchenay,FR,68642008923579,
3,28.62,Python3,,745170,1525209,THEMVFFINMAN,US,5645534868712,
3,28.62,Python3,,1090311,1782814,Trilusion,CH,11177901676243,
3,28.62,C++,,2487402,3477764,Roy_R,JP,33842981740266,
3,28.6,Python3,,759412,1392596,py_master,DE,5551957368405,
3,28.6,Python3,,956723,1585625,Weeblord,US,6510745420797,
3,28.58,Python3,,809769,1641356,sigitkw,ID,9117610060118,
3,28.58,Python3,,1412706,1314644,MarcoBX,FR,,
3,28.56,Python3,,2420107,2838039,jlin3392,US,,
3,28.55,Go,,705896,1592706,Jockley,VN,7475382629555,
3,28.53,Python3,,2471514,3408715,Abydox,CA,31243628068777,
3,28.47,Python3,,685271,1597954,drumman22,US,6741983745675,
3,28.44,Python3,,791279,1597369,thered28,US,,
3,28.42,Go,,1611059,1195934,odinmillion,AE,12156379504996,
3,28.37,Python3,,790234,1677644,imantschoff,CH,8298955000577,
3,28.36,Python3,,2328403,2007262,Larnth,US,,
3,28.31,Python3,,871464,1520245,kintdev,CH,19455879063270,
3,28.29,Python3,,837995,1539669,Fentriss,DE,5930615537852,
3,28.28,Python3,,1471726,1428324,Ryclos,PF,4419941042370,
3,28.27,Go,,924982,1721506,jmutz,DE,9348231477619,
3,28.2,Go,,2115121,1788677,Neskoss25,FR,10391660174484,
3,28.19,C++,,2011392,2771591,ElMarco88,FR,20646188654795,
3,28.19,Javascript,,1996065,2470223,MoyEn96,ES,17248581984491,
3,28.11,Java,,1961684,1855741,MrKIP,BY,12262606641618,
3,28.1,Java,,1737346,2320186,aPoStAl,RU,16359619449560,
3,27.92,Go,,1453716,1717962,Angryshark,,,
3,27.91,Python3,,668319,1420730,Ejeno,DE,4411736795109,
