league.divisionIndex,score,programmingLanguage,creationTime,agentId,codingamer.userId,pseudo,codingamer.countryId,codingamer.avatar,#multi|count=11|time=2026-10-01T10:31:13
0,34.11,TypeScript,1583940777037,2700375,416762,Khao,CA,2035557596161,
0,26.97,TypeScript,1581624810817,2678653,1525816,Flodnes,NO,5656265985683,
0,26.27,TypeScript,1709731783292,5333977,818780,Boris-Bodin,FR,125113543527056,
0,23.68,TypeScript,1790462436865,6763524,4307286,gpoussel_,FR,64849682456274,
0,23.53,TypeScript,1709405274002,5331078,1097615,hy6,RU,2427482304065,
0,23.22,TypeScript,1728173538913,5591912,4036381,berserks,LV,52836521994133,
0,20.24,TypeScript,1617645637904,3488360,224325,TidyMaze,FR,2654133392410,
0,18.21,TypeScript,1664813744025,4478421,5052454,chris.steele,US,89311405495927,
0,13.03,TypeScript,1697166970238,5075678,4797591,GoodGame001,KR,80377988068617,
0,7.8,TypeScript,1642008868006,3968546,1198619,Ocy,LU,,
0,3.28,TypeScript,1729626371596,5603381,6060362,starflight,US,122808349438028,
