league.divisionIndex,score,programmingLanguage,creationTime,agentId,codingamer.userId,pseudo,codingamer.countryId,codingamer.avatar,#multi|count=1000|time=2025-09-20T04:10:24
5,36.49,C++,1651672272182,4259692,3348388,bowwowforeach,JP,60374424199081,
5,36.16,C++,1651782956139,4269610,1298794,Husenap,SE,81287588995481,
5,34.61,C++,1655353509464,4324519,2311105,kovi,HU,20774306904131,
5,34.32,C++,1651672901971,4260828,4063805,viewlagoon,JP,106899386459507,
5,34.18,C++,1651674117154,4263141,2947806,tokino,FR,,
5,34.1,C++,1651672378293,4259864,1870832,Jiji_,FR,123200825993085,
5,33.96,Javascript,1651729487703,4265920,4863188,kouin,CA,82597487919104,
5,32.55,PHP,1651674093731,4263094,1361453,Xav726,FR,53920680178775,
5,32.3,C++,1652206061453,4278899,2968035,DomiKo,PL,46567648927625,
5,32.19,C++,1651674554189,4264019,4802230,Nanaeda,JP,80513847977929,
5,32.16,Java,1651674170183,4263239,848394,schwarzahl,JP,2189519712898,
5,30.73,Python3,1755229183678,6012674,6334609,WeiCao,CN,140320449607217,
5,30.35,C++,1651673236786,4261360,2577687,blasterpoard,SK,36336680250371,
5,30.27,C++,1651672094068,4259265,4063612,Scaff,FR,53952087641326,
5,30.08,Javascript,1651740737170,4266490,4779944,GlaceCoding,FR,104523969424630,
5,30.04,C++,1654718922143,4316194,668954,Fluxor,FR,1832090086325,
5,29.96,Java,1653770135603,4304184,1647133,ilt,RU,13581648321417,
5,29.41,C++,1651673697771,4262200,1451652,afaure,FR,20966631389597,
5,29.25,C#,1651673475503,4261751,3155517,toto0121,JP,24921241365937,
5,28.92,C++,1651966387967,4274309,2363657,Ztrk,PL,83078647386848,
5,28.53,C++,1651679024639,4264482,4399833,Peterpanda,DE,67327346461731,
5,28.26,Python3,1651674499587,4263903,4743931,Djak47,CH,82637520250640,
5,27.94,C++,1651674425860,4263758,4809152,Bohun,PL,,
5,27.83,C++,1651672401071,4259901,4339909,mado-,JP,,
5,27.82,Python3,1652114600823,4276848,2539264,Nabla_5ch215,FR,80553140892792,
5,27.51,Java,1651673166533,4261275,4806292,QuentinSeiwert,FR,80664863353138,
5,27.4,Java,1654376839639,4311823,4060722,StevenV,VN,105914848232981,
5,27.36,C++,1651672631811,4260351,4262172,highjump,JP,75556260070780,
5,27.33,Java,1651671798027,4258618,1487392,Razielwar,FR,12761113272803,
5,27.32,Java,1651690403035,4264975,3235897,Zylo,PL,25779784253696,
5,27.32,C++,1651673586698,4261994,3516666,Blodis,FR,85986781091126,
5,27.3,Python3,1651674587244,4264110,3015376,gaha,PL,146517263824349,
5,27.23,C#,1651778639889,4269444,4060102,Antash,CZ,64381241503328,
5,27.2,C#,1653953762473,4306619,2907009,Arnaud.Net,FR,43971600119231,
5,27.18,C++,1651672323334,4259793,3819989,KawattaTaido,JP,54685703661094,
5,27.18,C++,1651672712454,4260505,880353,zasmu,FR,22237226756102,
5,27.18,Java,1651671810621,4258649,1630890,Wld,DE,54135389391511,
5,27.17,Javascript,1651753161960,4268396,4315982,ttranche,FR,125104608018671,
5,27.11,C++,1651672027524,4259141,3710710,rafaelSorel,FR,76303069369797,
5,27.1,C#,1655329618188,4324391,193315,hau,FR,56532983863887,
5,27.08,C++,1651673482490,4261766,4060970,chak,FR,82313928203631,
5,26.95,C++,1651674279838,4263467,4065897,tkodai,JP,54302605531731,
5,26.92,C#,1666561986512,4505431,4370749,cedilo,FR,132016546316623,
5,26.88,C++,1651673575289,4261960,4110073,souta_1326,JP,57746784258907,
5,26.85,C++,1652057241495,4275938,154984,_Royale,FR,17869369984436,
5,26.83,C++,1651672472709,4260048,2025868,sumoru,JP,54337824080031,
5,26.71,Scala,1651673474252,4261750,154935,yamo,FR,13357218751473,
5,26.7,Go,1667751393064,4517807,3042651,slamo,CA,95865443395573,
5,26.68,Python3,1653770883481,4304191,3076654,bonebone,CA,24484749184128,
5,26.59,Python3,1651740976013,4267007,3836429,hippipo,FR,,
5,26.56,C++,1652047191641,4275785,3533119,wlesavo,RU,44695284080274,
5,26.49,C++,1689926934989,5009025,4900960,nixmagic,SG,105917822390403,
5,26.45,C++,1653244080931,4296067,351062,Neumann,FR,17173563008577,
5,26.44,C++,1651674064663,4263051,4054608,Rikus,AR,53571582931469,
5,26.42,Java,1754149358324,6000290,893541,wala,FR,97577641170180,
5,26.41,C++,1722528341596,5546180,4844602,-Oryzon-,FR,81918544310667,
5,26.4,Ruby,1651673969243,4262813,3982709,lukasjapan,JP,51562467085693,
5,26.39,Rust,1651697875056,4265339,4300424,kurnevsky,PL,131301589513990,
5,26.38,Javascript,1652479606467,4284462,1447713,WhatnotX,SK,44292387199353,
5,26.37,C#,1652559426915,4285584,484004,aCat,PL,4210501575817,
5,26.37,Java,1651673062678,4261108,2254195,BrunoFelthes,BR,92712103847740,
5,26.37,C++,1651817075616,4270208,3175946,qLethon,JP,25144652402051,
5,26.36,C++,1651673882882,4262621,3683265,Bondo416,JP,40947563240917,
5,26.36,Javascript,1651741096363,4267278,4319545,Bobmrt,FR,80304603508827,
5,26.36,C#,1666545358334,4505134,170746,Drusyc,FR,105338145779127,
5,26.35,Python3,1651741255301,4267622,4345632,GabrielReynes,FR,82628081874187,
5,26.34,Java,1653250558136,4296229,3380184,chouch,FR,,
5,26.34,C#,1651674302489,4263512,4060651,Empted,RS,53810789135353,
5,26.33,C++,1651740623890,4266246,736075,Xyze,DE,11976730950861,
5,26.32,C++,1708986470642,5327220,1400179,reCurse,CA,58850847098890,
5,26.25,Javascript,1651673633908,4262078,4235021,Amvr,FR,62727602684118,
5,26.24,C++,1651672930736,4260875,1629759,MSz,PL,95180546328327,
5,26.22,C++,1652384960167,4282561,1335230,jft63,FR,24907820247515,
5,26.21,Python3,1651741276347,4267672,4146143,Zabym,FR,,
5,26.21,Java,1651674506694,4263923,598774,bearsacker,FR,59994081999809,
5,26.19,Python3,1685969625888,4953162,3657275,jujurocking,FR,,
5,26.16,Python3,1651672380400,4259867,3436443,Flo_2,FR,32793283199584,
5,26.16,Python3,1651673978218,4262830,3664322,cclaude42,FR,75899369879616,
5,26.14,C++,1651673043080,4261077,3726978,VirtualAtom,FR,41848346565993,
5,26.11,Kotlin,1651673710671,4262241,4480802,Nagatsuka_Akiya,JP,69435046793344,
5,26.11,C#,1651741294565,4267723,4322671,xMizar,CZ,63551420883748,
5,26.1,C++,1651674407071,4263724,2450542,BMarcius,LT,18279641223736,
5,26.07,C++,1652197392610,4278577,820000,ValGrowth,JP,95440985747208,
5,26.06,Java,1651685192900,4264773,815488,Seti,PL,4633404737262,
5,26.03,C++,1651841955578,4271054,3816482,marcee927,PL,83234543674515,
5,26.02,Python3,1651740890822,4266810,2970414,Fangel,FR,23748356777542,
5,25.9,Java,1651673547695,4261898,198916,WhatTrickeryIsThis,FR,40590448621674,
5,25.89,Java,1651674488742,4263883,3368067,jgall,PL,95287604293609,
5,25.81,Python3,1651740781893,4266571,4779693,blahhhh,FR,,
5,25.63,Python3,1651739074526,4266183,1979290,salmon,PL,116780960633761,
5,25.63,C++,1651672404441,4259907,3353481,takumi152,JP,29028646166919,
5,25.54,C++,1651673481975,4261764,754792,Ramdeath,LT,13430148307311,
5,25.51,Python3,1651671920721,4258876,3357617,Eldanor,FR,64556822519236,
5,25.4,Python3,1652272820049,4280163,4367086,_Pramod_,AT,82923949864424,
5,25.39,Python3,1651673621926,4262055,3776530,Insufficient,GB,43170924073821,
5,25.37,Rust,1651672167795,4259432,4317078,shamio,JP,69709568601658,
5,25.37,Java,1651673021717,4261032,4392106,erick.lee,KR,,
5,25.32,Go,1651673658793,4262132,3510548,Cedrat,FR,35007248321543,
5,25.31,C++,1651673699058,4262204,4838501,Cantou,FR,81680845822298,
5,25.3,Javascript,1651741240303,4267605,3903591,Matubu,FR,82507667090374,
5,25.21,Python3,1651672576758,4260244,1807733,NoZ-,FR,14066071779905,
5,25.19,C++,1651771848029,4269183,3193653,karliso,LV,54368321987353,
5,25.18,C#,1652269611452,4280037,837350,BorisZ,RU,4405751597540,
5,25.15,Python3,1651673164513,4261273,1416180,ddreams,NO,5054547465724,
5,25.05,C++,1651674117765,4263142,1755558,owlly,FR,83119228058085,
5,25.04,C++,1651673431779,4261655,3472279,DataWasTaken,FR,34961222715656,
5,25.04,C++,1651674564794,4264038,2796483,nejineji,JP,23749159462421,
5,25.01,C,1651671814415,4258656,4840981,Enael23-jpauline,FR,81765762446388,
5,24.99,C++,1651672161064,4259415,3806268,sekai__,JP,61837663078301,
5,24.98,PHP,1651672504015,4260103,3958314,NicoDeug,FR,57912187171894,
5,24.97,C,1655050286612,4320925,2924895,trictrac,FR,23056996012330,
5,24.97,C++,1651673002609,4260999,2490008,ebicochineal,JP,43936521576530,
5,24.97,Python3,1651673454044,4261700,792813,VilBoub,FR,72010225615995,
5,24.91,C++,1651741180453,4267456,4856369,IactaAleaEst,AR,114996667749656,
5,24.91,C++,1651674304774,4263515,925202,VirtuaL42,FR,18791533348181,
5,24.9,Java,1651741211297,4267531,4603968,GigaMegaUltraBolas,FR,95773283613949,
5,24.87,C++,1652093004519,4276387,3337117,timbersson,GB,31946722637374,
5,24.84,C++,1651674104253,4263115,1741196,Valdemar,RU,94611928291354,
5,24.84,C++,1651673500299,4261789,4056094,tran0826,JP,82415106220031,
5,24.84,C++,1652092960725,4276384,4612757,AlgoAce,MA,97039508473927,
5,24.84,TypeScript,1651772208065,4269200,4281681,BiasInput,AD,105828364408836,
5,24.83,Python3,1654971670859,4320151,3461753,oidrissi,MA,82537028208664,
5,24.83,Python3,1651673457337,4261705,1751467,Une_Vachette_du_31,FR,9877403175378,
5,24.83,C#,1651673917616,4262690,1500515,eulerscheZahl,DE,43135502422075,
5,24.81,C++,1652290144944,4280638,1479930,LeRenard,FR,40384564000700,
5,24.79,Java,1651673531282,4261865,4842530,Kekebig,FR,,
5,24.78,C++,1651741357052,4267874,1854246,Counterbalance,NL,26367790351026,
5,24.76,Rust,1651673748553,4262329,1076632,Chen,NL,16271318829241,
5,24.72,Python3,1651741275122,4267670,1663349,Low-T,DE,34031360955304,
5,24.68,TypeScript,1651673434221,4261661,2373953,Dridriun,FR,64609504937617,
5,24.67,Java,1750416345872,5896498,3376384,tierrarica616,CU,29892445962458,
5,24.65,Java,1711098121016,5346495,4256431,butcher2013,KR,61114382012977,
5,24.62,Python3,1651694510666,4265141,4451368,Tsukabishi,FR,82176826426831,
5,24.62,Javascript,1651672641694,4260371,3765896,aithmid,MA,70044549634381,
5,24.62,C++,1651673325078,4261470,2495747,mtsd,JP,,
5,24.61,Python3,1655241517782,4323348,4876794,INIT_TOKEN,MA,86116685921589,
5,24.61,Python3,1678566609040,4763601,5135299,Antsurf,FR,94127108637688,
5,24.6,Python3,1656367771652,4370969,4345733,Oedipe,MA,82660603108577,
5,24.57,C++,1651672906074,4260836,443750,mlomb,AR,96112902180014,
5,24.55,Python3,1655090829681,4321355,4915006,Derreck,BE,,
5,24.51,C++,1651861638540,4271869,3770013,Hellio,MA,44296309650183,
5,24.48,Rust,1651671820824,4258664,997088,haruki,JP,83284966086055,
5,24.48,Python3,1652497242922,4284661,3578070,3ataja,MA,54725884117272,
5,24.47,Python3,1736335956122,5742643,1179950,Cg_TheLegend,JP,150073908102931,
5,24.46,C++,1651673596424,4262003,580424,siman,JP,7464902754297,
5,24.45,C++,1651674095367,4263097,4846546,rkhelif,FR,83054345133033,
5,24.44,Python3,1652659166841,4287032,4438822,ludodul,FR,68181920388772,
5,24.43,C++,1651673338763,4261501,4048610,ghandii,MA,53288629761503,
5,24.4,Java,1651672263372,4259675,833077,tsukammo,JP,44314241617502,
5,24.39,C++,1651674543922,4264004,4818271,Mattant,PL,83144663907869,
5,24.39,C++,1651934280615,4273329,3513265,DaNinja,IE,35022107863170,
5,24.37,C#,1651673373811,4261562,3801079,jokovitch,FR,63561229827062,
5,24.37,Javascript,1651672054085,4259179,3540633,5H4dy,FR,64405601921949,
5,24.36,Python3,1652542874553,4285302,4778025,MGTRFELIPEURREGO,CO,,
5,24.33,Python3,1651745560385,4268105,4532808,FranckL94,FR,82860663659568,
5,24.33,C#,1682766314424,4810365,5300927,MatthiasPajot,FR,101046404570360,
5,24.32,C++,1708330787236,5319341,4067707,therealbeef,KR,54066924332220,
5,24.31,C++,1651672720648,4260516,2969181,maras,PL,51113541675151,
5,24.3,Scala,1651736560017,4266080,3440529,KhanThoR,FR,,
5,24.29,Java,1652128003883,4277175,2065521,igolus,FR,39913769766376,
5,24.25,Python3,1651672344105,4259823,939375,Indrill,FR,44356465145349,
5,24.24,C++,1706105798470,5296438,1201796,P.Greze,FR,3522907180370,
5,24.23,Python3,1651672897858,4260818,4187024,DooFy,CH,59109207200906,
5,24.21,C,1654385944580,4311962,886483,R4N4R4M4,FR,7943435133357,
5,24.21,Javascript,1651673458625,4261707,4814151,D1meh,FR,82674085595787,
5,24.11,Python3,1651673086376,4261164,4317053,Tamather,FR,63347722855920,
5,24.09,Dart,1651699184511,4265405,4308802,Ascodran,FR,63699964010463,
5,24.01,Rust,1651672839440,4260714,628171,xyz600,JP,17460644028033,
5,23.98,C++,1651673495637,4261782,4855558,leonsa,DE,,
5,23.94,Python3,1651756705027,4268532,4304956,Jake_Simmo,FR,62934807734157,
5,23.94,C,1651741368838,4267900,2021126,FPSCUBE,FR,12916810121106,
5,23.93,Rust,1651741030166,4267130,154388,PonyPonyCodeCode,FR,37335148285737,
5,23.82,Python3,1709242786371,5329765,5807573,Stephen Kondaveti,US,120619186703150,
5,23.78,C#,1651671865085,4258766,3533314,skotz,US,97334021748803,
5,23.76,Python3,1651679521957,4264517,1457162,JFB,PL,12110108490250,
5,23.69,Javascript,1651916748164,4272836,4861044,epfennig,FR,94713242048093,
5,23.68,C#,1652820988720,4289590,1399382,Regulus136,FR,4335723819637,
5,23.61,C#,1651671984200,4259025,1994840,Keiichi,SE,12797789135642,
5,23.61,Python3,1654710951786,4316027,4452961,Sheeesh---,MA,85786808330072,
5,23.45,Python3,1651722552009,4265864,513456,nwin,JP,,
5,23.41,C++,1652567078544,4285710,3196495,putibuzu,DE,,
5,23.29,Python3,1700729220205,5113987,1917961,Seoman,FR,,
5,23.24,Python3,1651671959439,4258970,4865849,JamesX2,US,83002085359569,
5,23.23,Python3,1651673010429,4261015,2317760,parset,PL,130889940137207,
5,23.2,C#,1651672341107,4259820,841085,Risen,JP,1840452387524,
5,23.04,C++,1652625567038,4286403,4482661,square1001,JP,69379345683238,
5,22.97,Java,1652091762554,4276360,4315171,Soucis,FR,63574061191412,
5,22.92,C++,1651673956244,4262783,3791447,4bungi,JP,44491062384569,
5,22.85,C++,1651672265622,4259680,3154027,Jirotech,JP,24924842434116,
5,22.78,Python3,1668049026585,4521295,5075621,akmal_,FR,91558847764999,
5,22.69,PHP,1651672654973,4260389,4095128,Voltmachine,BG,56919066754571,
5,22.62,Kotlin,1651672497356,4260092,1067069,Reiska,FI,15476331321584,
5,22.61,Python3,1651671881940,4258790,2661980,Leos,ES,19446647272567,
5,22.61,C++,1651689914552,4264955,2786666,TetraktysPhi,FR,20818693590142,
5,22.58,Go,1651674607606,4264158,1872557,FinkPloyd,FR,11725460199625,
5,22.57,Python3,1651672340118,4259817,1492846,mdaw,PL,116486008711460,
5,22.55,C#,1651673369916,4261551,3783481,Yatech,PL,43596228434099,
5,22.55,C#,1651694676865,4265149,4757245,Yanek,PL,82019885901405,
5,22.54,Java,1661372335028,4432048,4031451,pbou,FR,55429746348651,
5,22.53,Java,1651673362032,4261539,2711438,Aeneas93,FR,20716894647776,
5,22.52,C++,1706173183691,5297205,5875970,Devonor,FR,,
5,22.52,C++,1651672470512,4260046,4860561,Xaro,PL,82473380379000,
5,22.51,C++,1651674480349,4263868,196808,bonam,FR,4482451653959,
5,22.51,C++,1651885526655,4272452,4862704,cberganz,FR,,
5,22.5,Javascript,1681829949795,4800724,3478673,never-again,FR,55942343550622,
5,22.46,C++,1704831187679,5276254,4801044,TN19N,MA,145302064567003,
5,22.44,C++,1651672663617,4260414,4053266,Mayimg,JP,57885184095576,
5,22.43,Python3,1651740650940,4266304,4316168,bolmos-o,FR,63320023224200,
5,22.43,Java,1651673452052,4261695,568476,Dje54,FR,4621975163936,
5,22.41,Scala,1651741307186,4267758,2089692,raxkin,ES,63304428623584,
5,22.4,C++,1651674005837,4262903,2247033,Enchante,RU,83382784962815,
5,22.37,Java,1653263698922,4296434,1079470,Corwine,CZ,30169727948043,
5,22.36,C++,1651672044833,4259163,507383,Vadasz,HU,,
5,22.33,PHP,1653565286310,4301141,155896,gamoul,FR,2010495372657,
5,22.3,C++,1738483489548,5768814,6456529,JesusR,PH,137410581888381,
5,22.29,Java,1651671743375,4258500,1676711,Eeeval,FR,12979369709156,
5,22.29,Python3,1651673829947,4262502,4077837,Deadfalcon,FR,54413183825209,
5,22.26,C++,1737234112727,5754647,5150000,meeter,FR,137315342692600,
5,22.26,C++,1651674412844,4263737,232528,cegprakash,IN,10550602859943,
5,22.25,Java,1651673066248,4261114,3069534,LoganWlv,JP,42527200604185,
5,22.25,TypeScript,1651672893911,4260809,4798287,Pietsen,DE,,
5,22.24,C++,1688734012402,4997791,4870649,VictoriousTriceraton,UA,82820829158124,
5,22.24,C++,1651672655401,4260390,4846300,mayocorn,JP,82327900671282,
5,22.23,C#,1651672396101,4259895,1765864,SeJ,RU,44339041955798,
5,22.23,C++,1651671946075,4258951,3810982,EvModder,US,44367721008170,
5,22.22,Python3,1651673450315,4261691,3801587,FlyingChoucroute,FR,43903983855307,
5,22.21,Python3,1651842568839,4271076,3763162,sietsemagne_tha_god,NL,,
5,22.21,Python3,1651678776722,4264466,1549001,Piep,NL,,
5,22.2,Javascript,1651672729612,4260527,3795745,Soboku,JP,71616261493295,
5,22.19,C#,1651672637109,4260366,2478316,takeo1116,JP,17441836392626,
5,22.19,Python3,1651673388549,4261596,4083906,tonigineer,DE,116683604285288,
5,22.18,C++,1651673005351,4261002,3820778,ringo9971,JP,,
5,22.17,C++,1651700163600,4265441,3729600,DragonOfTheWest,NL,82718228338364,
5,22.16,C#,1651674040919,4262996,225875,Leff,US,46674243497438,
5,22.15,C++,1651674196766,4263300,3203557,burnpanck,CH,25666559702940,
5,22.15,Go,1651759960654,4268671,538378,CyborgMaster,US,83162701230841,
5,22.12,C++,1651674537664,4263986,431967,tkzw_21,JP,4395256808040,
5,22.1,Perl,1651674362502,4263630,1239678,Vlavv,FR,4332025763976,
5,22.09,C++,1651674037219,4262992,4494650,dsamain,FR,142285947996155,
5,22.09,C++,1651918059091,4272869,3356703,MickaelB,FR,29137961413528,
5,22.09,Java,1651673632006,4262073,1341520,egaetan,FR,21055353954161,
5,22.08,Java,1651673484013,4261769,1406638,TwoSteps,FR,20943796238707,
5,22.07,C++,1737417050712,5756878,6441783,BoostAndShine,FR,,
5,22.07,Javascript,1737416644331,5756874,4782227,ArgoZ,FR,149860422641201,
5,22.05,C#,1652822264553,4289605,1540394,LVdA,FR,14731262429844,
5,22.05,Scala,1651740757372,4266531,4059293,Fubuchi,VN,82348568020577,
5,22.05,Rust,1651672842111,4260722,1422564,stolyaroleh,GB,83201449474698,
5,22.05,Python3,1651673196935,4261308,4124688,Murat_Eroglu,TR,91676687994670,
5,22.02,Python3,1651672010062,4259090,3775656,Folichon,FR,82632903880069,
5,22.02,Java,1651672243321,4259635,4256376,tinyhhj,KR,,
5,22.01,TypeScript,1651740959484,4266972,416762,Khao,CA,2035557596161,
5,22.0,Python3,1651672539668,4260163,1958280,PinkPanther,FR,12248032019316,
5,21.98,Java,1651694916692,4265158,1330431,TzeKin,SG,68707161253272,
5,21.96,Java,1651674588831,4264115,4366813,frogmeat,KR,65236906328991,
5,21.95,Java,1651673967693,4262810,3641941,DuvalValentin,FR,65836109125875,
5,21.9,C#,1651673028609,4261045,4298841,Dapps,CA,64238669570457,
5,21.9,Python3,1651672454303,4260002,463873,tanakat01,JP,,
5,21.89,C++,1651719914548,4265825,4764885,Manatee,PL,79400664369895,
5,21.83,Rust,1651740992789,4267053,460044,tanzaku,JP,35072205653066,
5,21.82,Rust,1651674565346,4264039,4318575,ChiyosBigDragon,JP,63619688936533,
5,21.78,Python3,1651741365078,4267893,3686275,udu,DE,,
5,21.78,Python3,1651672333117,4259802,2769775,JeanCloud,FR,,
5,21.76,C++,1671312344356,4592226,3337387,melperri,FR,34696062342852,
5,21.75,Python3,1666992490287,4510966,4601202,GuilhemKZS,FR,105117149596301,
5,21.71,C++,1651740696343,4266397,3623423,drew-m,RU,53703381042394,
5,21.69,Python3,1651741124422,4267340,1757536,BlueGhost31,FR,18513921556010,
5,21.68,C++,1651672627129,4260344,4318335,CyberEcho,RU,63568400811194,
5,21.66,Swift,1651755735246,4268492,354788,Lexer31,FR,60198468830213,
5,21.66,Rust,1651674065921,4263054,3820553,terry_u16,JP,44571201945533,
5,21.63,Rust,1651673301609,4261441,1407720,bananaMixer,FR,4478289426855,
5,21.63,C++,1706988666342,5304698,1345356,Stony300,FR,124771405144131,
5,21.62,Lua,1651672656952,4260395,3564009,Waffle3z,US,44751789808331,
5,21.57,PHP,1651673871791,4262596,1324018,Gnarco,FR,35177207404458,
5,21.56,C++,1653857692920,4305247,4778377,A.y.7,EG,,
5,21.52,C++,1652566896563,4285705,2274726,hperrin,JP,,
5,21.52,Python3,1651673593153,4261999,1086050,aandrukhovich,BY,71788385164933,
5,21.52,Kotlin,1651672710177,4260502,3820844,yukidaruma6,JP,85809062599974,
5,21.49,C++,1757844966987,6040289,270881,Maurice_Moss,FR,30069480173944,
5,21.49,Java,1651741217264,4267546,826372,skyyker,FR,54542165670172,
5,21.49,Java,1651673312323,4261453,4817278,yicao,CN,104226365259789,
5,21.39,Python3,1651671747637,4258511,4717007,Anktinosia,FR,125424380081491,
5,21.29,C++,1668419195747,4525201,3664238,NoControl,MA,64404580470054,
5,21.27,C#,1651799313787,4270059,1167615,TylerDurden,FR,2773769504577,
5,21.27,C++,1651673648860,4262107,3826720,Noppo,JP,117278364576426,
5,21.25,Python3,1651673637610,4262089,3097478,Gedzius,LT,,
5,21.25,Java,1651672252918,4259654,4869678,Quentin_Covfefe,FR,83102140238785,
5,21.24,C#,1651694451163,4265136,873395,Vitaliy_Kamalin,RU,147562283886540,
5,21.24,Java,1651740787281,4266578,1194069,Redstrike,DE,57293561455683,
5,21.23,C++,1651673464508,4261718,3755551,Zeffar,RO,80689664743402,
5,21.23,Python3,1651740756609,4266530,3026370,Kenshi235,US,95106747325082,
5,21.23,C++,1651673153403,4261256,1692494,sasasasasasasami,JP,25808236450211,
5,21.22,C++,1651673445051,4261683,610934,y_kawano,JP,2180028634331,
5,21.21,Python3,1688739771073,4997885,4622288,Christophe-Aballea,FR,110022922122957,
5,21.2,C#,1651672808861,4260669,3738782,Inaniwa,JP,45411361581903,
5,21.2,C++,1651686470467,4264826,3844625,surgutti,PL,116511323256887,
5,21.2,Python3,1651674200369,4263309,2869956,Oho,CA,82714762063220,
5,21.15,C++,1686099257130,4960848,4056744,itigo,JP,53659444801895,
5,21.14,C++,1651673552860,4261910,2729630,Halphas,FR,23489954951981,
5,21.13,TypeScript,1651674476847,4263859,2681776,Klepus,US,53796928795229,
5,21.12,C++,1651674642594,4264220,1818159,IloIlo,UY,10995631412393,
5,21.11,Java,1651674488153,4263881,1077559,PhOeNyX,FR,2248934338554,
5,21.09,Java,1651673873527,4262598,1537951,Nerchio,PL,64013847666734,
5,21.09,Javascript,1652005410703,4274620,4060211,85T,FR,63688325464547,
5,21.07,C#,1651674003927,4262896,3723210,ChristopherHahn,DE,44215608380340,
5,21.06,Python3,1651672177144,4259462,4566680,jde-beau,FR,,
5,21.06,Go,1651671721661,4258461,2024034,Kasparas,GB,12908971790224,
5,21.02,PHP,1651674300797,4263509,3979789,gucamuze,FR,60890122734932,
5,20.99,Java,1652017585766,4274913,3751016,Q12,IL,51600040008150,
5,20.98,C++,1651672835580,4260706,3914050,3.14IQ,MA,105929803050881,
5,20.98,Java,1651673024335,4261034,1492668,MatthieuC,FR,5314647083029,
5,20.98,C++,1651673388984,4261597,3774972,Tiagodfs,BR,43079106578884,
5,20.94,Java,1651674005501,4262902,1334584,Ermtali,GB,,
5,20.94,TypeScript,1651674042520,4262999,4062794,Passi10,FR,53894263904622,
5,20.92,C++,1731774351119,5629053,5586880,DoYouEvenFlask,DE,136581003784284,
5,20.91,PHP,1651671602365,4258245,1343241,drunkenBot,FR,,
5,20.91,C++,1654061632679,4307816,2923506,darkhorse64,FR,23496414257567,
5,20.91,Python3,1685100669979,4845447,4815636,Avior,DE,83103088187452,
5,20.9,C#,1661597447809,4433980,999411,Kelos,RU,82633628846875,
5,20.9,C++,1651678717598,4264459,1030944,Shadowar,FR,70680964831867,
5,20.9,C++,1651672881874,4260787,2771264,Shun_PI,JP,53696462622281,
5,20.89,Python3,1652503236840,4284719,3354668,DimSumSaying,HK,33032246532842,
5,20.89,C++,1651679878612,4264535,2376044,NecroSchmurf_IV,FR,81736923758256,
5,20.89,C++,1749678368548,5888285,6550449,Anonymous__7,US,143411544450367,
5,20.88,VB.NET,1655607509863,4335565,4832181,VisualDev-FR,FR,94025066322906,
5,20.87,C++,1688738968755,4997865,4769707,NicolasCDT,FR,79709123550927,
5,20.86,Python3,1651879129327,4272356,2709409,YesYes,TN,39915728969252,
5,20.86,C++,1651672649528,4260385,1944726,bourgeof,FR,12115914449796,
5,20.86,C++,1718835008530,5469212,5573671,LeMasSon,FR,107252527944826,
5,20.85,Python3,1651681226582,4264581,3765105,lainislain,MA,74125843125216,
5,20.84,Java,1651674636314,4264210,1153409,Jackalabrute,FR,20618014734219,
5,20.84,C++,1651751248039,4268317,2267040,Egaro555,FR,63489961390970,
5,20.84,C++,1651676477412,4264337,1540478,struct,PT,61418101984360,
5,20.83,Python3,1651672755747,4260586,4855127,AeroFlorian,FR,82280907832244,
5,20.82,Java,1652823152619,4289623,4252924,mike82,PL,64505363411607,
5,20.82,C++,1651674248823,4263387,3939443,Lafihalas,RS,50177625665562,
5,20.81,C++,1651672213649,4259558,3514237,ucarts,US,39559226043041,
5,20.8,C,1652900916044,4290862,4584723,babaaurhum,FR,,
5,20.8,C++,1698781260471,5092823,5639347,Ta7richa,GB,116764483999694,
5,20.77,C++,1651674505350,4263920,4331046,Valnor280,FR,81678123863892,
5,20.76,Python3,1651674432788,4263775,4318077,Kiri8128,JP,75202784431942,
5,20.76,C#,1651722550606,4265863,3583629,skrzypl1,PL,119525180292718,
5,20.75,C++,1652200324600,4278665,4055392,totori,JP,53602666927227,
5,20.75,C++,1651674296851,4263500,4434899,Bmol,FR,70489905832897,
5,20.74,C#,1651673719701,4262256,3049838,pmor,US,36520489091198,
5,20.74,C++,1652088796001,4276273,928567,Konstanta,LT,40817500234931,
5,20.74,Java,1651773824958,4269253,1920415,bortol,PL,105453680522326,
5,20.73,Java,1651674567385,4264044,952784,[CG]Simon,FR,15794417868476,
5,20.71,C++,1651722736007,4265871,799904,iwashi31,JP,1815876121299,
5,20.71,Python3,1651722116541,4265849,4332509,Ayouboui,CA,63922962193742,
5,20.7,Python3,1651672628776,4260346,2505088,Syca,FR,82894748427549,
5,20.7,Go,1651953782713,4273911,1711397,DiogoGiassi,BR,9479385050848,
5,20.69,C++,1651788923967,4269849,3938395,Quentin18,FR,48930947470669,
5,20.69,Python3,1651735460672,4266055,4819360,Vemore,FR,81946801511782,
5,20.67,Python3,1651674195692,4263298,4060123,Pbatch,GB,53885947629173,
5,20.67,Java,1651673007720,4261008,3638423,JOiy,FR,82939320097106,
5,20.67,Kotlin,1651673809096,4262460,3996809,VizGhar,SK,82217880354500,
5,20.64,Python3,1651672131685,4259342,3602877,Gauthier_Perrod,FR,50150369966818,
5,20.62,Python3,1651672760243,4260588,3854173,MotherVOID,CO,82793965185986,
5,20.62,C++,1652095968360,4276439,3259100,roody225,PL,63636440412918,
5,20.6,Java,1651740915848,4266878,2575020,iDash,US,19404857844850,
5,20.59,PHP,1651742498702,4267965,1853956,yoannk,FR,108956788280248,
5,20.59,C++,1651671615576,4258276,4803114,najedzony,PL,82719849834163,
5,20.53,Python3,1651672737897,4260543,3794725,Qoo,US,44046462933544,
5,20.53,C++,1651671603668,4258248,1944300,ora.dll,JP,82945928742085,
5,20.52,Java,1651751723157,4268341,610989,Greg237,FR,105897800589496,
5,20.52,Python3,1651697752045,4265333,4238274,Sahcim,PL,81161089216365,
5,20.5,Java,1651722550007,4265862,4053912,Rikerslash,DE,54067200890321,
5,20.5,C,1651672531442,4260147,1385211,Thheo,RO,34886861987359,
5,20.48,C++,1651674051729,4263014,3690597,But_Why,MA,53012542009927,
5,20.47,C++,1688739215214,4997872,1073247,_NikJ,RS,2509638482149,
5,20.47,Python3,1653302479218,4296801,4524755,facanferff7,PT,,
5,20.45,C++,1653430693196,4299234,4428644,Variiuz,DE,84340322960301,
5,20.44,Javascript,1651672208817,4259540,3573721,Kheops,FR,47496100144083,
5,20.42,C++,1651672328189,4259795,1114834,k4ng0u,FR,26037223936643,
5,20.41,C#,1652443142599,4283564,1792532,Zanbez,FR,53160220485725,
5,20.38,C++,1651722612555,4265866,1140677,Crog,FR,41060062482552,
5,20.38,Python3,1697909528752,5083439,2537096,JanDo,FR,,
5,20.38,C++,1660968994381,4428427,3430692,MichaelMedhat,EG,,
5,20.35,Python3,1651674165966,4263233,1723970,Cendretoundra,FR,9405856720848,
5,20.34,Java,1651722736478,4265872,4829276,crazyfrog,CN,82682929535362,
5,20.33,Python3,1653918599510,4305902,4909898,Chupeto,AO,,
5,20.32,C,1651672456743,4260011,4193382,ntan,FR,105780908358192,
5,20.29,C++,1652442656668,4283546,862919,Astrobytes,GB,60413902297900,
5,20.28,C++,1651674582852,4264091,2333083,Febrin,PL,42649424186067,
5,20.28,C#,1651740753405,4266525,1301401,Stanax,FR,44495484097566,
5,20.27,Javascript,1652502994539,4284716,4334237,BJD,US,64170920248296,
5,20.19,Java,1651673806390,4262451,196606,EasyCoder,FR,4933798984412,
5,20.15,TypeScript,1651743905135,4268031,4263356,scros,FR,82307065702148,
5,20.15,C++,1654896913113,4319196,1020626,PiterYeh,IT,4411407433686,
5,20.13,C#,1651671985191,4259027,2197296,Elost,HU,,
5,20.13,Java,1651672522433,4260140,1443538,Tux4711,DE,82852165040194,
5,20.13,C++,1729779387957,5604552,2006324,Oussama_Siharde,MA,131921206315534,
5,20.12,C++,1651673818430,4262467,1391319,ybellot,FR,35035027763927,
5,20.11,Java,1651674542391,4264000,3561478,TJSteel,GB,43956444263632,
5,20.1,Python3,1651740962758,4266978,4137654,Aurelya,CA,86096404446516,
5,20.05,Java,1693396392750,5040559,4069531,KaPen,FR,92943800949929,
5,20.05,C++,1651673132054,4261221,837436,aropan,BY,68849260530594,
5,20.04,Rust,1651768514654,4269049,4489122,c0r3dump,FR,77956766480782,
5,20.02,Kotlin,1651672888074,4260799,734816,asapha,FR,20451644481040,
5,19.97,C#,1673043388453,4694841,873958,cheeser,RU,1841296541252,
5,19.93,Java,1651672653762,4260388,3770880,Yu_212,JP,73269088975024,
5,19.93,D,1651741272890,4267667,1504079,Hamp,SE,,
5,19.92,Java,1651673413156,4261633,3766823,jordonez,ES,52891227671085,
5,19.91,C++,1651688817466,4264915,4859327,Nanashima,JP,82446365622014,
5,19.9,C++,1651674567779,4264045,3756416,StandaK,CZ,44552408326889,
5,19.89,Rust,1652727749044,4288213,4078988,MiKaOdO,FR,77861307151302,
5,19.88,Python3,1651673926268,4262710,1785850,Gregfer,FR,29126028043584,
5,19.85,Java,1651769188599,4269078,1611699,EpiFlop,FR,15684668176220,
5,19.84,Javascript,1651744626591,4268074,158495,Cr3aHal0,FR,11235124705354,
5,19.82,Python3,1723117022868,5550866,6100011,chierin,JP,125135303954605,
5,19.82,Python3,1652297580424,4280818,4063515,Mindme,US,53920485474238,
5,19.81,C++,1651920290582,4272942,3721214,jrke,IN,68983084061211,
5,19.78,C++,1651672164576,4259422,4018017,PuRpLe_FoReVeR,NL,82936608251976,
5,19.78,Python3,1652419054671,4283090,1489865,EricSMSO,FR,10005277870281,
5,19.78,Python3,1745129639403,5841487,6465870,POTOP,RU,138252124349369,
5,19.76,Ruby,1653246337609,4296118,3971358,OldJohn,FR,63565949763225,
5,19.74,Javascript,1651741193567,4267490,3489223,KarloHubai,RS,88425880005143,
5,19.65,C++,1651694327286,4265128,3737524,Yochan,JP,82856702515367,
5,19.65,C++,1651672876706,4260779,1632368,olphe,JP,35016347332204,
5,19.64,C++,1651672318653,4259790,2386035,Samsonov,RU,16206427127519,
5,19.63,C++,1654859609469,4318436,2104313,TomPouce,FR,80953404558682,
5,19.57,C++,1651674636695,4264211,4800950,mshibatatt,JP,124893406106604,
5,19.56,C++,1651671658746,4258341,4324991,Zach-Leee,JP,65002105112731,
5,19.55,C++,1651674086659,4263089,4604232,lcalvie,FR,95227545684325,
5,19.55,Python3,1651672879592,4260783,2637651,Lusaka,FR,82159669391316,
5,19.53,C++,1672837191487,4679544,4698040,[CG]Onora,FR,137624449716376,
5,19.52,C++,1652116313582,4276878,3393535,LuckyJ.,FR,42540162041167,
5,19.51,C++,1665250396220,4485221,3256989,rizant,RU,,
5,19.48,C++,1651770716687,4269135,3790011,guns_n_roses,UA,43485207773507,
5,19.47,C++,1651671636474,4258306,3820935,monnu,JP,,
5,19.47,Python3,1651673551352,4261907,2063098,Miss_Zaza,FR,18338598273032,
5,19.46,Kotlin,1652194123180,4278456,4054589,Baglus,FR,,
5,19.46,C#,1651741766826,4267937,4053023,KhiemNguyen,VN,,
5,19.43,Python3,1710536028418,5341334,943556,DollarAkshay,IN,18256210360824,
5,19.43,Kotlin,1651825576953,4270480,3871137,Fuud,RU,48215106598102,
5,19.39,Python3,1750402847557,5896355,4865817,insomnia_rooster,US,82648189939533,
5,19.38,Java,1652220081568,4279337,335954,nmahoude,FR,19628800665378,
5,19.36,Javascript,1651678718357,4264460,788361,Bob,FR,29407964997640,
5,19.33,Rust,1669208920697,4538817,1772240,Wazabis,FR,16857705643268,
5,19.32,Kotlin,1652146723537,4277522,331880,Monstruo,MX,16575963540770,
5,19.3,C++,1651672560012,4260211,2906497,daaskare,FR,117110325467110,
5,19.29,C++,1651673650023,4262108,4824524,tzaph,ID,82414003768335,
5,19.28,Python3,1651673937167,4262736,3487822,Imperator555,HU,,
5,19.28,C++,1651673770385,4262369,3774434,platinum-prog,JP,82406687273731,
5,19.28,C#,1651741259922,4267630,828239,[SG]Sebastien,FR,3777247629960,
5,19.27,Java,1651673677939,4262164,567777,[GTS],FR,116823324070821,
5,19.27,C#,1651740633020,4266265,4603973,Oronda,FR,73351324158546,
5,19.25,Kotlin,1651741890632,4267943,4592603,Gohrel,DE,82637427945259,
5,19.25,Python3,1651741307064,4267757,4309245,twoodhouse,US,63033025992726,
5,19.24,Java,1691068306342,5020863,4612315,Gerritvw,ZA,103136921219034,
5,19.24,Rust,1652277981318,4280322,2288263,dbdr,UA,43448306132121,
5,19.23,Rust,1684141580397,4825207,1606614,Wazaa,FR,10236303768789,
5,19.23,C#,1651673772709,4262375,2914184,Kos-Boss,UA,136114663301700,
5,19.23,C++,1651672946670,4260902,3427148,VS-95,FR,82288248970858,
5,19.22,Python3,1652533642597,4285160,4424326,Hyosh,FR,82517981413545,
5,19.21,Python3,1651789076578,4269856,3514622,skerdudou,FR,44127804269011,
5,19.2,Python3,1666708800829,4507371,4625133,Fabien.D,FR,,
5,19.2,C#,1651671693105,4258415,863905,tiraptor,RU,17471184204860,
5,19.2,PHP,1746625098590,5856725,4283515,FrancoisBaveye,FR,104716760268246,
5,19.2,C#,1651741643435,4267931,1290569,a76a44,FR,42968987928916,
5,19.2,C#,1653310495009,4296953,4891188,AVAVT,VN,84634144063649,
5,19.2,Java,1651748004654,4268198,4320516,L~~~,FR,106053940926050,
5,19.18,PHP,1651691075071,4265000,3702500,MatG,AT,42451504913291,
5,19.18,Python3,1651673154043,4261257,4334077,vondermanzen,GB,118094862007905,
5,19.18,C++,1651672245153,4259638,4859352,Pech1,JP,,
5,19.17,Python3,1651825088675,4270465,4392592,unknownPlayer,KR,92673503766316,
5,19.17,Python3,1745134698570,5841503,6366705,CHOPK,RU,138180349805992,
5,19.16,Python3,1651673500838,4261790,1455753,Lysk,US,4970026385060,
5,19.16,C++,1651674013933,4262927,1377089,Slashtrack,FR,4022917114231,
5,19.15,C#,1657873636526,4393995,1989412,Skewnart,FR,99117923749869,
5,19.15,Python3,1652952937923,4291511,3101644,HerrHagner,DE,39056126752805,
5,19.13,C++,1651748064742,4268201,3405266,ReversableCode,MA,53746346261679,
5,19.13,Java,1651671895693,4258821,1087184,InCodeWeTrust,FR,41022828700871,
5,19.11,TypeScript,1745134334545,5841501,329214,Mookymook49,FR,81758749153386,
5,19.08,TypeScript,1651770900586,4269143,4858991,Zhudax,FR,82453809959506,
5,19.07,Java,1666722659148,4507560,4762543,OnlyTeemoPick,FR,123686787973142,
5,19.05,Python3,1651740999964,4267072,4857315,8swaglord24,US,82376086194736,
5,19.05,C++,1651863806311,4271924,510000,Cthulu,NL,120670007371802,
5,19.05,Java,1652034450597,4275412,4310370,Keyliashe,FR,68564805770445,
5,19.04,Python3,1651678963087,4264480,4073854,Buk.,FR,72577584677375,
5,19.02,Java,1651740969802,4266994,4016983,Ketroc,CA,82353902106731,
5,19.02,Lua,1651755138801,4268471,507538,Krzybe,PL,,
5,19.01,C++,1723113612448,5550838,4604702,Smazouz,MA,94942742046004,
5,19.0,Java,1680363677686,4785567,4018239,MACKEYTH,US,52013880765632,
5,18.99,Python3,1651734724021,4266032,1333347,Sitiel,JP,82564868934569,
5,18.99,Python3,1653094786669,4293871,4858905,ankitjgd,IN,135979268133653,
5,18.99,C++,1710535844403,5341332,4122060,Robin_Bicanic,FR,81768667256516,
5,18.98,PHP,1651681227231,4264582,329200,BlitzProg,FR,7407206403800,
5,18.97,Python3,1653511537822,4300486,4061510,Frederic7,MU,123164783883872,
5,18.97,Java,1653366494933,4297937,1075260,metwesse,FR,3909082474290,
5,18.97,C++,1651722176941,4265851,3335896,martynas-sm,LT,117495526235652,
5,18.96,C++,1667498642338,4515579,3834291,yhyoxx,MA,53072669816205,
5,18.95,Java,1651771752601,4269179,868137,Yuki_B,JP,,
5,18.91,C++,1652952937380,4291510,977117,Psyho,PL,3805557439373,
5,18.9,TypeScript,1653140285192,4294424,1743344,ush189,DE,9680328817159,
5,18.89,Python3,1651673243492,4261369,3435179,Valphyr,FR,33125622936717,
5,18.88,Go,1651672790975,4260633,4154326,montplusa,JP,137868120763877,
5,18.87,Kotlin,1674927696465,4723567,3502478,tachan,JP,,
5,18.87,C++,1651722239244,4265853,3740611,mbourand,FR,63243807259512,
5,18.87,Python3,1651673819228,4262469,4284682,Momtaz,SE,62971569841095,
5,18.86,Python3,1651672740814,4260549,3855753,tuan91,SG,82558900731482,
5,18.86,Python3,1653238586237,4295933,3657937,elderlybeginner,PL,39723186977905,
5,18.85,Java,1652722814774,4288093,4680213,DoudouTouDou,FR,,
5,18.85,Python3,1652039099395,4275547,1382584,Fer,ES,6811031531947,
5,18.84,C++,1651674475936,4263856,276480,Karang,FR,10618014804519,
5,18.84,C++,1651954390678,4273928,533018,Robinsstudio,FR,52362003720369,
5,18.83,Python3,1651852253986,4271546,3806519,ijc90,AR,,
5,18.81,C#,1651673636137,4262086,3820241,G4NP0N,JP,136206003591125,
5,18.8,Java,1746709894946,5857685,3659194,FreZzz,FR,92223380060586,
5,18.8,C#,1651673048841,4261083,1811123,Fouk,FR,44106845636175,
5,18.8,Python3,1666647300380,4506540,1188839,FibrePoeme,FR,73505227355090,
5,18.79,C++,1651673579229,4261974,3729666,peerdb,NL,93424367328637,
5,18.79,Python3,1651699643627,4265422,836864,anthonytn01,FR,11350880998558,
5,18.79,Java,1651787659405,4269798,3452059,EvilDef,FR,43656827983780,
5,18.78,Python3,1651776345627,4269351,4579816,Jn.st,VN,96353187817943,
5,18.77,PHP,1651776162523,4269336,2643294,L_hermythe,FR,63844988461610,
5,18.77,Java,1653424731871,4299048,1436648,EddyA,FR,43120181806834,
5,18.76,OCaml,1651788890719,4269847,2308590,teluob,FR,,
5,18.74,Javascript,1651672431838,4259964,4607752,WalidX,FR,96322361547417,
5,18.74,C#,1652980643429,4292072,3917724,Marke18,IT,47701103353349,
5,18.72,C++,1652019493826,4274964,4474923,omoussao,MA,81995525099121,
5,18.7,Python3,1651679085110,4264488,3024303,elurisoto,ES,82303129626023,
5,18.69,Kotlin,1651954516011,4273933,3920273,abch98ru,AM,53660143932974,
5,18.69,Java,1652952936793,4291509,155363,zarhane,MA,4412127454402,
5,18.67,Java,1651734724965,4266033,3707925,Kagey,JP,41332267035286,
5,18.66,Go,1652021566272,4275039,3821934,shirakia,JP,44613667402584,
5,18.64,Java,1693396392453,5040558,5646890,aflorido,ES,110020188475902,
5,18.58,C++,1652649888513,4286893,3536920,mapapin,FR,52717604735830,
5,18.57,C++,1651736744014,4266090,2490634,25__toma,JP,20611737096546,
5,18.57,C++,1698781260742,5092824,4440453,OnOneFoot,FR,94720424319535,
5,18.49,C++,1651740666542,4266341,2566623,VincentBab,FR,37690085186536,
5,18.46,C++,1738526587956,5769274,5275011,MarcelASRG,DE,118752020220431,
5,18.45,C#,1653257086563,4296344,3715523,keserasera_77,JP,63407281209315,
5,18.43,Python3,1723116668448,5550861,662291,koscrob,HU,82067989677560,
5,18.39,Kotlin,1675041142306,4724604,4564296,MirabileFuturum,DE,114994920383123,
5,18.33,Kotlin,1651722612026,4265865,1212859,msumera,PL,82579840402318,
5,18.31,Javascript,1652380944877,4282438,4053027,HiImEnvy,VN,53547564059882,
5,18.31,Python3,1651674357871,4263625,4264673,ozozpa,JP,105510081265690,
5,18.27,Python3,1651789014580,4269854,3507705,Baaldr,FR,44057041482289,
5,18.26,Rust,1651674656969,4264260,3918583,mikmak,FR,48134583112917,
5,18.24,Go,1651867219338,4272046,1239545,jke,US,44065308741562,
5,18.21,Javascript,1661128295770,4429973,4878016,rex42,FR,98986522438451,
5,18.13,Python3,1651673305863,4261444,4858922,h3i5,VN,95142925835597,
5,18.09,Go,1651672899875,4260824,2192486,Zyk0,FR,104941365793398,
5,18.09,Java,1653039832686,4292863,894826,tekki,FR,7460304114642,
5,18.04,Python3,1651672296688,4259735,1635357,GiB,FR,7734029926719,
5,18.02,Java,1651776283557,4269347,614215,Joooo,FR,25861427746726,
5,18.01,Python3,1653226424736,4295676,4168292,a1.dk,RU,80858062143477,
5,18.0,Swift,1651722423495,4265857,3815413,Michael_Howard,GB,44719647705818,
5,17.98,C#,1651673455203,4261701,3513731,Ratmac,HU,35391083783516,
5,17.96,C++,1651740791956,4266589,2672932,Lanfeust,FR,19353303424539,
5,17.94,TypeScript,1651672910321,4260840,1045753,Zimmy,FR,116745044183683,
5,17.92,Java,1651789260734,4269867,4860952,KevinJ,FR,95494203170755,
5,17.92,Python3,1651722424037,4265858,4851439,EdouardYoshi,FR,82160725050980,
5,17.89,C,1652629652552,4286471,3970247,Conidev,FR,116770387859769,
5,17.84,C++,1700513920836,5111709,4341304,Remi.,FR,97662026388574,
5,17.81,C++,1651741012608,4267088,3018178,Fallback,US,105462865253366,
5,17.8,PHP,1652550632610,4285433,1298542,Walkie-Talkie,UA,42237766132477,
5,17.79,C#,1723116912504,5550864,3738174,luvoco,DE,42347163892122,
5,17.79,C++,1651673043711,4261079,3731004,alesanto,FR,62156645364766,
5,17.76,Java,1666645954322,4506485,5125041,BorNwastaken,FR,92541783189971,
5,17.76,Java,1651755929007,4268500,4392165,GM_AAA,KR,92674344302722,
5,17.73,C++,1723113492425,5550835,3964283,Maroly,FR,111901208976375,
5,17.72,Javascript,1687648643019,4985076,2315485,fisherowen,CA,105876224934206,
5,17.67,C++,1652567018695,4285709,1183644,Donotalo,BD,2953932628994,
5,17.66,C++,1651755686608,4268488,3582302,sullyper,US,82736264843841,
5,17.66,C,1657197860778,4385170,3812659,RiggedBot,FR,82576063401924,
5,17.63,Java,1666648402310,4506586,4607456,XavierBouvard,FR,,
5,17.62,Python3,1652034016590,4275402,4330929,hcanon,FR,80188401788740,
5,17.6,Python3,1653366858670,4297939,3603475,benjamin15,CA,63600802659526,
5,17.54,C#,1651788766663,4269840,4050148,PascalSCoder,NL,,
5,17.5,Javascript,1652124419606,4277045,2138763,con,DE,,
5,17.5,Python3,1651722238607,4265852,4048969,raspersc2,GB,63761389449855,
5,17.5,Java,1651776344977,4269350,4064184,Patan,ES,53941723593902,
5,17.49,Java,1688738968391,4997864,4056982,kreska,PL,,
5,17.47,C#,1651825701154,4270484,4852273,WojtekS,PL,82513422601461,
5,17.47,Bash,1688738907593,4997860,3828059,Valphyr1,FR,54309545363491,
5,17.46,C++,1651954884588,4273949,4285348,bledda,FR,105677185563354,
5,17.46,C++,1738329880567,5766819,5763700,Oleksii_Morozov,CZ,113799627015006,
5,17.45,C#,1653366859221,4297940,4866589,MPThuy,VN,105458807212473,
5,17.44,PHP,1651740804737,4266630,304126,Kami...,FR,10057081063920,
5,17.44,C#,1746670232837,5857200,3504573,ChrisOz,AU,35540929862328,
5,17.42,Java,1674927634452,4723565,4875378,sacha.slynko,FR,105504623592364,
5,17.42,Go,1651852624887,4271556,979569,khanh-alice,VN,95802546320134,
5,17.41,Javascript,1651926830635,4273131,1420817,TheMagicShop,FR,4468522326390,
5,17.41,D,1680043016342,4781943,3283415,Bon[]Crayon,FR,150057229779086,
5,17.41,C,1666558491382,4505350,3457031,YurkovAS,RU,143223227299056,
5,17.4,Python3,1660968810271,4428426,3800192,n4bz,MA,82620484919757,
5,17.4,C++,1651679389090,4264504,4230284,Mriant,FR,60284327465673,
5,17.4,Python3,1651674245864,4263379,513540,Mguesner,FR,82979245910632,
5,17.4,Javascript,1651767859065,4269020,3356406,Yukiisama,FR,29131203640910,
5,17.39,C#,1686006870277,4959053,4844673,nalka,FR,106268722150417,
5,17.39,C++,1652547276552,4285370,4290907,janm31415,BE,62574904906500,
5,17.39,TypeScript,1674416538774,4717269,4855724,Moult,FR,82761108947811,
5,17.39,PHP,1651722548467,4265861,4851833,Zouiff,FR,82168625949426,
5,17.38,Python3,1652119981022,4276947,1940158,Kepotx,FR,82887488335359,
5,17.38,Java,1651819540141,4270285,2998967,Gilde,FR,62190109872577,
5,17.38,C#,1746676412936,5857443,1782814,Trilusion,CH,11177901676243,
5,17.36,Go,1737414794453,5756860,1368122,galthaus,US,9903386499213,
5,17.35,C++,1651788767402,4269841,4392268,treecko,KR,66210084532355,
5,17.34,Python3,1746537988640,5855549,2557590,raaperrotta,US,,
5,17.34,Python3,1704865425367,5276670,5057466,Yai,TH,90729422690830,
5,17.32,TypeScript,1651674374832,4263646,4848415,Lab3ss,FR,82163244723013,
5,17.32,Python3,1700648482757,5113104,4871679,Dorian_le_merveilleux,FR,,
5,17.32,Java,1651793266633,4269961,3680240,petiseb,FR,40440382596895,
5,17.32,Python3,1651954027017,4273918,4257906,NotSureWhyThisWorks,AU,115801307841624,
5,17.3,OCaml,1700648606577,5113109,3138661,Salticid,AU,24751102508608,
5,17.28,Python3,1687647034354,4985044,1530750,UncleV,RU,5933736705018,
5,17.28,Python3,1693396270344,5040554,4331097,Spogo,FR,63879125857236,
5,17.28,Java,1678637930544,4764150,4053436,CH3MA,ES,54356686358342,
5,17.28,Python3,1657485732895,4389206,4864697,Lwa3er,MA,82609849197801,
5,17.27,Python3,1746786688348,5858514,4574813,tib-lp,FR,82898781906545,
5,17.25,C++,1716733911453,5388340,6056978,QuentinB_,BE,122841327180543,
5,17.25,Kotlin,1746786565132,5858511,839126,Asheryth,FR,,
5,17.23,Python3,1697909404454,5083438,3256846,Yohann62,FR,100550803894064,
5,17.23,Python3,1666648158370,4506575,4608132,MarcZo,FR,73651500477575,
5,17.22,C++,1651672403049,4259905,3790601,jar,GB,43497103758663,
5,17.21,C#,1723116790582,5550863,1421067,EraStormbringer,FR,,
5,17.18,C++,1746768146677,5858350,4415445,UnSaumon,FR,92644363820566,
5,17.17,Python3,1651736622024,4266082,4230724,SefioR13,FR,60411344362349,
5,17.17,Python3,1653430396558,4299224,4837375,rojohasina,MG,81913047476818,
5,17.17,Python3,1746703522891,5857635,5127927,KaizenPower,FR,91965426525453,
5,17.16,Python3,1653857140574,4305235,3999695,ShaxoLudo,FR,107626168988312,
5,17.16,Javascript,1652952936221,4291508,2123423,splanard,FR,14113623525334,
5,17.15,Scala,1653310128729,4296944,2022754,paul_ik,LT,15661429218472,
5,17.13,C++,1651911607781,4272699,4058636,HMMD,MA,125118107147235,
5,17.09,Python3,1700648482408,5113103,492970,NawreCode,FR,53746487738294,
5,17.09,Python3,1651813119354,4270153,4311709,NOIIICE,MA,106257362763827,
5,17.07,Python3,1651796502867,4270003,3927891,whywhy_,CN,,
5,17.06,C#,1653854328791,4305183,1152991,xoposhiy,DE,117261083571823,
5,17.06,VB.NET,1659870796315,4416911,3947806,Kr4unos,FR,124106522204075,
5,17.05,C++,1698076130984,5085235,5243552,alimouri,MA,97032540908983,
5,17.03,Java,1657485854791,4389209,1673508,Quiro,CO,,
5,17.01,C++,1653856712763,4305227,2842531,Kurs,CY,62933160542405,
5,17.0,C++,1666631024287,4506099,4260726,WannaBeHum1n,TN,61738869953404,
5,16.99,Python3,1666647546287,4506545,1789767,erky,DE,10398912517854,
5,16.99,C++,1746710018718,5857686,3800599,Robsob,PL,43869627807837,
5,16.99,Python3,1651825272591,4270471,973429,Aldji2,FR,83196587700026,
5,16.98,Python3,1666545234359,4505132,4099691,Butanium,FR,59650564860994,
5,16.97,Java,1653234682212,4295845,1066745,DepartmentOfRedundancy,FR,107574148016271,
5,16.97,Javascript,1666647730284,4506550,4844407,DainiusV,LT,81914865204422,
5,16.96,TypeScript,1689924304370,5009004,4045062,ChaosCat,DE,,
5,16.96,C++,1651825944584,4270492,2487373,Anubis29,FR,17426601999842,
5,16.94,C#,1651672347444,4259830,1062993,Whiskee,IT,2703903845691,
5,16.94,TypeScript,1746676415742,5857444,370471,desoindx,FR,1810254262554,
5,16.94,C#,1746577981056,5856023,4859809,CheapSalvation,HU,82568701380163,
5,16.88,C++,1746578040602,5856024,4119720,maniekTC,PL,,
5,16.8,Python3,1746709772635,5857683,2982141,dbcg,FR,,
5,16.8,TypeScript,1737413636721,5756852,1460818,NaremmeRob,FR,82168721870413,
5,16.77,Go,1651694390443,4265132,1301155,Kurt190,FR,52979980532736,
5,16.75,Java,1651673551967,4261909,3508803,SlimSt,FR,35018028050813,
5,16.64,Python3,1651673975996,4262823,1569420,Tuo,FI,,
5,16.41,Python3,1746577978575,5856022,977290,Darklighter,RO,,
5,16.37,Python3,1651770089691,4269111,3902927,Bulgot,PL,51651703085440,
5,16.34,Javascript,1713157658423,5363335,4739361,smenikdov,RU,78566783572995,
5,16.12,C#,1718105343047,5403595,4153433,Deytrino,RU,57970249548030,
5,16.09,Go,1750878382966,5901129,1944904,etherealy,FR,15168927486004,
5,16.03,Python3,1746786626559,5858512,3570823,warmind,US,36918068753784,
5,15.77,C++,1757844964618,6040288,4051850,Waluiji,FR,125015920575444,
5,15.75,Lua,1651730774695,4265933,4837454,Zunia,FR,138033001100552,
5,15.72,C#,1674416538493,4717268,704875,XaY,FR,1746313875354,
5,15.34,C#,1725556024561,5568356,1171919,BsT,FR,53418822153436,
5,15.31,Python3,1723113430434,5550834,4841294,tdesmet,FR,82426708159745,
5,14.85,Javascript,1723113552446,5550837,155881,Xeger,CH,104405127658237,
5,14.55,Java,1651789992708,4269885,3264049,Pierrot_fr,FR,44252806987455,
5,14.51,Java,1757845938584,6040296,1171469,Reblochon,FR,3915935783530,
5,14.32,Rust,1651743966539,4268035,3527657,AT274,JP,39287767125987,
5,14.32,C++,1651674125239,4263165,817833,ao1415,JP,9396930857667,
5,14.26,Python3,1666368344308,4502872,4605415,Makun06,FR,83161202766627,
5,13.94,C#,1653302658766,4296803,3340132,Vyrith,FR,28568483652259,
5,13.91,Java,1693396330781,5040557,4820224,cyborgCookie,FR,,
5,13.56,Rust,1653366554685,4297938,4062306,shauuebbit,JP,63553561502767,
5,13.55,Java,1746768636775,5858354,856695,colegu,RO,47101648476115,
5,13.28,C++,1746536806346,5855534,3380418,Von-Karma,FR,30035028535170,
5,13.22,Python3,1651746190914,4268128,3273528,RavenKZP,PL,26177331725623,
5,12.89,Python3,1653264064683,4296437,4843519,mqnzqnitq,ES,81877309423372,
5,12.64,Java,1652024999793,4275131,4511827,priitl,EE,70633265210774,
5,12.38,Javascript,1652035552690,4275436,924425,poney,FR,4382318176417,
5,12.04,Javascript,1657198168651,4385183,3738926,grignoton,FR,42080900329946,
5,11.52,Javascript,1651671957187,4258963,4875676,wardoo,FR,,
5,10.78,C,1670856984849,4561309,4838630,-ko,FR,81680865360710,
5,10.76,Python3,1658829248382,4406248,2802293,KarimGeh,MA,121890724390356,
5,10.6,Python3,1652030560879,4275294,1328985,Fushy,FR,19414894341052,
5,7.81,Python3,1705024589723,5279476,4088570,runiformity173,US,95386522701678,
5,7.4,Python3,1680455523443,4786603,5316432,El_trombone,FR,,
5,2.6,Python3,1651674058488,4263033,4793395,AMay,JP,81573323784383,
5,2.46,Python3,1652389998713,4282714,3764403,Jchenaud,FR,53752785498850,
5,1.4,C#,1651769372692,4269085,1991836,Ptitselov,CY,17255326776358,
5,,,,,4818881,Hawkou,US,,
4,26.26,C#,1757845141809,6040292,1620599,PROG_r_A_m_MER,NL,143827907446897,
4,26.05,Javascript,1651674000715,4262888,3910987,InfiniteVR,FR,47221884395216,
4,25.12,Javascript,1651674508188,4263925,940791,Kris117,FR,16280535626899,
4,24.94,Java,1651674484856,4263872,3244897,Romii,FR,63528322811756,
4,24.75,C++,1651945725849,4273702,3525167,fgsdt,ES,45694548031394,
4,24.74,Java,1651673074106,4261126,1417805,hiro116s,JP,,
4,24.73,Javascript,1651672109601,4259298,1180953,Dammmien,FR,69413085141595,
4,24.72,C++,1651673627002,4262059,2528301,akTARDIGRADE13,JP,82282522605789,
4,24.72,C#,1651774404150,4269272,1378958,Illedan,NO,16222515698472,
4,24.72,Java,1651672679512,4260445,1831684,dbf,RU,22691032646401,
4,24.72,C#,1651672306838,4259760,3532738,TheDrowsyTortoise,DE,68473383944291,
4,24.71,TypeScript,1651673795937,4262427,935744,Alcalyn,FR,12077756999042,
4,24.7,Ruby,1669035792335,4536227,5145701,LocK._,FR,96388260101583,
4,24.7,C#,1651740904740,4266844,1483234,jbl,FR,54967629775816,
4,24.69,Java,1651741132589,4267361,1729763,Silverup,PL,82721042392720,
4,24.69,Java,1651672634934,4260358,4744121,Yggdrasil4484,FR,78747504529799,
4,24.67,Python3,1651672975871,4260958,4854649,a_bag_of_rice,FR,82268048752184,
4,24.66,C++,1651741311468,4267768,2648445,Keyu,FR,,
4,24.66,Python3,1725814917849,5570545,5127071,Yliana,FR,108051141391547,
4,24.65,TypeScript,1651673438097,4261671,2970772,Toukappa,FR,81569863772646,
4,24.63,Javascript,1651740637629,4266277,4087883,Oshen_,MA,82995680080623,
4,24.62,C++,1651754716824,4268452,1601217,Heide,FR,24684492596453,
4,24.62,Javascript,1651741372724,4267910,3664384,daviih,FR,73758587841961,
4,24.61,Python3,1651672258896,4259672,4027771,AndreMarasca,BR,52647904853809,
4,24.61,Kotlin,1651673443751,4261680,1515891,ndc,RU,57247748477088,
4,24.6,Rust,1653924194219,4306025,4831249,sndyuk,JP,83058307711383,
4,24.6,TypeScript,1651673008872,4261010,4062138,Azium,FR,54052569928631,
4,24.59,C++,1651673104765,4261186,4863398,Sinkat,RU,82571144843496,
4,24.59,Java,1651672977671,4260960,4838622,lespinoz,ES,,
4,24.53,Python3,1651741121874,4267332,2155916,ButterflyEA,IL,15055369099350,
4,24.52,Rust,1651672919879,4260846,3793095,Jasper_185,NL,63835621843283,
4,24.49,Python3,1651674052670,4263018,4089252,Miki09,CZ,57774109997186,
4,24.45,C#,1651673960352,4262793,3319855,Drobor,KZ,,
4,24.44,C#,1651671868967,4258772,4859792,Telika,FR,82502506762685,
4,24.43,Python3,1651671647764,4258324,3130224,julesaf,FR,,
4,24.39,Kotlin,1651740655214,4266316,2246554,HKamil,PL,34538301287364,
4,24.39,Rust,1651741178516,4267452,1579924,sourlime,CZ,6439910692366,
4,24.39,Javascript,1651741330294,4267822,3700629,serialgg,FR,41086567019728,
4,24.37,Java,1651672927533,4260867,4056249,marwar22,PL,105975464579688,
4,24.35,PHP,1651672063413,4259195,4845888,CaptainYan,FR,82931905199257,
4,24.31,C#,1651830028256,4270634,4857824,Demetori,RU,147192547790664,
4,24.27,Java,1651672476937,4260055,2944664,Tharking,FR,22650134589717,
4,24.26,C++,1651672612060,4260317,4177538,Jeremy-M,FR,75134547340802,
4,24.26,C#,1651673112390,4261193,862819,Umbakrail,FR,71228000619086,
4,24.24,C#,1651673329074,4261479,937214,KissCool,FR,4941900968557,
4,24.23,C++,1651674627984,4264195,4075567,magist3r,RS,82988602161302,
4,24.23,Dart,1652008296393,4274673,4019021,BuddyJ,DE,52119400599418,
4,24.18,Python3,1651673594480,4262001,4823073,davfrv,FR,81618002617723,
4,24.14,Java,1653927866830,4306099,4869114,Sipkar,CZ,83103365311241,
4,24.12,PHP,1651673960796,4262794,2316796,Psio,FR,44129382204229,
4,24.11,Java,1651741235303,4267588,617317,Med-Amine,FR,82132444896337,
4,24.09,C++,1652115349647,4276860,3519057,tbrowang,FR,35182748200024,
4,24.07,Python3,1651672681494,4260449,3805032,davidshhh,US,44062265819243,
4,23.96,PHP,1651672590495,4260280,559415,Azels,FR,82794608709720,
4,23.96,Java,1651741175157,4267437,3586668,itachii,MA,53676949714958,
4,23.93,C++,1651673537122,4261876,1787026,xurei,BE,10364774608887,
4,23.93,Python3,1651673301021,4261440,3767281,lgutter,NL,53360208792505,
4,23.92,Python3,1673867607687,4708698,2128673,larrymotter,FR,13953173430111,
4,23.91,TypeScript,1651672597792,4260293,4659225,n2k,NL,82373105711213,
4,23.88,Python3,1671452918532,4599307,4848961,Sasso_Stark,IT,122058285947525,
4,23.88,Python3,1654860396243,4318450,4441094,Oric1,FR,68215368870645,
4,23.83,Python3,1651740743609,4266501,4844105,moiaw,FR,82822064800206,
4,23.83,Python3,1651680950133,4264572,3555728,KVNMDS,FR,147525929764044,
4,23.82,C++,1652043309591,4275679,2950978,icecuber,NO,22740742148777,
4,23.82,Python3,1651673542022,4261887,2874091,5DN1L,GB,134264063920528,
4,23.82,Java,1651741057671,4267197,1046623,the_pins,FR,4978783192845,
4,23.8,Python3,1679613397494,4776895,2200074,n0kto,FR,121402185513048,
4,23.79,C++,1651741050494,4267183,2143560,ashiknur,BD,,
4,23.79,TypeScript,1653956959241,4306646,4397375,Tiboo5,FR,82641187219857,
4,23.78,Python3,1664717809435,4476936,5052454,chris.steele,US,89311405495927,
4,23.77,Python3,1670870705035,4562975,4491643,Ayman_Touhami,MA,95220127738973,
4,23.76,Python3,1651674640724,4264216,3712725,Th1nhNg0,VN,41448448487547,
4,23.75,VB.NET,1672436298922,4655874,481564,mihei,RU,4454400756022,
4,23.75,Go,1685458307922,4890535,3551741,MorphiX00,FR,,
4,23.75,C#,1651672434069,4259969,835229,Kurios,FR,63593969892675,
4,23.74,C#,1683785767472,4821054,5457863,GildSmart,FR,,
4,23.73,C#,1657956432036,4395003,4977931,Drezounet,FR,87021424383185,
4,23.72,Java,1651674103303,4263112,1301715,JB5,US,7541053482468,
4,23.72,OCaml,1651741288206,4267711,925695,Boulet,FR,29121141951376,
4,23.71,Rust,1651674173398,4263244,1854709,fluffyowl,JP,11335650335905,
4,23.71,C#,1651673759141,4262343,3205555,mmaderic,HR,25860505544320,
4,23.71,Python3,1651674394200,4263694,4826182,Cadmiom,FR,81334987519631,
4,23.7,Python3,1651822640889,4270405,4879363,RonanLepage,FR,,
4,23.69,Python3,1706388374738,5299584,5895675,Heir-of-God,UA,124999266138736,
4,23.69,C#,1651672920753,4260847,4058503,TerryMalone,GB,144595786431142,
4,23.68,Rust,1651674441621,4263779,904881,lpenz,IE,3716396377696,
4,23.68,Javascript,1651671869479,4258773,4848667,nenTi,DE,82057027730724,
4,23.67,Kotlin,1651673076995,4261135,1106056,Bzn0r-Karloid,PT,18258788048148,
4,23.67,Python3,1666859760017,4509130,3808278,flforget,FR,105689389058864,
4,23.66,C#,1683992661606,4823818,4853308,TechLeadie,GB,82500846966348,
4,23.66,C++,1651673713091,4262244,4186453,Audatic,DE,58862048744391,
4,23.66,C++,1651672351349,4259835,4074408,ellacroi,FR,63911226537016,
4,23.65,C++,1651673352096,4261521,1480501,DaFish,SE,29432508282053,
4,23.65,Java,1654039882358,4307699,3004542,GaborHutya,HU,53345527045114,
4,23.65,C++,1667812441960,4518354,3586671,Uemu,BE,74132744222665,
4,23.65,Python3,1651674345653,4263602,4279129,phidra,FR,64035243692575,
4,23.65,C++,1664452620487,4473472,5104410,Dracaufeu,FR,90957524956908,
4,23.65,C#,1651673869040,4262586,3822155,Mykyta_Lutsuk,UA,81592127302011,
4,23.65,Python3,1692747196868,5035738,2464524,GnidGnaw,US,17138346440330,
4,23.64,Rust,1651674518747,4263936,2927878,ikd,JP,44614246738648,
4,23.64,Python3,1684140860391,4825202,3361908,Fafanellu,VE,136482706062747,
4,23.62,Python3,1652255645721,4279679,4844841,elp_elp,FR,95087361900551,
4,23.62,C++,1651673995081,4262871,3534078,chabes,FR,64752446682490,
4,23.62,C++,1670813109306,4560553,3492840,Christian_Jaime,MX,95138923383129,
4,23.62,C++,1651740914859,4266875,514460,Harv,PL,,
4,23.61,Python3,1651674228752,4263343,4594650,d.coder,UA,73325449648398,
4,23.61,Java,1651750251643,4268274,1123581,Luksis,FR,64256849846892,
4,23.61,C#,1651741229063,4267571,2592367,Jokero,RU,81718781707754,
4,23.6,Python3,1651672884172,4260791,4616446,Navoos,MA,116480143819448,
4,23.6,Rust,1651672489088,4260075,3651427,Stoub,FR,39958363128313,
4,23.6,C++,1651672449190,4259990,4321796,saki0080,JP,,
4,23.59,C++,1651672254984,4259660,1611293,btk,JP,63568700249403,
4,23.59,C#,1651673755662,4262336,1662157,Rom1g,FR,,
4,23.59,Java,1651740966265,4266983,1605122,GingerFan301,CA,7044506784267,
4,23.58,C#,1651740634967,4266269,1798477,mnivet,FR,35003769540182,
4,23.58,Python3,1651672308769,4259765,4330224,Hilary02,JP,63899481874702,
4,23.58,C++,1651674311310,4263534,3756021,TheSkolar,PL,147810200788161,
4,23.58,Python3,1651673651216,4262109,4581886,Guiik,FR,,
4,23.57,C,1651671600491,4258240,1344197,CsAdamK,HU,125965928936325,
4,23.57,C++,1651673107838,4261190,4874085,knoda,FR,82918820793599,
4,23.57,Java,1651674270870,4263449,4617735,gymerkhongngu,VN,81945666245080,
4,23.56,Java,1651671977294,4259009,2282553,Y08413,FR,82514781375127,
4,23.56,Java,1651672433278,4259966,2766223,Aviack,UA,20453632677157,
4,23.56,Python3,1652180077786,4278025,3327027,Ton7on,FR,35132527407124,
4,23.56,C#,1651672015501,4259102,4590269,Cheeriohz,US,73918943660184,
4,23.56,Python3,1651672160203,4259413,4857356,sound-round,RU,82473227227886,
4,23.56,Python3,1651673869435,4262587,4880591,XGino,IT,,
4,23.55,C#,1651674428784,4263763,4061770,Banquich,DE,,
4,23.55,C++,1651740630973,4266264,4266575,gaua,FR,,
4,23.55,Java,1651673577987,4261970,1715811,PositiveQuark,CH,50610109396057,
4,23.55,PHP,1651671867678,4258769,4871770,Nairb18,FR,82989929169090,
4,23.55,Python3,1651671647437,4258323,4399052,CodinBoss1234,AE,67663084101138,
4,23.55,C++,1652256198093,4279693,4222531,clerven,FR,82641968424156,
4,23.54,Python3,1681981656967,4802356,5135311,Yuuzuu,TR,92176703974087,
4,23.54,Java,1651674143175,4263182,813092,GuillaumeBardy,FR,63590046307002,
4,23.54,C++,1651741197714,4267497,1169264,moarrrr,FR,81777684395857,
4,23.52,Python3,1681477907612,4797156,5067884,bearnaise,FR,93588901573131,
4,23.51,Python3,1651674491321,4263887,2674460,Malte42,DE,19389646868040,
4,23.51,Java,1651671739063,4258490,4870344,Bood,FR,83075341770391,
4,23.5,Python3,1651671828259,4258680,3673627,Elvis_Depresley,FR,42344742283664,
4,23.5,Python3,1651673881508,4262618,4135037,MachichM,CZ,57861641103579,
4,23.49,Python3,1651672825356,4260692,1109979,Gloopy,FR,5855023276100,
4,23.49,Python3,1685472389748,4893041,5344993,Strampalatu,FR,136109662345523,
4,23.46,PHP,1651673921863,4262700,3586725,obrozer,FR,38932740061063,
4,23.46,C#,1651671781759,4258588,843005,DrJonez007,US,,
4,23.45,Python3,1651673392631,4261602,4869092,GigaMegaUltraItalian,IT,95965564970853,
4,23.44,PHP,1651673907039,4262662,2718963,Fregat,RU,20012147929926,
4,23.44,Python3,1655768796552,4343208,4658485,I_love_CoC,FR,78826565327580,
4,23.42,C++,1651941629868,4273583,866947,N0H08,FR,,
4,23.41,Python3,1734998897515,5680346,4071357,GrowlingBear,FR,55890041495427,
4,23.4,Python3,1651740903097,4266841,4627200,Fwcode,GB,74211561098465,
4,23.38,C++,1651672568730,4260231,4321101,BlackHole_Is_Coming,JP,125508682381370,
4,23.33,Python3,1651674097540,4263100,1479552,Tom1,PL,35305640914127,
4,23.33,C++,1651673906691,4262661,4260220,Molpio,MC,65471445942743,
4,23.33,C++,1651672332605,4259800,1706883,CommanderCero,GB,12258417197723,
4,23.32,Python3,1651673037676,4261064,3670201,Sinfo,FR,,
4,23.32,Python3,1700640872428,5113033,1770818,Hbscs,BE,10163693900589,
4,23.31,Python3,1651672872344,4260765,4856993,Matt_1906,FR,82425007777021,
4,23.31,TypeScript,1651673114387,4261195,862498,Graviton_Noir,FR,12180591976219,
4,23.31,Python3,1651671762336,4258535,2438575,laeith,PL,,
4,23.29,Python3,1651674250486,4263391,3873666,brthyyjp,JP,,
4,23.29,C++,1651974618965,4274387,4859031,rinrion,JP,116567146662899,
4,23.28,Python3,1651673918778,4262691,1698399,gsmrana,BD,118899545166032,
4,23.25,Java,1651674184019,4263271,1295850,EvbCFfp1XB,JP,,
4,23.24,Python3,1651672945196,4260898,4448227,bmerchin,FR,68251340672641,
4,23.24,C++,1651674548554,4264007,3912122,j-ur-me,FR,,
4,23.23,C#,1652689312807,4287298,2147447,Yv41n,FR,81846089833810,
4,23.23,Rust,1651672959842,4260929,2021071,Bltxd,FR,23608394755778,
4,23.22,Python3,1653994352794,4306926,1709071,MAWAAW,FR,9382042427281,
4,23.2,C++,1651752369518,4268365,3768035,c0d1ngr1ff,MA,53479265809040,
4,23.2,C++,1651672866168,4260749,3817030,Haa,JP,63749144245994,
4,23.19,C++,1651688183714,4264892,1896065,FeZar97,RU,14182416474611,
4,23.18,Python3,1662927030698,4447498,311035,leojean890,FR,42398427701382,
4,23.17,TypeScript,1668429978502,4525372,3965752,SpiderSeb,FR,57959420643587,
4,23.16,Python3,1651671620297,4258285,1728288,MOLP,FR,25530098163966,
4,23.14,Python3,1651740929711,4266900,4044458,mbrunel,FR,83225081515525,
4,23.14,C++,1651673850388,4262548,2956626,Wielomian,PL,61301447564513,
4,23.13,TypeScript,1651673789277,4262420,4581586,Dr.AfonsoParkinson,PT,82468063039504,
4,23.13,Javascript,1651673393484,4261604,2131818,Takoouh,FR,82214301455509,
4,23.12,Java,1651673026670,4261041,4314941,TripleKs,KR,,
4,23.12,Java,1651674000478,4262887,552492,jeffrpowell,US,62951603803773,
4,23.1,C#,1651741021374,4267110,2182272,mykar,NZ,69873668549049,
4,23.09,C#,1651672487345,4260070,4859620,okanyldrn,TR,82463403268131,
4,23.09,C++,1651674448297,4263791,1477355,Ysoft,FR,4941443316478,
4,23.08,Javascript,1651740986377,4267037,1798034,NKF,FR,,
4,23.05,Rust,1651673486557,4261775,800441,kwrig,JP,82469740856161,
4,23.04,Ruby,1651673633606,4262077,1945852,HLhop,FR,116887106899056,
4,23.04,C++,1651672346017,4259827,567404,sash,JP,29016682766048,
4,23.02,Ruby,1661014002134,4428874,4789438,Enowise,FR,80414525920185,
4,22.98,Dart,1651674321599,4263545,3626280,Fillan,FR,42980628832290,
4,22.97,Go,1651673285311,4261419,3938500,evanforCodin,NZ,64105948982644,
4,22.95,Python3,1654349313517,4311400,1068324,arrcpp,ES,82586241093275,
4,22.94,Java,1651674051498,4263013,3545214,dragonicagata,FR,,
4,22.94,TypeScript,1651674406022,4263722,153077,Dim82,FR,95819785209857,
4,22.9,Go,1651672241111,4259632,1653601,Tebaks,TR,82481326149902,
4,22.87,C++,1651674277941,4263463,2242201,Maryan,UA,33999460575859,
4,22.87,C++,1651672740329,4260546,1353795,TheCrucial,PL,18581166493021,
4,22.86,Python3,1651845342660,4271226,4821662,Joscha,DE,,
4,22.83,Python3,1651740818871,4266642,1347751,FunFR,FR,5447568095935,
4,22.83,C++,1651672692565,4260458,1288527,Snef,FR,20716524973752,
4,22.83,Kotlin,1651673882320,4262620,2003111,Krikolo,FR,20420698911922,
4,22.82,TypeScript,1651673055591,4261095,2200092,Drouyg,FR,14570946807738,
4,22.81,TypeScript,1652078441872,4276100,4392190,SangHeonLee,KR,147648643920378,
4,22.74,C++,1651740801428,4266619,1673512,Ryoken,LI,,
4,22.73,Java,1651672597021,4260290,335818,TyraEl,FR,,
4,22.7,Python3,1655067962086,4321185,2290633,field3,JP,75961127697737,
4,22.7,Python3,1699183477975,5097051,2845396,Wock,NZ,144942982696647,
4,22.67,C#,1654541510384,4313718,4841063,Naxus,FR,104762183855753,
4,22.67,Python3,1651672826704,4260694,1040176,BoBot,EE,,
4,22.65,C++,1651672799174,4260646,4320654,MtSaka,JP,82494828061146,
4,22.64,C++,1651672626093,4260342,545951,AntonT,RU,1979045068345,
4,22.61,Python3,1651959032365,4274080,865548,Kktus,FR,95659128943351,
4,22.58,Swift,1651674611681,4264168,4054394,Kreontsa,CZ,58324266409166,
4,22.57,Java,1651674429848,4263765,4059043,DziTiEn,VN,64816247888006,
4,22.57,Rust,1674046058740,4711538,219157,BelaidKhaled,TN,49835789147713,
4,22.57,Python3,1651741269202,4267658,4716095,MichMich31,FR,78647228592436,
4,22.56,Javascript,1714717458952,5373571,4288193,MniDK09,FR,,
4,22.53,Python3,1651673928300,4262713,4866769,Inka_wanna_play,CH,83167163931093,
4,22.49,Python3,1651672815411,4260682,3775061,czuk,PL,136684545412167,
4,22.48,C#,1651671904715,4258841,3501342,madddmax,RU,82660900961363,
4,22.47,Python3,1651672252450,4259653,3436478,liferocks,NZ,44454109854914,
4,22.46,C++,1651674559227,4264027,1803061,SmokingJoe,DE,10762058272053,
4,22.45,C#,1651672561218,4260213,4861777,Mahoneko,FR,82507366901811,
4,22.44,C++,1651672331421,4259798,271945,aangairbender,UA,6101760651670,
4,22.44,Python3,1651672469722,4260044,4599485,Emerg,FR,82617220498877,
4,22.43,C++,1651672721773,4260519,2675754,CaptainGreen,RU,56390889579620,
4,22.43,Python3,1685707656648,4920388,4623077,mathegenie2837,DE,80333322799242,
4,22.42,Java,1651687950088,4264885,2049702,CubeLuba,US,136388161035446,
4,22.42,Javascript,1651672682869,4260450,896747,Ab33,FR,82323703659383,
4,22.37,Java,1651672804457,4260655,4252617,joao1234,FR,82457122113877,
4,22.37,Python3,1651671870787,4258777,3690699,phentz,FR,,
4,22.34,Python3,1651674611072,4264167,4534733,Damko757,SK,71027920354170,
4,22.32,C++,1651693957540,4265104,1034635,SlyB,SE,2110171576995,
4,22.31,Python3,1651740946135,4266951,2470677,Goujon,FR,17423411447066,
4,22.3,Javascript,1651673492070,4261777,4792368,recurduck,IL,80291169668485,
4,22.28,C++,1651672713519,4260507,1418821,input.txt,RU,13393616028136,
4,22.28,C++,1651740751117,4266521,1883153,Zoidb3rg,FR,11456040990654,
4,22.23,Go,1651673119218,4261203,1525831,ntsd,TH,86763903852312,
4,22.23,Python3,1651674531925,4263969,4562863,Benoit-Simunsol,FR,82385326058954,
4,22.22,Python3,1666886160123,4509567,4876490,JoslinSP,FR,91390161318116,
4,22.21,Python3,1651672286181,4259712,3733881,DoZ,FR,53340903996512,
4,22.17,Javascript,1651674635661,4264209,4041998,oboualla,MA,52812666963439,
4,22.17,Python3,1651674351248,4263617,2398608,M_C,FR,,
4,22.16,Python3,1684149824532,4825296,4652686,Victorr,FR,103046583877529,
4,22.13,Go,1651673329798,4261482,947892,ZachAttackary,US,82870520932443,
4,22.12,Java,1651671995472,4259056,3809155,Myssteriion,FR,44219845216221,
4,22.1,C,1651673231964,4261354,4843722,R0ckYou,MA,130189505876248,
4,22.09,C++,1651672898346,4260820,4309387,marksalisbury,US,63515428980184,
4,22.09,Python3,1651740683835,4266370,855824,VoxMortem,FR,5525991865489,
4,22.09,C++,1651674071095,4263061,2993705,Alf802,US,23795644158400,
4,22.09,Python3,1677449356019,4752128,1634986,skiiiup,US,22391690931749,
4,22.08,Python3,1652771856323,4288644,3055199,riedberg,DE,,
4,22.07,Python3,1651674460594,4263824,4856943,mephalia,PL,82442428657534,
4,22.07,Java,1651672801821,4260650,1162014,Bojan,DE,44618089423590,
4,22.07,Python3,1651673948696,4262762,593099,Maldo,NL,15083257889911,
4,22.06,Java,1671796444406,4621287,1736419,Odinfr,FR,10235254657984,
4,22.06,C++,1651741112584,4267304,4545142,akiiino,DE,,
4,22.05,Java,1740900537925,5795371,5143532,jhms.kimlee,KR,117989927261029,
4,22.04,C#,1651673072698,4261125,533238,Cdpse,FR,17432593869564,
4,22.03,PHP,1651674026876,4262961,2783687,AdrienLopez,FR,28930968445837,
4,22.03,Python3,1651673051201,4261085,3789424,JohnCM,SG,43467927525747,
4,22.03,C++,1651671897358,4258825,3727077,Manwi23,CH,42360341161981,
4,22.03,Python3,1651672605882,4260315,4859229,Taydo,FR,82638907518015,
4,22.02,C#,1651672868052,4260755,4648691,bazil83,RU,76021681233390,
4,22.01,C++,1651672483660,4260064,811622,Scarfield,DK,73294709815061,
4,22.01,C#,1651740917333,4266881,3736976,olka2g,PL,43354680277274,
4,22.0,C#,1651673173556,4261282,4846019,DjTrilogic,FR,136364143868813,
4,22.0,Ruby,1651741157460,4267415,3260297,Murphyslaw,DE,82117867010149,
4,21.99,Java,1651674163343,4263225,4423984,ebkeefe5,US,83224088189118,
4,21.98,TypeScript,1651671857778,4258751,308188,Azimov,LU,2165825176879,
4,21.98,Python3,1710163008380,5337622,5131313,Pell66,FR,104245167991982,
4,21.98,PHP,1651674316959,4263539,802171,Merome,FR,1833057833457,
4,21.97,Python3,1681477978738,4797158,5135601,zoom1870,FR,,
4,21.97,C,1651671936134,4258918,972854,MrXo,US,1868946456074,
4,21.96,C#,1651673360484,4261537,3962693,Kamoun,TN,,
4,21.95,Python3,1730551976771,5612277,1244740,Tenos,US,87869045865786,
4,21.95,Python3,1658109925994,4397023,4270882,[ron],GB,,
4,21.94,C#,1651673514942,4261820,4007523,ShadyNagy,EG,51528868051879,
4,21.94,Python3,1651672332351,4259799,4420742,Mortis_666,MY,99045346596822,
4,21.94,Python3,1651672153415,4259394,914013,HexTree,GB,32702107878953,
4,21.94,Rust,1651674012522,4262924,4274197,i8fbnkyw,JP,61907809330896,
4,21.93,Python3,1745523282742,5845214,5318868,Mandelbrot-Menge,DE,99885640096144,
4,21.93,C++,1651674122767,4263156,4057208,casmith789,GB,53805640061741,
4,21.92,Python3,1652596228881,4285895,4691719,Anton42,DE,,
4,21.92,C++,1651672183521,4259478,4803555,cdine,FR,82550182298549,
4,21.92,C#,1699193420440,5097147,5534797,SUS11,AR,,
4,21.91,C#,1656399650942,4371164,1988483,Uhrond,FR,14116252938319,
4,21.9,C,1651674043976,4263002,1029663,Skreamly,FR,10310918289639,
4,21.9,Python3,1684169470732,4825585,5029848,Slayd,FR,98380426309511,
4,21.9,Python3,1653555562933,4300920,3501209,Whatar,IT,63006126555482,
4,21.89,C++,1651674046262,4263008,2950376,MarKes,LI,22714386968798,
4,21.89,C#,1651719143987,4265815,3770509,yupiteru,JP,53645387009598,
4,21.88,Rust,1651673715080,4262249,4122678,DrFlowerkick,DE,56577349510300,
4,21.85,C#,1651673437868,4261670,1854639,iDxMeG,FR,11242007512344,
4,21.85,Python3,1651741345538,4267845,2139081,Kalioz,FR,14979458096419,
4,21.84,C#,1651673079903,4261144,2515258,Everal,RU,78600206191687,
4,21.84,C++,1651672645906,4260376,1642932,Durkin,US,44064768897968,
4,21.84,C#,1651671997491,4259062,3769834,Hoggins,UA,44250964104287,
4,21.84,C#,1651674225982,4263338,3692805,Ratosh,DE,,
4,21.83,C#,1653579885294,4301535,4906654,YoanLaurain,FR,103996764443290,
4,21.81,Python3,1651741241599,4267606,3794322,Seriousman-_-,FR,61299921205389,
4,21.81,Javascript,1651673357046,4261532,4614333,Lakera,FR,79074505951325,
4,21.8,Python3,1651674264197,4263430,2343982,S0L0,RU,82822420370995,
4,21.8,Java,1651671772824,4258563,4678802,CalebC,US,77189589705392,
4,21.8,TypeScript,1651673787143,4262416,380805,Xtendz,FR,100694504923582,
4,21.79,Python3,1651673804080,4262448,1415773,pierre31,FR,4337213780013,
4,21.79,Python3,1651769291420,4269081,4389838,Avuvos,IL,67132302217239,
4,21.79,Java,1651741352452,4267865,1528820,RobinRozo,FR,81922403710739,
4,21.77,Java,1651741285414,4267701,3791463,Thibaal,FR,44163464382575,
4,21.77,PHP,1651689730665,4264953,1412263,PatrickMcGinnisII,US,75707267075165,
4,21.77,Python3,1654697101677,4315700,3965571,Smekarn,SE,50557362213985,
