score,criteriaScore,programmingLanguage,creationTime,codingamer.userId,pseudo,codingamer.countryId,codingamer.avatar,#golf|count=9|time=2026-09-08T08:23:00
100.0,125.0,Perl,1787895129735,6172043,PetyFloyd,SK,126527665690517,
100.0,126.0,Perl,1787730197532,4438505,Eric_[EGU],FR,158681623409347,
100.0,146.0,Perl,1774478667334,973040,papyjo,FR,15696776172839,
100.0,243.0,Perl,1681681481368,3354337,Westicles,CX,79146641399080,
100.0,739.0,Perl,1691511329771,1441239,PiDayDev,IT,71707560017158,
100.0,1761.0,Perl,1788562796662,3564009,Waffle3z,US,44751789808331,
100.0,4768.0,Perl,1700597919965,2874091,5DN1L,GB,134264063920528,
100.0,5824.0,Perl,1787638704842,1527403,Di_Masta,BG,5689020242575,
100.0,18723.0,Perl,1680166110004,1547589,WarrenBarnes,GB,,
