league.divisionIndex,score,programmingLanguage,creationTime,agentId,codingamer.userId,pseudo,codingamer.countryId,codingamer.avatar,#multi|count=14|time=2026-09-28T10:14:34
3,44.59,C++,1784241517646,6555857,3564009,Waffle3z,US,44751789808331,
3,33.63,C++,1781890978718,6518874,2536538,Pduhard-,FR,168491864469158,
3,32.81,C++,1790491745023,6764749,5330060,AfaafaBe,MG,98220168025227,
3,29.85,C++,1776561457639,6398676,3647844,rc95401,US,39486169555819,
3,28.08,C++,1766424283998,6169526,6166636,yaichi,JP,,
3,27.89,C++,1770713265405,6243138,1179950,KAKAROT_MPL,US,159019526484654,
3,24.9,C++,1750162466904,5893029,1479930,LeRenard,FR,40384564000700,
3,24.15,C++,1782372166749,6526208,5160622,Unsupervision,US,151542329218417,
3,19.88,C++,1783075614443,6536568,3932502,N3l,BE,168701244510341,
3,19.56,C++,1752240536677,5916164,2786666,TetraktysPhi,FR,20818693590142,
3,16.86,C++,1752177635908,5915486,4897832,DrMeyss,RE,168648762142431,
3,12.71,C++,1774962134772,6367090,6416057,brend314,US,,
3,11.49,C++,1748650304809,5876201,862919,Astrobytes,GB,60413902297900,
1,24.52,C++,1781807286761,6518011,3903473,Konstant,PL,47882887732604,
