score,criteriaScore,programmingLanguage,creationTime,codingamer.userId,pseudo,codingamer.countryId,codingamer.avatar,#golf|count=5526|time=2025-04-06T04:10:17
100.0,27.0,Ruby,1680183810084,154937,[CG]BOUGA,FR,1884036222374,
100.0,27.0,Ruby,1680184115290,3847872,[CG]Gaspar,FR,127666725990808,
100.0,27.0,Ruby,1680184351175,952784,[CG]Simon,FR,15794417868476,
100.0,27.0,Ruby,1680734420844,4966586,Rohydre,FR,,
100.0,27.0,Ruby,1680766550292,2142961,masterpoo,FR,43088841158401,
100.0,27.0,Ruby,1680792643696,1353795,TheCrucial,PL,18581166493021,
100.0,27.0,Ruby,1680796273611,3380184,chouch,FR,,
100.0,27.0,Ruby,1680799764556,5326078,T14v1n4,RE,101837722760856,
100.0,27.0,Ruby,1680804898185,4341304,Remi.,FR,97662026388574,
100.0,27.0,Ruby,1680806227358,334009,abouvier,FR,4681436111242,
100.0,27.0,Ruby,1680818663209,4122723,Hydrazer,PW,62269304810770,
100.0,27.0,Ruby,1680820706358,3893564,Andriamanitra,FI,46641547586781,
100.0,27.0,Ruby,1680840099022,2315623,Lydxn,CA,,
100.0,27.0,Ruby,1680854595399,1630890,Wld,DE,54135389391511,
100.0,27.0,Ruby,1680866423176,3354337,Westicles,CX,79146641399080,
100.0,27.0,Ruby,1680897260146,2288263,dbdr,UA,43448306132121,
100.0,27.0,Ruby,1680949808345,2923506,darkhorse64,FR,23496414257567,
100.0,27.0,Ruby,1680954170875,862919,Astrobytes,GB,60413902297900,
100.0,27.0,Ruby,1680955303702,1515891,ndc,RU,57247748477088,
100.0,27.0,Ruby,1680979019995,3996809,VizGhar,SK,82217880354500,
100.0,27.0,Ruby,1680979216622,893541,wala,FR,97577641170180,
100.0,27.0,Ruby,1680985946585,4263196,yechielv,IL,87806028604243,
100.0,27.0,Ruby,1680988711549,948764,Katie,GB,2150180090592,
100.0,27.0,Ruby,1681043817053,3845610,pardouin,FR,60364063762936,
100.0,27.0,Ruby,1681288305727,4420742,Mortis_666,MY,99045346596822,
100.0,27.0,Ruby,1681319903353,4992786,[ovs],DE,,
100.0,27.0,Ruby,1681348297446,155774,dwarfie,FR,17785582865119,
100.0,27.0,Ruby,1681471917215,2731276,panda42,DE,20365034647350,
100.0,27.0,Ruby,1681484517337,2532837,faure_s,FR,43340205355577,
100.0,27.0,Ruby,1681529097414,4933756,ILoveTaleb,FR,,
100.0,27.0,Ruby,1681623446034,4460030,pinetail,JP,72860646030617,
100.0,27.0,Ruby,1682067149228,2874091,5DN1L,GB,134264063920528,
100.0,27.0,Ruby,1682518798488,154806,piwai,FR,1956863959967,
100.0,27.0,Ruby,1682679785998,5403502,ricemath,XK,101211503482450,
100.0,27.0,Ruby,1682703467916,4806550,Rafarafa,ES,80946308795008,
100.0,27.0,Ruby,1682761184602,5360471,a01sa01to,JP,,
100.0,27.0,Ruby,1682767914711,5429383,Tatur2000,FR,102119084943733,
100.0,27.0,Ruby,1682770259792,5429773,Diabetos,FR,102118582822399,
100.0,27.0,Ruby,1682781743137,1348635,ferbos,FR,96159860267051,
100.0,27.0,Ruby,1682953454054,709490,Sinlepuissant,FR,2102604527472,
100.0,27.0,Ruby,1683060151876,4438505,Eric_[EGU],FR,114044329618574,
100.0,27.0,Ruby,1683413518903,4431726,tealfrog,LU,108672608690694,
100.0,27.0,Ruby,1683554148338,1399382,Regulus136,FR,4335723819637,
100.0,27.0,Ruby,1684858552947,270881,Maurice_Moss,FR,30069480173944,
100.0,27.0,Ruby,1684958213800,2315158,luigi_gelato,DE,,
100.0,27.0,Ruby,1685851471775,5135323,__yel__p,FR,92869880984408,
100.0,27.0,Ruby,1686131263328,3703485,anter69,HU,41141446684299,
100.0,27.0,Ruby,1686243691537,4124688,Murat_Eroglu,TR,91676687994670,
100.0,27.0,Ruby,1687523508819,4017027,user.unwrap,FR,66499523558365,
100.0,27.0,Ruby,1688597507795,1566335,BeardedWhale,SE,36571449875674,
100.0,27.0,Ruby,1690342920839,4116084,grahamcracker1234,US,56223045071058,
100.0,27.0,Ruby,1691256023936,3352862,LoadingBG,BG,29050362299862,
100.0,27.0,Ruby,1691695549431,2928146,LolCat,MU,22538133010433,
100.0,27.0,Ruby,1693067151622,5611606,L4zy-c4t,VN,109592687222567,
100.0,27.0,Ruby,1695231898942,199646,netoctone,IE,,
100.0,27.0,Ruby,1695233278923,4319239,-Cile-,FR,63442642187881,
100.0,27.0,Ruby,1697535866337,2892501,JakubMaras,PL,,
100.0,27.0,Ruby,1699775436727,5800920,arkorwan,TH,,
100.0,27.0,Ruby,1700857179919,2924895,trictrac,FR,23056996012330,
100.0,27.0,Ruby,1702122832786,333934,CrazyMerlyn,IE,20045015439951,
100.0,27.0,Ruby,1702274598976,371603,MartinQc,CA,1761380964089,
100.0,27.0,Ruby,1702757677926,2445835,..--..,RU,,
100.0,27.0,Ruby,1703773831761,1658172,Jnath,FR,117043408685180,
100.0,27.0,Ruby,1705307049238,1839941,Just4FunCoder,MY,80969549924201,
100.0,27.0,Ruby,1706960859554,4789438,Enowise,FR,80414525920185,
100.0,27.0,Ruby,1707576371944,181432,pjwerneck,BR,133926881809401,
100.0,27.0,Ruby,1708486848657,5780668,0dium,FR,115564988553628,
100.0,27.0,Ruby,1709852163625,169033,Yasseruvski,IE,1729823426851,
100.0,27.0,Ruby,1711378636382,4259591,yedi,IT,85062726107842,
100.0,27.0,Ruby,1715089630411,6043581,Rwanounounou,FR,122027324927378,
100.0,27.0,Ruby,1716624689551,1179950,Avatar3,FR,142208467229793,
100.0,27.0,Ruby,1718074236108,6096083,Spoob,RS,,
100.0,27.0,Ruby,1719060841957,4275900,Aino,DE,80529806734661,
100.0,27.0,Ruby,1719241661577,6132028,NicknamedTwice,GB,136778820182751,
100.0,27.0,Ruby,1719477933923,5450541,Simonsays,FR,128248461791748,
100.0,27.0,Ruby,1722137475072,5012617,lgrandco,VN,122659029782827,
100.0,27.0,Ruby,1724705138848,2647507,ArnaudLothe,FR,18963196181716,
100.0,27.0,Ruby,1728710355382,5746502,Raphtalias,CR,133180321051139,
100.0,27.0,Ruby,1730865375574,4454770,AbrahamJLR,VE,95056724366920,
100.0,27.0,Ruby,1732908978670,4037601,Jelafo,DE,,
100.0,27.0,Ruby,1734227625863,5212758,ruier,CN,94598409917739,
100.0,27.0,Ruby,1734474297003,336746,luxcem,FR,3498521001447,
100.0,27.0,Ruby,1734824409739,5150000,meeter,FR,137315342692600,
100.0,27.0,Ruby,1738565154303,5485744,jrl86,FR,,
100.0,27.0,Ruby,1740018983456,4110073,souta_1326,JP,57746784258907,
100.0,27.0,Ruby,1742657526474,992329,BeeGee,NL,5817423526804,
100.0,27.0,Ruby,1743238937438,1747550,Rafalon,FR,10124714341951,
100.0,27.0,Ruby,1743450890382,2536538,Pduhard-,FR,141372882868918,
100.0,28.0,Ruby,1680793497216,792813,VilBoub,FR,72010225615995,
100.0,28.0,Ruby,1680862873909,973040,papyjo,FR,15696776172839,
100.0,28.0,Ruby,1682227623696,3646346,Pingwi85,FR,39451600730667,
100.0,28.0,Ruby,1686150916514,1720510,DeanTheMachine,CA,19926056859805,
100.0,28.0,Ruby,1688760752687,4681574,Ardorax,FR,107634062147776,
100.0,28.0,Ruby,1695662773517,3589590,Edjy,FR,43965748895173,
100.0,28.0,Ruby,1699388093296,3634852,Naruk,AT,90570708360442,
100.0,28.0,Ruby,1704125261983,5807573,Stephen Kondaveti,US,120619186703150,
100.0,28.0,Ruby,1707850580805,1429360,comp0zr,US,5127913573349,
100.0,28.0,Ruby,1708269760289,4791882,FlorentC,FR,80217385484852,
100.0,28.0,Ruby,1711268630903,5989100,iSAK,NO,,
100.0,28.0,Ruby,1712843887694,4847251,Ha-ryo,JP,103979786891958,
100.0,30.0,Ruby,1687607935878,3433587,MxDargou,FR,53838246107877,
100.0,30.0,Ruby,1692968792940,1725941,TFeld,DK,77240442360963,
100.0,32.0,Ruby,1680816432875,4166555,Natanalel,SE,65894864102793,
100.0,32.0,Ruby,1689900013829,5270499,abdeeels,MA,108245884681404,
100.0,32.0,Ruby,1693229014538,2243940,Revenge911,ZA,60190844196823,
100.0,32.0,Ruby,1700729802139,5447409,Crqptx,NL,113216743313757,
100.0,32.0,Ruby,1717251030238,5305257,Mastoo92,FR,114776169436274,
100.0,32.0,Ruby,1720524409189,5756584,PBandJ2,DE,113563760892091,
100.0,32.0,Ruby,1720546776184,1443918,AdrienLB,FR,10291630773271,
100.0,32.0,Ruby,1720852307208,4206742,RaymondHoogervorst,NL,100991146507208,
100.0,32.0,Ruby,1724520283883,2892761,C_HAZEL,DZ,42146328800720,
100.0,33.0,Ruby,1736546903594,2786692,gjeanner,FR,138621123461562,
100.0,35.0,Ruby,1692675873885,4047152,Willard21,US,53068420450889,
100.0,35.0,Ruby,1698929989593,3795982,flds,FR,52607580751689,
100.0,36.0,Ruby,1699431929694,3982709,lukasjapan,JP,51562467085693,
100.0,36.0,Ruby,1701733458577,1857171,AdamB,PL,11687390029916,
100.0,36.0,Ruby,1707972879929,154996,shashwat986,IN,39427621192030,
100.0,36.0,Ruby,1712312927462,826671,kayou,FR,52835383345680,
100.0,36.0,Perl,1717474835193,334009,abouvier,FR,4681436111242,
100.0,36.0,Ruby,1725733606901,6165945,Jihkro,US,126381624283432,
100.0,36.0,Ruby,1733805063206,6341807,sffsefsdfaf,JP,132500742075587,
100.0,37.0,Ruby,1681042242716,1802967,Meruem,FR,31992166318610,
100.0,37.0,Ruby,1728068306208,5192217,Harry.B.,GB,130769403588418,
100.0,37.0,Ruby,1729290595944,1966319,0x6E0FF,FR,14292040030510,
100.0,37.0,Ruby,1732544049614,6115420,scresto,FR,137702907699482,
100.0,37.0,Ruby,1736882843455,3546264,cpuid,FR,137189345820445,
100.0,37.0,Ruby,1741740418993,6455447,aidan1012,US,137364206751646,
100.0,38.0,Ruby,1715666001041,4206982,slempel,US,59982987928921,
100.0,39.0,Ruby,1680797603117,5135299,Antsurf,FR,94127108637688,
100.0,39.0,Ruby,1683911780533,4345048,Karmaster,FR,103061749316988,
100.0,39.0,Bash,1717488838063,334009,abouvier,FR,4681436111242,
100.0,40.0,Ruby,1684937436155,4580027,Veco,FR,73323343670266,
100.0,40.0,Ruby,1690253784949,5343045,l1keacat,BY,98675208808651,
100.0,40.0,Ruby,1692010586153,557990,Wazemo,PL,1724224108740,
100.0,40.0,Ruby,1720166492745,6092845,Javamine,FR,124156707184786,
100.0,41.0,Bash,1680996143265,2315623,Lydxn,CA,,
100.0,41.0,Ruby,1681850614437,4258711,FredericLocquet,FR,125739728070045,
100.0,41.0,Ruby,1682331638780,3946840,DirkieDurky,NL,114985523071010,
100.0,41.0,Bash,1688595212072,155774,dwarfie,FR,17785582865119,
100.0,41.0,Ruby,1700315816760,1067171,Rhums16,FR,58028949122636,
100.0,41.0,Ruby,1726452244125,2078184,jz4o,JP,,
100.0,41.0,Ruby,1741368708995,5905800,Alexey300479,RU,117495083193982,
100.0,42.0,Ruby,1685983493233,5030940,solvictor,FR,117564401873777,
100.0,42.0,Ruby,1689629226530,2644587,Fl4sh,FR,19283662190181,
100.0,42.0,Ruby,1694905849322,2510517,Turtlefight,DE,17686753344865,
100.0,42.0,Ruby,1706539863685,3641173,Eltiel,FR,65830723241909,
100.0,42.0,PHP,1715492108047,334009,abouvier,FR,4681436111242,
100.0,42.0,Ruby,1720794736494,4232454,Sinel_V,MG,70712842418618,
100.0,42.0,Ruby,1725042153748,1706034,Patricia,DE,19418452448625,
100.0,43.0,Bash,1680940114541,2288263,dbdr,UA,43448306132121,
100.0,43.0,Bash,1680955168392,3354337,Westicles,CX,79146641399080,
100.0,43.0,Bash,1681044564684,3845610,pardouin,FR,60364063762936,
100.0,43.0,Bash,1681315003800,4341304,Remi.,FR,97662026388574,
100.0,43.0,Bash,1681402260390,4263196,yechielv,IL,87806028604243,
100.0,43.0,Bash,1685954865664,5135323,__yel__p,FR,92869880984408,
100.0,43.0,Bash,1689074562993,154806,piwai,FR,1956863959967,
100.0,43.0,Bash,1691760636501,2928146,LolCat,MU,22538133010433,
100.0,43.0,Bash,1699395963344,4438505,Eric_[EGU],FR,114044329618574,
100.0,43.0,Bash,1704087160346,333934,CrazyMerlyn,IE,20045015439951,
100.0,43.0,Ruby,1725942071561,5956365,DataWise,US,127581562148982,
100.0,43.0,Perl,1730333017996,3918583,mikmak,FR,48134583112917,
100.0,43.0,Ruby,1734760664161,2959345,xsi256,JP,134567000820534,
100.0,43.0,Ruby,1737326577578,6148167,Bowie41,FR,126122807050705,
100.0,43.0,Ruby,1737747932019,5275011,MarcelASRG,DE,118752020220431,
100.0,44.0,Ruby,1682153856399,4019021,BuddyJ,DE,52119400599418,
100.0,44.0,Perl,1682397788932,5436334,saito_ta,JP,102476026435385,
100.0,44.0,Ruby,1694447206179,4454468,KNTK,FI,68528964132543,
100.0,44.0,Ruby,1701288128640,5757171,HamidTor,MA,125417383316159,
100.0,44.0,Ruby,1735171303907,3478374,DarkInfern010,FR,101845183074164,
100.0,45.0,Perl,1682718745236,4122723,Hydrazer,PW,62269304810770,
100.0,45.0,Ruby,1682959994844,1470927,MisterQuidam,FR,89056262115378,
100.0,45.0,Ruby,1702570881568,273876,SirSushi,FR,78452887015207,
100.0,45.0,Ruby,1723028642247,173928,lacrosse,HR,136642788534079,
100.0,45.0,Ruby,1738976967148,6483744,toto777,FR,,
100.0,45.0,Ruby,1741713415210,6385964,Sroka,GB,136673208581148,
100.0,46.0,Ruby,1690872981008,4267762,Doxmaw,TH,61679447761001,
100.0,46.0,Ruby,1700267152005,1140177,yckmciaiy,UA,11569519603976,
100.0,46.0,Ruby,1717846504576,4315542,That_Guy977,TH,70798689790356,
100.0,46.0,Perl,1729588095839,6115420,scresto,FR,137702907699482,
100.0,46.0,Ruby,1734644580307,3998980,bamax,FR,55292626245560,
100.0,47.0,Ruby,1681083868330,4376291,AlexWord,VE,98812607758153,
100.0,47.0,Ruby,1687169639591,4717726,Alexis [Nexure],FR,81506465307341,
100.0,47.0,Ruby,1703925090839,5626949,headphone!,TH,121074901565515,
100.0,47.0,Ruby,1720469440207,4015921,vuzonp,FR,52933802521526,
100.0,47.0,Ruby,1726090899363,5396156,ntu213,FR,129307143563318,
100.0,48.0,Ruby,1681107889649,3938011,[4G],CA,48721148862145,
100.0,48.0,Perl,1691749083314,4438505,Eric_[EGU],FR,114044329618574,
100.0,48.0,Ruby,1693787949553,5645045,Pi706798214,US,,
100.0,48.0,Ruby,1695306569599,3964283,Maroly,FR,111901208976375,
100.0,48.0,Ruby,1698626341846,1906068,IdahoJacket,KR,,
100.0,48.0,Ruby,1709147145172,4508683,Jok55r,CZ,113272306052974,
100.0,48.0,Ruby,1717171121955,5287596,BoggieTheBog,GB,96950684253495,
100.0,48.0,Ruby,1720049378881,4443387,Rob-G,GB,126701063809261,
100.0,48.0,Ruby,1732522597319,5032050,minhtan143,VN,88652463005854,
100.0,49.0,Python3,1680181533455,3847872,[CG]Gaspar,FR,127666725990808,
100.0,49.0,Python3,1680183492440,154937,[CG]BOUGA,FR,1884036222374,
100.0,49.0,Python3,1680716148500,4966586,Rohydre,FR,,
100.0,49.0,Python3,1680726193935,4876171,j4at,TN,83445448969831,
100.0,49.0,Python3,1680784780048,3226448,tobk,DE,34085008032999,
100.0,49.0,Python3,1680785847630,952784,[CG]Simon,FR,15794417868476,
100.0,49.0,Python3,1680794427067,4154326,montplusa,JP,137868120763877,
100.0,49.0,Python3,1680796327845,3380184,chouch,FR,,
100.0,49.0,Python3,1680802639433,2923506,darkhorse64,FR,23496414257567,
100.0,49.0,Python3,1680805243841,4894933,D0ko,FR,84033729643842,
100.0,49.0,Python3,1680808619684,5365556,kanelugodeu,FR,,
100.0,49.0,Python3,1680812151489,4341304,Remi.,FR,97662026388574,
100.0,49.0,Python3,1680815977879,3647844,rc95401,US,39486169555819,
100.0,49.0,Python3,1680822516259,3893564,Andriamanitra,FI,46641547586781,
100.0,49.0,Python3,1680836613247,3657937,elderlybeginner,PL,39723186977905,
100.0,49.0,Python3,1680839964749,2315623,Lydxn,CA,,
100.0,49.0,Python3,1680855268773,1630890,Wld,DE,54135389391511,
100.0,49.0,Python3,1680855657107,534361,MrPapaya,UA,60605642423308,
100.0,49.0,Python3,1680861180862,3141948,philRG,FR,43152009653961,
100.0,49.0,Python3,1680862278916,3502478,tachan,JP,,
100.0,49.0,Python3,1680866559998,3354337,Westicles,CX,79146641399080,
100.0,49.0,Python3,1680887943515,5300766,jddingemanse,ET,98376709796567,
100.0,49.0,Python3,1680943476765,2288263,dbdr,UA,43448306132121,
100.0,49.0,Python3,1680955512805,1515891,ndc,RU,57247748477088,
100.0,49.0,Python3,1680985139244,4263196,yechielv,IL,87806028604243,
100.0,49.0,Python3,1680988551296,948764,Katie,GB,2150180090592,
100.0,49.0,Python3,1681007865565,4337092,Timinator,US,87736728529732,
100.0,49.0,Python3,1681042830503,3845610,pardouin,FR,60364063762936,
100.0,49.0,Python3,1681053451340,4508271,avarage-gguy,US,117450885572071,
100.0,49.0,Python3,1681062935480,3713253,zteffano,DK,107572721282082,
100.0,49.0,Python3,1681078252388,351062,Neumann,FR,17173563008577,
100.0,49.0,Python3,1681212486280,4906197,LoutreAimable,FR,86070164852052,
100.0,49.0,Python3,1681288391969,4420742,Mortis_666,MY,99045346596822,
100.0,49.0,Python3,1681297996514,4832181,VisualDev-FR,FR,94025066322906,
100.0,49.0,Python3,1681623223129,4460030,pinetail,JP,72860646030617,
100.0,49.0,Python3,1682067042386,2874091,5DN1L,GB,134264063920528,
100.0,49.0,Ruby,1682130866113,4600079,quasi_ubique,US,101567289995785,
100.0,49.0,Python3,1682176613218,3978506,Bibliophage,GB,,
100.0,49.0,Python3,1682227815664,3646346,Pingwi85,FR,39451600730667,
100.0,49.0,Python3,1682288522181,155774,dwarfie,FR,17785582865119,
100.0,49.0,Python3,1682421319738,154806,piwai,FR,1956863959967,
100.0,49.0,Python3,1682547382665,1093968,milosMATRIXrepic,RS,117470302748056,
100.0,49.0,Python3,1682708813457,4806550,Rafarafa,ES,80946308795008,
100.0,49.0,Python3,1682887056762,5429383,Tatur2000,FR,102119084943733,
100.0,49.0,Python3,1682933286185,5429773,Diabetos,FR,102118582822399,
100.0,49.0,Python3,1683059778314,4438505,Eric_[EGU],FR,114044329618574,
100.0,49.0,Python3,1683412898528,4431726,tealfrog,LU,108672608690694,
100.0,49.0,Python3,1683466113505,3877161,HETHAT,DZ,46368142824396,
100.0,49.0,Python3,1683561586120,1399382,Regulus136,FR,4335723819637,
100.0,49.0,Python3,1683655958375,270881,Maurice_Moss,FR,30069480173944,
100.0,49.0,Python3,1683908857023,153092,Aurep,FR,80624060148818,
100.0,49.0,Ruby,1683938050716,4075712,bsapozhnikov,US,,
100.0,49.0,Python3,1683968733918,1348635,ferbos,FR,96159860267051,
100.0,49.0,Ruby,1684080281752,3999174,Shrimpster,GR,51130985693656,
100.0,49.0,Python3,1684107951778,2552218,Jakque,FR,21307149950021,
100.0,49.0,Python3,1684943886328,5457020,Whomstve,PL,,
100.0,49.0,Python3,1684956991701,2315158,luigi_gelato,DE,,
100.0,49.0,Python3,1685453383687,1786695,Pro-LaP-Se,FR,10360061188865,
100.0,49.0,Python3,1685453419480,4776016,_Pioneer,FR,80117202217213,
100.0,49.0,Python3,1685846647067,5135323,__yel__p,FR,92869880984408,
100.0,49.0,Python3,1685984026069,5030940,solvictor,FR,117564401873777,
100.0,49.0,Python3,1686030855907,4771365,J56164,TH,80712482252810,
100.0,49.0,Python3,1686081486001,4438822,ludodul,FR,68181920388772,
100.0,49.0,Python3,1686128928841,3703485,anter69,HU,41141446684299,
100.0,49.0,Python3,1686149983785,1720510,DeanTheMachine,CA,19926056859805,
100.0,49.0,Python3,1686243825583,4124688,Murat_Eroglu,TR,91676687994670,
100.0,49.0,Python3,1686552858308,5403661,KouRiZaTou,PH,101014929119133,
100.0,49.0,Python3,1686599655719,3970082,AkumaNemui,FR,50732246432133,
100.0,49.0,Python3,1686842005738,5066309,SIR-EBI,AT,106824366128074,
100.0,49.0,Python3,1686906378158,2889053,anderium,NL,128012228609894,
100.0,49.0,Python3,1688673121960,1566335,BeardedWhale,SE,36571449875674,
100.0,49.0,Python3,1689357687121,1838549,orangesnowfox,US,17617755701518,
100.0,49.0,Python3,1689820280668,2555130,Gnome3,US,105728000682738,
100.0,49.0,Python3,1690378900897,5516956,ThoPicK,FR,106635587001569,
100.0,49.0,Python3,1690849009114,1657457,GrantPerkins,US,33650747755894,
100.0,49.0,Python3,1691461221099,5012617,lgrandco,VN,122659029782827,
100.0,49.0,Python3,1691562118132,530441,Prime541,FR,75513904859150,
100.0,49.0,Perl,1691761715427,2928146,LolCat,MU,22538133010433,
100.0,49.0,Python3,1692692916468,1498189,Pyoroalb,FR,14505336358731,
100.0,49.0,Python3,1692784711546,1876212,PFischbeck,DE,14113662061799,
100.0,49.0,Python3,1693310878637,973040,papyjo,FR,15696776172839,
100.0,49.0,Python3,1694695901576,2049979,130N35,FR,13111365905174,
100.0,49.0,Python3,1695635994124,4585071,Lethiun,SE,110780749225001,
100.0,49.0,Python3,1695709564625,4612315,Gerritvw,ZA,103136921219034,
100.0,49.0,Python3,1695791990294,3862913,minhtrancccp,DE,74075442524998,
100.0,49.0,Python3,1695815829001,3375091,2ReGul4r,DE,71486004499988,
100.0,49.0,Python3,1697531810969,5749019,MLaporte,FR,,
100.0,49.0,Python3,1697531896521,5749032,,FR,,
100.0,49.0,Python3,1697662983238,5738271,Hopeless29,FR,,
100.0,49.0,Python3,1697830541679,3589590,Edjy,FR,43965748895173,
100.0,49.0,Python3,1698618413489,481988,DevKirill,RU,26384102822076,
100.0,49.0,Python3,1698818273496,5736284,Dexokami,CR,113733503190355,
100.0,49.0,Python3,1699229123659,481564,mihei,RU,4454400756022,
100.0,49.0,Python3,1700314565008,5818971,sht_2,PL,138656726356304,
100.0,49.0,Python3,1700775183522,2380987,3.141592654,FR,16144613477062,
100.0,49.0,Python3,1701086726015,2050739,Nikokks,FR,13193297714394,
100.0,49.0,Python3,1701772424445,5763700,Oleksii_Morozov,CZ,113799627015006,
100.0,49.0,Python3,1702123059632,333934,CrazyMerlyn,IE,20045015439951,
100.0,49.0,Python3,1702391658463,3642090,M123,DE,,
100.0,49.0,Python3,1702540045661,3478374,DarkInfern010,FR,101845183074164,
100.0,49.0,Python3,1702647834520,1480083,Sharym,FR,,
100.0,49.0,Python3,1703443428845,2445835,..--..,RU,,
100.0,49.0,Python3,1703776578822,1658172,Jnath,FR,117043408685180,
100.0,49.0,Python3,1704980707718,5427258,Th1baud,US,,
100.0,49.0,Python3,1705329758986,1839941,Just4FunCoder,MY,80969549924201,
100.0,49.0,Bash,1705565931957,1839941,Just4FunCoder,MY,80969549924201,
100.0,49.0,Python3,1705786558792,963578,McMutton,DE,111268461225189,
100.0,49.0,Python3,1705974815466,3686887,R1FA,FR,43807526086874,
100.0,49.0,Python3,1707318602710,689015,Ghomam,ES,1753448198794,
100.0,49.0,Python3,1707451398002,3461753,oidrissi,MA,82537028208664,
100.0,49.0,Python3,1707486047639,2429305,Tatasterix,FR,100633908413024,
100.0,49.0,Ruby,1708354136297,838778,shingara,FR,82706905059285,
100.0,49.0,Python3,1708785855990,4791882,FlorentC,FR,80217385484852,
100.0,49.0,Python3,1709223198863,2432041,Genarog,FR,25785279156535,
100.0,49.0,Python3,1709231256974,2569215,burton-aad,FR,,
100.0,49.0,Python3,1709246120328,956638,Pi-Geometry,FR,50157040295797,
100.0,49.0,Python3,1710775191776,2719604,vpoulailleau,FR,43338781560535,
100.0,49.0,Ruby,1710894739887,4562894,Polo14974,FR,80321965173863,
100.0,49.0,Python3,1711331748715,1378506,MattGately,US,,
100.0,49.0,Python3,1711968067021,6019143,Pythonically,GB,121196349519592,
100.0,49.0,Ruby,1719472295909,4389921,endsdoor,FR,119631003818033,
100.0,49.0,Python3,1720544633976,1443918,AdrienLB,FR,10291630773271,
100.0,49.0,Python3,1720719010812,1930582,KaZede,CA,105032949244336,
100.0,49.0,Python3,1721387116054,5024020,natthaphon,TH,88701760307123,
100.0,49.0,Python3,1722120586833,6132028,NicknamedTwice,GB,136778820182751,
100.0,49.0,Python3,1722658661991,4775441,ZartexV,US,127445282450020,
100.0,49.0,Python3,1723143205907,6114746,Valeeee,CH,,
100.0,49.0,Python3,1723414293459,5740755,LukasGONTARD,FR,,
100.0,49.0,Python3,1724369454776,3731003,elsinnombre2d2,ES,41940089154876,
100.0,49.0,Python3,1724758787707,5746502,Raphtalias,CR,133180321051139,
100.0,49.0,Python3,1726023067641,3514820,Inferno_dragon,VN,84043629502391,
100.0,49.0,Python3,1726058798695,5006317,Ali-Kanbar,LB,136692969219284,
100.0,49.0,Python3,1726579850671,5440994,Ronak Surana,IN,128038262215359,
100.0,49.0,Python3,1727097974936,6289660,cpp_enjoyer,MY,,
100.0,49.0,Python3,1727172610120,4960805,veryscuffnickname,MY,,
100.0,49.0,Python3,1727895172597,5905755,LifeofLion,FR,119963465263661,
100.0,49.0,Python3,1729355283053,4585293,Gu3n0,FR,131164447193799,
100.0,49.0,Python3,1729645343096,6269599,EnamSon,CM,129036189483019,
100.0,49.0,Python3,1729811092932,5192217,Harry.B.,GB,130769403588418,
100.0,49.0,Python3,1730869099146,4454770,AbrahamJLR,VE,95056724366920,
100.0,49.0,Python3,1732544111434,6115420,scresto,FR,137702907699482,
100.0,49.0,Python3,1732909280041,4037601,Jelafo,DE,,
100.0,49.0,Python3,1733007268997,4003567,FoxAlfabravo_101,FR,58959080146419,
100.0,49.0,Python3,1733673138459,1355994,AlwaysBeCoding,US,133187321474974,
100.0,49.0,Ruby,1734117583495,3919237,Quick_Kick,UA,47895168215128,
100.0,49.0,Python3,1734225887894,5212758,ruier,CN,94598409917739,
100.0,49.0,Python3,1734575720972,899805,Raizel_,US,119528960848968,
100.0,49.0,Python3,1734614026160,6297228,Adriaan.Stander,ZA,136544546979336,
100.0,49.0,Python3,1734989827189,6363885,Murloc3313,DK,135169107167294,
100.0,49.0,Python3,1735164105511,6420643,DSA164,BE,136394625898450,
100.0,49.0,Python3,1735917603590,6435491,A_R_C,US,,
100.0,49.0,Python3,1736208641709,5150000,meeter,FR,137315342692600,
100.0,49.0,Python3,1736565333555,5918465,surenzo,FR,117725129158476,
100.0,49.0,Python3,1737210958524,6417230,psmitt,HU,,
100.0,49.0,Python3,1737383998341,962495,eboot,FR,55086804311206,
100.0,49.0,Ruby,1738166651191,4826182,Cadmiom,FR,81334987519631,
100.0,49.0,Python3,1738177888321,5455550,666darkstar,DE,,
100.0,49.0,Python3,1738565276671,5485744,jrl86,FR,,
100.0,49.0,Python3,1738668371347,6307808,tripleXXX,UA,,
100.0,49.0,Python3,1739134839993,2924895,trictrac,FR,23056996012330,
100.0,49.0,Python3,1739826488538,1049356,blueboar2,GE,18366697418772,
100.0,49.0,Python3,1739930726377,225875,Leff,US,46674243497438,
100.0,49.0,Python3,1740019111233,4110073,souta_1326,JP,57746784258907,
100.0,49.0,Python3,1741108832693,6468006,Camihinka,RU,,
100.0,49.0,Python3,1741740385877,6455447,aidan1012,US,137364206751646,
100.0,49.0,Ruby,1742127176181,4018262,ChunFong,TW,52126006354294,
100.0,49.0,Ruby,1742127259952,4024230,Raye_Lin,TW,74908346978206,
100.0,49.0,Python3,1742658004180,992329,BeeGee,NL,5817423526804,
100.0,49.0,Python3,1742930206627,5209597,pquline,FR,130357765143286,
100.0,49.0,Python3,1743452290305,2536538,Pduhard-,FR,141372882868918,
100.0,50.0,Kotlin,1680945925395,3996809,VizGhar,SK,82217880354500,
100.0,50.0,Kotlin,1680946761635,2288263,dbdr,UA,43448306132121,
100.0,50.0,Python3,1681341195458,186179,Nagrarok,FR,95596601515650,
100.0,50.0,Kotlin,1683026068672,3433587,MxDargou,FR,53838246107877,
100.0,50.0,Python3,1683701098892,1050420,EVGENIVS,US,20435686404425,
100.0,50.0,Kotlin,1683882635504,3502478,tachan,JP,,
100.0,50.0,Bash,1686716084695,4120837,philipplenk,DE,56924127061308,
100.0,50.0,Kotlin,1687038414095,3046779,Kathrin,DE,23869551387688,
100.0,50.0,Python3,1687181346850,4694243,kr8gz,AT,118163981636550,
100.0,50.0,Python3,1690552949339,5571328,Alombaros,FR,107108602065468,
100.0,50.0,Python3,1692116882616,5576111,Xwaler,FR,107317105771413,
100.0,50.0,Kotlin,1695068420919,2234888,Daverix,SE,15130043574407,
100.0,50.0,Python3,1695118673525,2680408,Griffern,FR,50027667422038,
100.0,50.0,Python3,1696526974757,1485699,TabulaRasa,PL,4993681770529,
100.0,50.0,Python3,1698464901850,5605061,jeansuarez,PA,120979480159244,
100.0,50.0,Kotlin,1698617237050,481988,DevKirill,RU,26384102822076,
100.0,50.0,Python3,1700051852835,5802395,goreil_2,DE,,
100.0,50.0,Python3,1708133643555,181432,pjwerneck,BR,133926881809401,
100.0,50.0,Python3,1713233176998,820000,ValGrowth,JP,95440985747208,
100.0,50.0,Ruby,1722657693961,4775441,ZartexV,US,127445282450020,
100.0,50.0,Kotlin,1724296542629,2874091,5DN1L,GB,134264063920528,
100.0,50.0,Python3,1725536225636,2929193,dblx,FR,128856466693373,
100.0,50.0,Python3,1725548743432,2927320,itectori,CA,22507458161222,
100.0,50.0,Kotlin,1725750587356,5818971,sht_2,PL,138656726356304,
100.0,50.0,Bash,1730238547648,5983246,Schmoov,FR,120159782463105,
100.0,51.0,Bash,1680185382134,154937,[CG]BOUGA,FR,1884036222374,
100.0,51.0,Python3,1680788718673,153965,[CG]Keelhaul,FR,4367050238110,
100.0,51.0,Python3,1680839194750,3420816,Floth,AU,31647122910092,
100.0,51.0,Ruby,1680911660484,2407700,adoxography,CA,52429928219629,
100.0,51.0,Bash,1680963768118,4966586,Rohydre,FR,,
100.0,51.0,Python3,1680967071435,3999174,Shrimpster,GR,51130985693656,
100.0,51.0,Python3,1681042318625,1802967,Meruem,FR,31992166318610,
100.0,51.0,Python3,1681119313262,4493066,Polynomu,FR,70180141804893,
100.0,51.0,Python3,1681166509258,1673394,Lours,FR,8604009560009,
100.0,51.0,Python3,1681208543401,4784176,antoshin.a,RU,80020307934147,
100.0,51.0,Python3,1681237174384,1543333,ishibashijun,JP,15686417858068,
100.0,51.0,Bash,1681288764942,4420742,Mortis_666,MY,99045346596822,
100.0,51.0,Python3,1681378754520,4716516,Devin_plombier,FR,77782366736215,
100.0,51.0,Perl,1681402633584,4263196,yechielv,IL,87806028604243,
100.0,51.0,Python3,1681533940435,4756693,MorningWalk,JP,82433047491756,
100.0,51.0,Python3,1681733926517,4257588,WhoTho,US,73384865831537,
100.0,51.0,Python3,1681803588007,2436448,FrancoisMeme,FR,62658720056908,
100.0,51.0,Python3,1681817739728,4587710,Smetalka,HR,,
100.0,51.0,Python3,1681982035008,4537924,ArtesScytale,BE,121331549433012,
100.0,51.0,Ruby,1682001147319,3873888,vivacit,CH,90017326956941,
100.0,51.0,Python3,1682005679421,5376456,FredrikHallhagen,SE,,
100.0,51.0,Python3,1682329793506,2490008,ebicochineal,JP,43936521576530,
100.0,51.0,Python3,1682417056848,3625469,Crimson_King,TR,56016089557697,
100.0,51.0,Bash,1682719529231,4806550,Rafarafa,ES,80946308795008,
100.0,51.0,Python3,1683897774904,5175396,Kalayan,ES,,
100.0,51.0,Python3,1684082779759,3376722,oolivierr,FR,80843720970807,
100.0,51.0,Ruby,1684083197421,5428098,Elikyyu,FR,103793622779702,
100.0,51.0,Python3,1684343928079,2672932,Lanfeust,FR,19353303424539,
100.0,51.0,Python3,1685008547216,5481800,moreelremy,FR,104833642061637,
100.0,51.0,Python3,1685008606680,5310531,En0ri4n,FR,97669800978277,
100.0,51.0,Python3,1685739722349,3542883,Ugandan_Knuckles,DK,35797369346735,
100.0,51.0,Python3,1685739738354,4711222,The_Spanish_Inquisition,DK,77589205087975,
100.0,51.0,Python3,1686069892989,3721214,jrke,IN,68983084061211,
100.0,51.0,Python3,1686084451520,1035630,Vestiaz,FR,8121133110363,
100.0,51.0,Python3,1686257073692,1486857,sammck,US,7320595789984,
100.0,51.0,Bash,1686315642172,5429383,Tatur2000,FR,102119084943733,
100.0,51.0,Python3,1686391097578,4681574,Ardorax,FR,107634062147776,
100.0,51.0,Python3,1686405552148,3366188,SteveWhite,AU,124095764084955,
100.0,51.0,Python3,1686521645109,4960323,_dev_null,DE,86311740091920,
100.0,51.0,Python3,1686591818724,2124197,TBMousse,FR,13905528831321,
100.0,51.0,Python3,1686592064718,1439371,Irnakk,RU,53608248410234,
100.0,51.0,Python3,1686661054297,4208158,Tiouz,FR,72554823729381,
100.0,51.0,Python3,1686742872143,1542006,1764,FR,26008321503940,
100.0,51.0,Python3,1687166491458,1804483,loparpanda,US,46174667149555,
100.0,51.0,Python3,1687560567800,400712,Freddy-Krueger,IL,44580408074142,
100.0,51.0,Python3,1687841418673,838693,justgigio,BR,103393846722292,
100.0,51.0,Python3,1688020711628,5271147,yoch,IL,96235642204607,
100.0,51.0,Python3,1688291589577,826671,kayou,FR,52835383345680,
100.0,51.0,Python3,1688602948819,4595600,yamen_malik,JO,78201745318850,
100.0,51.0,Python3,1689262928137,1114496,BlasphemousCrossbreed,UA,2486265138222,
100.0,51.0,Python3,1689660259577,4605635,Hassen_Hamdi,TN,117456346044936,
100.0,51.0,Python3,1690050234926,709490,Sinlepuissant,FR,2102604527472,
100.0,51.0,Python3,1690440686380,3903473,Konstant,PL,47882887732604,
100.0,51.0,Python3,1690804226934,1765440,AndrzejOw,PL,10098538773223,
100.0,51.0,Python3,1690913154854,3919068,14598366,FR,54333787971719,
100.0,51.0,Python3,1691062387495,5308733,tenebro,RU,,
100.0,51.0,Python3,1691150700574,3965571,Smekarn,SE,50557362213985,
100.0,51.0,Python3,1691512723644,4956459,Aldoggen,BE,86555608192248,
100.0,51.0,Python3,1692010300888,557990,Wazemo,PL,1724224108740,
100.0,51.0,Ruby,1692029711569,1590835,wise-bit,CA,141964441680199,
100.0,51.0,Python3,1692964035028,2928146,LolCat,MU,22538133010433,
100.0,51.0,Python3,1692970521336,3317583,Mjo,FR,,
100.0,51.0,Python3,1693078135288,3791366,Artygo8,BE,59710426906111,
100.0,51.0,Python3,1693211316441,272329,Arglanir,FR,3884009540055,
100.0,51.0,Python3,1693572212322,828000,monkey,GB,52752386932387,
100.0,51.0,Python3,1693601798184,1653524,quatre1,FR,,
100.0,51.0,Python3,1693750218911,2984707,Maxim1n,FR,23133372353170,
100.0,51.0,Python3,1693813423650,3424013,Felici3n,FR,112662220218520,
100.0,51.0,Python3,1695293904523,3428110,hugoa,FR,31963963365615,
100.0,51.0,Python3,1696837936207,5460213,GabHas,FR,103762662375426,
100.0,51.0,Python3,1697288206339,4276546,bojgus,SE,62613067982457,
100.0,51.0,Python3,1697480801299,1777705,au2001,FR,37075082878106,
100.0,51.0,Python3,1697550767382,2371389,Franta,CZ,16642908084028,
100.0,51.0,Python3,1697725292508,5765736,Donuts14,FR,113209000130928,
100.0,51.0,Python3,1697725439376,5754547,Gabriel_P.,FR,112999486779095,
100.0,51.0,Python3,1697725464633,5765737,DocteurCC,FR,113212407230897,
100.0,51.0,Python3,1698527668764,3864752,MuddySneakers,US,45990545847301,
100.0,51.0,Python3,1698626170360,5423045,[.........],KR,,
100.0,51.0,Python3,1698759186895,2052256,Trapture,DE,13144397084453,
100.0,51.0,Python3,1699296390307,3737269,htprogras,MA,51086601409565,
100.0,51.0,Ruby,1700064533683,1324974,ViktorCs,HU,4515823207881,
100.0,51.0,Python3,1700151778530,953094,Witman,PL,1798239809031,
100.0,51.0,Python3,1701004691945,5831022,Olaf_2,BG,,
100.0,51.0,Python3,1701796249832,4564521,Zamplin,FR,73073007080495,
100.0,51.0,Python3,1701948454973,5551153,mihail123123123,GR,,
100.0,51.0,Python3,1702275180994,371603,MartinQc,CA,1761380964089,
100.0,51.0,Python3,1702761370607,5235018,Spaghettificated,PL,99956084963470,
100.0,51.0,Python3,1703061129482,4787127,,FR,,
100.0,51.0,Python3,1704547701266,5077308,kermit420,FR,,
100.0,51.0,Python3,1704886937658,5885791,renoyu,JP,117012888933231,
100.0,51.0,Python3,1705538091148,311035,leojean890,FR,42398427701382,
100.0,51.0,Python3,1706715890184,3409742,Machiavelli_5040,FR,116826369594986,
100.0,51.0,Python3,1706731311508,5344346,PEABODY,MG,141655461469992,
100.0,51.0,Python3,1706875479895,3506780,GeertFolkertsma,NL,,
100.0,51.0,Python3,1708109263459,4112360,TopFirmino,IT,56468246794455,
100.0,51.0,Python3,1708680708211,2488117,neurolane,BE,17491586978073,
100.0,51.0,Python3,1709076245789,507538,Krzybe,PL,,
100.0,51.0,Python3,1709701529337,1394530,Idleless,CA,4170046072282,
100.0,51.0,Python3,1710273979915,5959034,Skevka,FR,122954008270431,
100.0,51.0,Python3,1710774850349,5407650,antoinecastaing,FR,120530449834795,
100.0,51.0,Python3,1710861733427,1545901,bartlo,FR,,
100.0,51.0,Python3,1712333261057,1162999,Vaekor,US,29431665535923,
100.0,51.0,Python3,1712586072465,1624184,foulp,FR,13209905915042,
100.0,51.0,Python3,1713782114898,5898597,Personne_3,FR,117869722010518,
100.0,51.0,Python3,1714118207471,4711547,fedyakov,SE,96109947136907,
100.0,51.0,Python3,1714206954822,5029510,MR.BUG,MG,98586763444320,
100.0,51.0,Python3,1714293189309,4844225,Betsimicode,MG,90209482535098,
100.0,51.0,Python3,1714308207609,5203926,Octaro,FR,,
100.0,51.0,Python3,1714375306492,2584820,GrandeBagheera,AU,108418223372093,
100.0,51.0,Python3,1716146491693,6086960,Jehoho,BE,123934289309869,
100.0,51.0,Python3,1716276084096,5546142,ProHanss,SI,123655941907238,
100.0,51.0,Python3,1716373132243,4186312,AveragePythonEnjoyer,RU,73172525760147,
100.0,51.0,Python3,1717285478334,2504742,tserrania,FR,,
100.0,51.0,Python3,1717999916437,5907165,max_plank,AM,124495524156199,
100.0,51.0,Python3,1718080182967,1567943,LazyMammal,CA,54419089430083,
100.0,51.0,Python3,1719841845876,631323,herve056,FR,11494731136934,
100.0,51.0,Python3,1720085796247,5461510,Adamme_le_codeur_fou,FR,105224061368110,
100.0,51.0,Python3,1720293104007,4925188,Phenix64,FR,120556642040082,
100.0,51.0,Python3,1720358727935,4154334,amine-50,TN,96778947013276,
100.0,51.0,Bash,1721764558277,6132028,NicknamedTwice,GB,136778820182751,
100.0,51.0,Python3,1722970978808,5864862,pepper_,FR,116301729350428,
100.0,51.0,Python3,1723038591142,5873208,Opym,FR,126050640631188,
100.0,51.0,Python3,1724540518846,4897576,GSpryszynski,PL,105788129732450,
100.0,51.0,Python3,1726411018594,3336089,titano,FR,29006088793205,
100.0,51.0,Python3,1727104925572,319957,jbalestr42,FR,129858642143616,
100.0,51.0,Python3,1727294198710,5193480,Seckmeth,FR,106974980143297,
100.0,51.0,Python3,1728862339504,6143448,Elidath,FR,131486540019440,
100.0,51.0,Bash,1730497150671,2924895,trictrac,FR,23056996012330,
100.0,51.0,Python3,1730499438723,5610207,firenty,FR,,
100.0,51.0,Python3,1730501950867,4262724,Epeira,FR,,
100.0,51.0,Python3,1731024367711,4146560,DrNoChance,GB,127507440631570,
100.0,51.0,Python3,1731596139304,3705994,Nayald,FR,,
100.0,51.0,Python3,1731709309943,848989,revever,FR,3260982337452,
100.0,51.0,Python3,1733800913191,6341807,sffsefsdfaf,JP,132500742075587,
100.0,51.0,Python3,1734703133340,3599907,aski,FR,,
100.0,51.0,Python3,1738082940694,4030968,MBucas,FR,53348220268161,
100.0,51.0,Python3,1738147581293,4826182,Cadmiom,FR,81334987519631,
100.0,51.0,Python3,1738775141693,3871965,Fuyuru,JP,136310389901427,
100.0,51.0,Python3,1738933178067,1688486,Barl,FR,,
100.0,51.0,Python3,1738938055065,2252914,Malleek,FR,18829198596160,
100.0,51.0,Python3,1739590209421,5384900,Yohoki,US,102002083382216,
100.0,51.0,Python3,1740331407572,1061663,Pivis,US,47127589780911,
100.0,51.0,Python3,1740746459685,4527784,FlAvril,FR,90961467048393,
100.0,51.0,Python3,1742629909721,1747550,Rafalon,FR,10124714341951,
100.0,52.0,Ruby,1680794297641,1733943,Bouga,FR,11865098962186,
100.0,52.0,Kotlin,1680988387077,1515891,ndc,RU,57247748477088,
100.0,52.0,Bash,1681114929082,792813,VilBoub,FR,72010225615995,
100.0,52.0,Python3,1681202238445,3708557,Sensayyy,FR,58361723852496,
100.0,52.0,Kotlin,1681684682272,3335921,vcoubray,FR,28402108918604,
100.0,52.0,Bash,1682934815844,2874091,5DN1L,GB,134264063920528,
100.0,52.0,Python3,1683209078608,3473364,Alexdelia,FR,33712622134048,
100.0,52.0,Python3,1683515579162,4653208,SteDf,SG,75564725332288,
100.0,52.0,Python3,1683546650758,2980709,ninnghazad,DE,23095056907672,
100.0,52.0,Python3,1684259379645,2481767,Jumble28,CA,99306323085652,
100.0,52.0,Python3,1688049352650,4580027,Veco,FR,73323343670266,
100.0,52.0,Python3,1689240889191,4887613,Sardonixx,FR,83457600330561,
100.0,52.0,Python3,1690796237618,1693448,KoenduBuf,NL,65025161404567,
100.0,52.0,Python3,1693437817406,1569273,AnEsotericMan,US,63533086583271,
100.0,52.0,Python3,1694421768908,5582589,Phil69008,FR,,
100.0,52.0,Bash,1694718151164,2315158,luigi_gelato,DE,,
100.0,52.0,Python3,1698850200559,4361858,enitiaty,CA,,
100.0,52.0,Python3,1699213222286,2724981,Majeck,CL,20062809897700,
100.0,52.0,Python3,1701421994516,1917961,Seoman,FR,,
100.0,52.0,Ruby,1705062362320,4940293,LukasMillerCH,CH,125403160482709,
100.0,52.0,Ruby,1706233820672,4897374,Terfio,DE,118165926589285,
100.0,52.0,Python3,1706277768530,4325119,Klimpergeist,DE,63682169998518,
100.0,52.0,Python3,1708335932188,3909694,GoogleJeff,US,47145921123490,
100.0,52.0,Kotlin,1710263880075,5980089,Malo_7,FR,119977686004509,
100.0,52.0,Python3,1713268970925,5978359,PegB,TH,120055226507402,
100.0,52.0,Ruby,1713286642441,3473248,Alex_tref,RU,34032221836049,
100.0,52.0,Ruby,1716741286776,5782094,J_3,NO,113775800356745,
100.0,52.0,Ruby,1718789108400,1425201,JamesPun,ZA,4426071280478,
100.0,52.0,Python3,1718917134507,1179950,Avatar3,FR,142208467229793,
100.0,52.0,Bash,1720905974813,1179950,Avatar3,FR,142208467229793,
100.0,52.0,Bash,1730874509588,4454770,AbrahamJLR,VE,95056724366920,
100.0,52.0,Ruby,1738668742885,6307808,tripleXXX,UA,,
100.0,53.0,Python3,1680791658007,2142961,masterpoo,FR,43088841158401,
100.0,53.0,Python3,1680793152974,792813,VilBoub,FR,72010225615995,
100.0,53.0,Bash,1680802298235,2923506,darkhorse64,FR,23496414257567,
100.0,53.0,Python3,1683455249369,928022,Yliria,FR,,
100.0,53.0,Python3,1683983442036,3393535,LuckyJ.,FR,42540162041167,
100.0,53.0,Python3,1684175974927,4510503,Goac,CA,70382744112887,
100.0,53.0,Bash,1685451850842,270881,Maurice_Moss,FR,30069480173944,
100.0,53.0,Python3,1685959087952,3326208,Tox-,FR,76301362192055,
100.0,53.0,Python3,1686123789911,1855354,KiwiTae,FR,109683640425245,
100.0,53.0,Python3,1686360447234,3804618,MiniWall,BE,44160982245284,
100.0,53.0,Ruby,1687840722644,838693,justgigio,BR,103393846722292,
100.0,53.0,Python3,1691052199852,5196730,pqul,FR,105366649791363,
100.0,53.0,Python3,1691102427236,3353015,Salted,CA,78606329541070,
100.0,53.0,Python3,1691920843645,1495694,MisterJensen,FR,51391581868539,
100.0,53.0,Python3,1692903037276,3470487,Nahemi,FR,46978402668637,
100.0,53.0,Python3,1693038195747,1502463,jitsch,DE,15422411815708,
100.0,53.0,Python3,1693909416351,3837466,fantamar,FR,45416462663807,
100.0,53.0,Python3,1697373976285,5743401,w0lfw00d,FR,112703449981229,
100.0,53.0,Bash,1697887146062,958227,LantarSidonis,FR,23940037830772,
100.0,53.0,Python3,1698677199931,1388946,PavloKvas,UA,24795273608986,
100.0,53.0,Python3,1700493881602,3421806,Raminou,FR,31684407265500,
100.0,53.0,Python3,1703279472050,1469666,alenic,IT,46060125344133,
100.0,53.0,Python3,1706231870570,4897374,Terfio,DE,118165926589285,
100.0,53.0,Python3,1707468632397,2833929,pcourrousse,FR,92388388185960,
100.0,53.0,Bash,1708294649848,4791882,FlorentC,FR,80217385484852,
100.0,53.0,Python3,1709880452054,3523247,alexcercos,ES,36269364412881,
100.0,53.0,Python3,1710842058285,2533793,frosqh,FR,18067034410293,
100.0,53.0,Python3,1713145007397,5154622,fastfire,FR,95806603418768,
100.0,53.0,Python3,1716718620297,2202771,Kaplone,FR,23792369424472,
100.0,53.0,Python3,1721100661608,6144582,mihhiael,JP,,
100.0,53.0,Python3,1723465859379,6100011,chierin,JP,125135303954605,
100.0,53.0,Python3,1723818643918,6225359,AngryStatic,NZ,,
100.0,53.0,Bash,1725759271177,5818971,sht_2,PL,138656726356304,
100.0,53.0,Python3,1726673893371,4115282,Deferlis,FR,,
100.0,53.0,Ruby,1726733909553,1227148,Schneewittchen,DE,136178047797645,
100.0,53.0,Python3,1730112470906,1921687,Black-Born,FR,16371842685976,
100.0,53.0,Ruby,1730548066410,1811761,Spacequokka,FR,78004684137514,
100.0,53.0,Python3,1743524134904,1688826,statox,FR,8974250883551,
100.0,54.0,Python3,1681445867645,2491616,abt8601,TW,113139385453588,
100.0,54.0,Python3,1681491465669,4451820,Teiglin,FR,75444428976198,
100.0,54.0,Python3,1682414541140,1939310,MasterOfUnderscore,PT,81080588549660,
100.0,54.0,Javascript,1682960308849,3380184,chouch,FR,,
100.0,54.0,Javascript,1683035343774,1093968,milosMATRIXrepic,RS,117470302748056,
100.0,54.0,Python3,1683809074783,2153101,Sylvain0675,FR,14368663014319,
100.0,54.0,Python3,1684744815878,4839330,SilentDan,PL,105441046105840,
100.0,54.0,Ruby,1686711693040,4120837,philipplenk,DE,56924127061308,
100.0,54.0,Python3,1687379811491,3433587,MxDargou,FR,53838246107877,
100.0,54.0,Javascript,1689508844990,2452543,Maznek,FR,19088417820828,
100.0,54.0,Python3,1691934417040,854062,tulesaza13,CZ,,
100.0,54.0,Python3,1692273703964,2051334,Dwarth,FR,13399991490721,
100.0,54.0,Python3,1692513534976,5611606,L4zy-c4t,VN,109592687222567,
100.0,54.0,Javascript,1692718110303,3918583,mikmak,FR,48134583112917,
100.0,54.0,Python3,1695827886601,3457544,Unaxee,FR,54140808713728,
100.0,54.0,Python3,1697887269908,958227,LantarSidonis,FR,23940037830772,
100.0,54.0,Python3,1697985531353,1227148,Schneewittchen,DE,136178047797645,
100.0,54.0,Python3,1698177680332,3634852,Naruk,AT,90570708360442,
100.0,54.0,Python3,1698600396441,4517769,ano002,FR,70573022543495,
100.0,54.0,Python3,1699899701168,4097526,BugM4ker,FR,56304482032588,
100.0,54.0,Python3,1699970206180,1684020,tom_,FR,68400349015363,
100.0,54.0,Python3,1700509852601,5799280,TCou,FR,,
100.0,54.0,Javascript,1703442702751,2445835,..--..,RU,,
100.0,54.0,Python3,1705654804629,2393033,Homnibus_N,FR,107759429855392,
100.0,54.0,Python3,1706778590263,1926967,Stanworld,FR,11941603857102,
100.0,54.0,Python3,1707884751323,1488793,kerloic,FR,118620880188277,
100.0,54.0,Python3,1710886628320,836069,snoyes,US,60641567171814,
100.0,54.0,Python3,1710973291188,4079079,Quentin33,FR,54480521903118,
100.0,54.0,Python3,1714063848963,1819808,RedLightning,US,,
100.0,54.0,Python3,1714723286945,6032390,Xapelize,MY,127748187592863,
100.0,54.0,Python3,1714879320165,3850517,LoicGestin,FR,82124307755950,
100.0,54.0,Python3,1715017374372,1039456,bo0 (Nikokolas),FR,2134795155504,
100.0,54.0,Python3,1715506002890,6063518,Az9_2,VN,123628927260310,
100.0,54.0,Javascript,1715824636001,334009,abouvier,FR,4681436111242,
100.0,54.0,Python3,1716145577593,5573671,LeMasSon,FR,107252527944826,
100.0,54.0,Python3,1717863162387,6122569,Krqken,AU,,
100.0,54.0,Javascript,1718309560370,4480655,noppu,CW,,
100.0,54.0,Python3,1718917256028,4627934,dr0ne,MA,,
100.0,54.0,Python3,1719473149374,4794089,hich_2,FR,,
100.0,54.0,Python3,1719864459289,2469268,DDesobry,FR,124517909929979,
100.0,54.0,Python3,1720089891067,6168615,Barthelus,FR,,
100.0,54.0,Python3,1721605168822,5554939,Y4sn,FR,111653969465642,
100.0,54.0,Python3,1723252351240,5673422,aai1,JP,,
100.0,54.0,Python3,1723580130036,5384216,erwanng,FR,127839621627372,
100.0,54.0,Python3,1725510536572,5980133,Tonyankhanh,VN,127089828362032,
100.0,54.0,Python3,1726507192002,5231361,yhuberla,BE,95120829746216,
100.0,54.0,Python3,1727102444346,4617993,minsko,FR,129913907745516,
100.0,54.0,Python3,1729159289721,1962401,Mackhdo,FR,12277941885963,
100.0,54.0,Python3,1729610836990,3738308,sgbd,FR,138401648507513,
100.0,54.0,Ruby,1730048878965,1321075,ugur,PS,9516846143143,
100.0,54.0,Python3,1732878349653,4377106,JoeSzyslak,FR,109701663008211,
100.0,54.0,Python3,1734672525727,6340003,SepehrRasouli,IR,132349141812825,
100.0,54.0,Python3,1737251501253,6148167,Bowie41,FR,126122807050705,
100.0,54.0,Python3,1738673268201,3207719,Lumaxy,FR,140998482958244,
100.0,54.0,Python3,1739237137681,4096032,ti-ra-mi-su,JP,137800629350694,
100.0,54.0,Python3,1739320618989,6445017,AndryADSM,EC,136937527092744,
100.0,54.0,Python3,1741339361996,6469784,anlu85,SE,,
100.0,54.0,Python3,1743260234860,4423017,Ben-42,FR,,
100.0,54.0,Ruby,1743282069217,156188,DorianWilde,FR,1753926884442,
100.0,54.0,Python3,1743282348630,156188,DorianWilde,FR,1753926884442,
100.0,55.0,Python3,1680825189695,2793264,hyphz,GB,43864585520531,
100.0,55.0,Python3,1680859657722,4230724,SefioR13,FR,60411344362349,
100.0,55.0,Python3,1680868001632,2731276,panda42,DE,20365034647350,
100.0,55.0,Python3,1680911622436,2407700,adoxography,CA,52429928219629,
100.0,55.0,Perl,1680958644788,3354337,Westicles,CX,79146641399080,
100.0,55.0,Python3,1681290118797,2451652,code_of_the_dead,FR,18798469788923,
100.0,55.0,Python3,1681339429429,1357614,OptiPanda,FR,25029501539760,
100.0,55.0,Python3,1682093452466,3876734,patron_dog,UA,89350163025267,
100.0,55.0,Python3,1682215530656,4580866,AndyyyYuuu,CA,102676962176091,
100.0,55.0,Python3,1682347447939,2798117,Wyz-rD,FR,20882484600600,
100.0,55.0,Python3,1683463909378,4769707,NicolasCDT,FR,79709123550927,
100.0,55.0,Python3,1683470899366,1880197,bicklil,FR,48428120491412,
100.0,55.0,Python3,1684324398680,2341954,BetaCorn,FR,77239068916081,
100.0,55.0,Python3,1684959963531,1588583,dANNs,GB,9401676737311,
100.0,55.0,Python3,1685613817478,5110438,Bulito,FR,91189363293250,
100.0,55.0,Python3,1686659966383,3779078,Bysta_NDER,FR,57791082270683,
100.0,55.0,Python3,1687150936565,3428077,FMoooo,JP,105368042282678,
100.0,55.0,Python3,1687358284816,1056059,Soulveils,FR,79175246699550,
100.0,55.0,Python3,1687961665381,4829777,Zamothi,FR,,
100.0,55.0,Python3,1689089034695,3132353,Paor,SE,24725750420770,
100.0,55.0,Python3,1689105418421,3750985,vexilla72,FR,69788861540753,
100.0,55.0,Python3,1689149454092,5598331,FrankEnthusiasticInvestigator,FR,,
100.0,55.0,Python3,1690281328079,1382590,Cristiano,ES,7128351616620,
100.0,55.0,Python3,1690997378320,4631212,4lchemist,DE,85291048077161,
100.0,55.0,Python3,1691140776341,5436824,Nexowo,FR,102745606060073,
100.0,55.0,Python3,1691281344166,4124472,Valdez001,BR,59074109068018,
100.0,55.0,Lua,1691761073611,2928146,LolCat,MU,22538133010433,
100.0,55.0,Python3,1692134898575,3441957,Bastian971,GP,107747101588065,
100.0,55.0,Python3,1692454798352,4189794,__balrog__,NZ,107381702318748,
100.0,55.0,Javascript,1692678027529,4047152,Willard21,US,53068420450889,
100.0,55.0,Python3,1694378557076,1720537,Vergil888823,FR,,
100.0,55.0,Python3,1694689180408,2892501,JakubMaras,PL,,
100.0,55.0,Python3,1695676596288,5696418,Lailouezzz,FR,112226068389505,
100.0,55.0,Python3,1696407576900,172938,kuzmaka,UA,1842478040420,
100.0,55.0,Python3,1698507393150,5595729,Tseka,US,107942285212695,
100.0,55.0,Python3,1699199897675,5289900,Camputah,CA,,
100.0,55.0,Python3,1699199924310,4383550,Compootah,CA,,
100.0,55.0,Lua,1699396025434,4438505,Eric_[EGU],FR,114044329618574,
100.0,55.0,PHP,1699396472361,4438505,Eric_[EGU],FR,114044329618574,
100.0,55.0,Python3,1699957699816,3418200,Anodin,FR,91417847473966,
100.0,55.0,Python3,1702335513982,1707659,T222,FR,12143205091185,
100.0,55.0,Python3,1702543517590,3497405,Maijj,FR,,
100.0,55.0,Python3,1703432100049,3486522,Linze,RU,71621144893048,
100.0,55.0,Python3,1703522468958,3982827,Mohamed Zaki,DZ,51839908314099,
100.0,55.0,Python3,1703801096695,3674750,kBOM_Speed,FR,40212861896189,
100.0,55.0,Python3,1704467982470,3550732,Guitariout,FR,54368465908649,
100.0,55.0,Bash,1705928213617,1975116,AtteLynx,FI,12400468367460,
100.0,55.0,Python3,1706862537323,4657972,darkFrancis,FR,118138906978254,
100.0,55.0,Python3,1706868176113,4534318,ComeSerlooten,FR,74738881145778,
100.0,55.0,Python3,1707389038555,4983878,PeterMyler,IE,118720045620237,
100.0,55.0,Python3,1708690339594,2672516,Mallou,FR,19487200216745,
100.0,55.0,Python3,1709460763322,1495122,Kaaeder,DK,8815744230751,
100.0,55.0,Python3,1710517988869,5963774,hedgehog_2,UA,,
100.0,55.0,Ruby,1710577705885,5931095,femtogo,MG,131050403780426,
100.0,55.0,Python3,1713131961501,4562865,VilBoub_junior,FR,78457301755434,
100.0,55.0,Python3,1713186737685,4847251,Ha-ryo,JP,103979786891958,
100.0,55.0,Python3,1713343802910,4498841,Bicornu,FR,84571502651738,
100.0,55.0,Python3,1713971732860,5962443,TJTrickster,US,120276165073747,
100.0,55.0,Python3,1714219909013,6053042,zamuel,FR,122365720220626,
100.0,55.0,Lua,1715579458276,334009,abouvier,FR,4681436111242,
100.0,55.0,Python3,1717884252588,4491402,bregneau,FR,95353269150105,
100.0,55.0,Python3,1717930006545,525864,ATwice,RU,12338477255783,
100.0,55.0,Python3,1719230429221,3872416,CodinGamerAK,IN,49688927730827,
100.0,55.0,Javascript,1719562995110,1675034,francois,FR,15464459859531,
100.0,55.0,Python3,1719830541667,905122,nILS,DE,5705638332288,
100.0,55.0,Python3,1719998234679,3170470,[42],AT,25140726687092,
100.0,55.0,Python3,1720628736110,6172043,PetyFloyd,SK,126527665690517,
100.0,55.0,Python3,1723232191873,6044358,Komier,US,126218446809457,
100.0,55.0,Python3,1724319831092,5741880,Zombox,FR,112675425861926,
100.0,55.0,Python3,1727182537329,1537400,DigiCookie,FR,6024961884600,
100.0,55.0,Python3,1728477213993,6315597,,IN,,
100.0,55.0,Python3,1730535113492,5911694,rodyv,AT,,
100.0,55.0,Python3,1731687197285,1693588,AlxC,FR,130566240266631,
100.0,55.0,Python3,1731750786760,5586880,DoYouEvenFlask,DE,136581003784284,
100.0,55.0,Python3,1731834339597,2488317,Morcifer,NL,17597466270749,
100.0,55.0,Python3,1733736393404,350316,Khayyom,TJ,,
100.0,55.0,Python3,1734520203935,3617791,Just5MoreMinutes,GB,60173405711643,
100.0,55.0,Python3,1734554113692,1012020,Markusha,MD,21117387170051,
100.0,55.0,Python3,1734720257469,4645456,YanisLaGlisse,FR,74744723148959,
100.0,55.0,Python3,1737986174273,5824154,crazy_monkey,FR,124858265873735,
100.0,55.0,Python3,1738169413549,4818109,FredOrange,FR,103985826384742,
100.0,55.0,Python3,1740917363640,4897675,Tybos,CH,,
100.0,56.0,PHP,1680945356120,2288263,dbdr,UA,43448306132121,
100.0,56.0,OCaml,1680958546877,3354337,Westicles,CX,79146641399080,
100.0,56.0,PHP,1680959336845,3354337,Westicles,CX,79146641399080,
100.0,56.0,Python3,1681243877735,5394936,FSabre,FR,100614063872748,
100.0,56.0,Python3,1681286087334,3729666,peerdb,NL,93424367328637,
100.0,56.0,Python3,1682264452714,4204757,Azenor,FR,,
100.0,56.0,Python3,1682716850048,1896128,AIexML,FR,11579664978229,
100.0,56.0,Ruby,1685016627252,4166514,Eebil,FI,,
100.0,56.0,Python3,1685181875387,4390977,mrq0340a,FR,105579260198482,
100.0,56.0,OCaml,1685955537650,5135323,__yel__p,FR,92869880984408,
100.0,56.0,Python3,1686508051434,865548,Kktus,FR,95659128943351,
100.0,56.0,Python3,1688541076993,4924788,ruffaye,FR,,
100.0,56.0,Python3,1688845525989,2238146,stem,RU,,
100.0,56.0,Python3,1689012755392,3304110,MathieuSoysal,FR,29374123419027,
100.0,56.0,PHP,1690023234579,154806,piwai,FR,1956863959967,
100.0,56.0,Python3,1690280862764,1382584,Fer,ES,6811031531947,
100.0,56.0,Python3,1691009784578,1480426,Hikari42,FR,26186426461576,
100.0,56.0,Python3,1691213447686,1467322,Tianorder,CN,4780508744063,
100.0,56.0,OCaml,1691761033874,2928146,LolCat,MU,22538133010433,
100.0,56.0,PHP,1692963381377,2928146,LolCat,MU,22538133010433,
100.0,56.0,Python3,1694305377768,4902560,__Cerulean__,US,,
100.0,56.0,Python3,1695233624151,4319239,-Cile-,FR,63442642187881,
100.0,56.0,Ruby,1695838351556,3369801,kotDev,US,33745523796751,
100.0,56.0,Python3,1696792148598,4698040,[CG]Onora,FR,137624449716376,
100.0,56.0,Python3,1697806310449,5211347,Biglover,SE,94664369285909,
100.0,56.0,Python3,1698100785940,569247,LaurentBouvier,FR,16324240302815,
100.0,56.0,OCaml,1699396091901,4438505,Eric_[EGU],FR,114044329618574,
100.0,56.0,Python3,1700944544877,491254,Cakeisalie5,FR,93798463743273,
100.0,56.0,Python3,1701606898396,1380703,Blabbage,DK,4654545079846,
100.0,56.0,Python3,1702581516405,4993562,FlorianCastel,FR,87322526633256,
100.0,56.0,Python3,1702635981974,1699999,DrkAng,FR,80266169391499,
100.0,56.0,Python3,1702809513008,1412014,P-Yves,FR,4317015766966,
100.0,56.0,Python3,1703464051724,4610977,CrispyPear,NO,104761782796296,
100.0,56.0,Python3,1703780581413,624344,Youbze,FR,1967705503240,
100.0,56.0,Python3,1704752602886,4940293,LukasMillerCH,CH,125403160482709,
100.0,56.0,Python3,1705920883559,1362303,Zozi0406,GB,,
100.0,56.0,Python3,1707347153782,3160962,Aygalic,FR,28774460983579,
100.0,56.0,Python3,1707390541259,1294876,Driikolu,FR,3794653646628,
100.0,56.0,Python3,1710422559064,4088570,runiformity173,US,95386522701678,
100.0,56.0,Python3,1710544437735,5949436,bogues,FR,,
100.0,56.0,Python3,1712066160932,6017708,ChetBuddy,FR,120956362813399,
100.0,56.0,Python3,1712650311164,4434884,mandriic,UA,100678788871727,
100.0,56.0,Python3,1712678488223,2408418,Syrihus,FR,33008421157553,
100.0,56.0,Python3,1712873959542,4602597,al-bus,DE,,
100.0,56.0,Python3,1716187865932,3349939,SubSpring,SY,28913484510400,
100.0,56.0,Python3,1717443305781,1124679,Tinaud,CA,2547993227524,
100.0,56.0,OCaml,1717715829031,334009,abouvier,FR,4681436111242,
100.0,56.0,Python3,1718512972705,5260548,nishigake,JP,95967401701174,
100.0,56.0,Python3,1718585828456,5723482,matipau,DE,,
100.0,56.0,Python3,1720416355785,6140736,picatrai,FR,125979926186686,
100.0,56.0,Python3,1724591261969,1291259,Loupsalio,FR,82188422117537,
100.0,56.0,Python3,1724711307588,3765537,Sentience,FR,141441504003573,
100.0,56.0,Python3,1725971505459,6233913,dennisli,RU,128194247598219,
100.0,56.0,Python3,1726990276903,5190042,Patate42,BE,129975628195420,
100.0,56.0,Python3,1727282317465,5950367,Uselessdev,MA,129859800466896,
100.0,56.0,Python3,1728494993865,1422657,Alec101011,CA,,
100.0,56.0,Python3,1728551006260,6272379,Wizard18774318,SK,135202188681361,
100.0,56.0,Python3,1728571290608,6300810,branoow,SK,130693563281518,
100.0,56.0,Python3,1728583742966,6197316,Mandrone987,US,,
100.0,56.0,Python3,1732111047942,6048488,LOSNA_17LL,FR,122184266987784,
100.0,56.0,Python3,1734735014445,3876827,Molrn,FR,132072787568172,
100.0,56.0,Python3,1734760934186,2959345,xsi256,JP,134567000820534,
100.0,56.0,Python3,1735058512085,2914006,unicornician,DE,22684862647396,
100.0,56.0,Python3,1736417769028,1904082,WIlChrist,FR,113083226652352,
100.0,56.0,Python3,1736545193791,2786692,gjeanner,FR,138621123461562,
100.0,56.0,Kotlin,1738622962472,6115420,scresto,FR,137702907699482,
100.0,56.0,Python3,1739381014546,6374789,ofdaer,JP,,
100.0,56.0,Python3,1742633841383,4018262,ChunFong,TW,52126006354294,
100.0,56.0,Python3,1742936695482,6302811,JimmyX304,US,,
100.0,57.0,Javascript,1680921870255,2315623,Lydxn,CA,,
100.0,57.0,Kotlin,1680946341862,3354337,Westicles,CX,79146641399080,
100.0,57.0,Kotlin,1680949946401,2923506,darkhorse64,FR,23496414257567,
100.0,57.0,Lua,1680958437620,3354337,Westicles,CX,79146641399080,
100.0,57.0,Python3,1682036077998,608376,Mr_Badger,IS,102888205232641,
100.0,57.0,Ruby,1682346224813,3964413,NuggetNugget,NL,73480044808956,
100.0,57.0,Ruby,1683040106039,153965,[CG]Keelhaul,FR,4367050238110,
100.0,57.0,Python3,1685250308802,5510588,daniNya,MY,105081943111772,
100.0,57.0,Lua,1685954237887,5135323,__yel__p,FR,92869880984408,
100.0,57.0,PHP,1685955315972,5135323,__yel__p,FR,92869880984408,
100.0,57.0,Python3,1690302716190,3577808,isak13,ES,37218220476846,
100.0,57.0,Python3,1691788056525,5639185,korben1891,IE,110748642097535,
100.0,57.0,Python3,1694427320504,4528331,AllanB,EE,70853942028636,
100.0,57.0,Python3,1695286631872,4564355,ViperPython,FR,73581506782974,
100.0,57.0,Python3,1697059264219,3327739,bissaka,NE,71315867386072,
100.0,57.0,Ruby,1699900649235,1502573,Eviber,FR,24176549616585,
100.0,57.0,Ruby,1699962625682,3418200,Anodin,FR,91417847473966,
100.0,57.0,Python3,1705503498237,1494823,duburlan,RU,5435587138590,
100.0,57.0,Python3,1711392141836,5989100,iSAK,NO,,
100.0,57.0,Python3,1712773275847,5778568,fun840,US,,
100.0,57.0,Python3,1716501993034,2027039,bofHeidelberg,DE,49611746614882,
100.0,57.0,Python3,1719472233268,4389921,endsdoor,FR,119631003818033,
100.0,57.0,Python3,1720852583657,4206742,RaymondHoogervorst,NL,100991146507208,
100.0,57.0,Lua,1720978359764,154806,piwai,FR,1956863959967,
100.0,57.0,Python3,1722605081214,3339058,Zaap38,FR,28965568312757,
100.0,57.0,Python3,1727516252889,6292234,TomasNeupauer,SK,130090960745958,
100.0,57.0,Python3,1729761319656,4781104,personne1248,FR,,
100.0,57.0,Ruby,1730229395438,6274961,BeckyTuxedo,MY,129267442612276,
100.0,57.0,Python3,1736462393885,6434272,Metalowy,PL,136956662305182,
100.0,57.0,Python3,1736889117619,6447303,KonKiri,GR,137030285583484,
100.0,57.0,Python3,1737107236367,6445994,Hamzaizhappy786,PK,136949385618602,
100.0,58.0,Ruby,1681022464262,4592610,SiddharthShyniben,IN,74035242117015,
100.0,58.0,Javascript,1681201323410,4341304,Remi.,FR,97662026388574,
100.0,58.0,Javascript,1682273721801,2565497,vladislao,RU,18197468031147,
100.0,58.0,Javascript,1683480250273,2641712,Scarlatine,SE,19128425061644,
100.0,58.0,Python3,1688053120589,1708981,Melir,FR,,
100.0,58.0,Python3,1688752860678,5287596,BoggieTheBog,GB,96950684253495,
100.0,58.0,Python3,1689611227061,5365176,D4RK3N5T0N3,FR,100054962767904,
100.0,58.0,Python3,1696781676323,4181254,EmethIcks,FR,,
100.0,58.0,Python3,1700070669670,1288779,TB88,FR,3503690109720,
100.0,58.0,Python3,1700348930352,1073626,solibaba,DE,,
100.0,58.0,Python3,1700667542659,1124045,Nikbo,DE,,
100.0,58.0,Ruby,1703780753286,624344,Youbze,FR,1967705503240,
100.0,58.0,Python3,1710203649634,2566619,tif,FR,,
100.0,58.0,Python3,1710341460482,3790481,Franklin-Griffin,US,107722440577060,
100.0,58.0,Python3,1711360365155,4914385,nico4633,FR,,
100.0,58.0,Python3,1713296906287,5873354,Besti,FR,126487746235384,
100.0,58.0,Python3,1715333372855,5212077,LaRollz,FR,,
100.0,58.0,Python3,1715346268021,4286616,Oddrea,FR,83788366979785,
100.0,58.0,Python3,1726946481981,5821508,arekbulski,PL,114781305612700,
100.0,58.0,Python3,1732202123742,6268910,Jouj_,FR,130020940156553,
100.0,58.0,Python3,1732876007747,6345039,RodrikSCS,PT,133854121810518,
100.0,58.0,Python3,1733554765652,4332961,BarryX,AU,63999226789641,
100.0,58.0,Python3,1738754780344,6438527,IAmSheep,JP,137730804130400,
100.0,58.0,Javascript,1742435798862,3681367,Salutations,FR,,
100.0,59.0,Javascript,1680892589262,2288263,dbdr,UA,43448306132121,
100.0,59.0,Python3,1681217114111,163666,sapfeer0k,DE,92240260347902,
100.0,59.0,Python3,1681421495004,4292379,Chairman_of_the_Borg,US,65369007071182,
100.0,59.0,Python3,1681472925783,4512488,csKingBabar,HU,109484386376132,
100.0,59.0,Python3,1681477541090,4716569,DocteurLulu,FR,77783363956959,
100.0,59.0,Python3,1681558770507,878168,Czaporka,PL,10675277194417,
100.0,59.0,Python3,1681899034883,1178320,Trunksistor,FR,62480066877864,
100.0,59.0,Python3,1682156508037,2744095,ArSeNiK,TH,,
100.0,59.0,Python3,1682885541042,2175704,cedricg92,FR,,
100.0,59.0,Python3,1683382740283,4046678,N9798,FR,54248748207130,
100.0,59.0,Python3,1683935159383,4075712,bsapozhnikov,US,,
100.0,59.0,Python3,1685263858852,1703255,Titanmito,FR,105865128603317,
100.0,59.0,Python3,1687159227083,4717726,Alexis [Nexure],FR,81506465307341,
100.0,59.0,Python3,1687256667725,971193,Knuchy,FR,,
100.0,59.0,Python3,1687357780280,838890,SilverHazard,AT,11290285399008,
100.0,59.0,Python3,1688554318893,2438886,Tahkare,FR,20896182926616,
100.0,59.0,Python3,1689151117964,5599362,HomniBot,FR,,
100.0,59.0,Python3,1694368002743,2250452,Isac,PT,15287816336604,
100.0,59.0,Python3,1694442082249,5373307,cyp1,FR,100576760488001,
100.0,59.0,Python3,1695305069115,3964283,Maroly,FR,111901208976375,
100.0,59.0,Python3,1698061820874,5216881,xaav,BE,95354320598197,
100.0,59.0,Python3,1699107655403,4656757,linterne,FR,75596503077289,
100.0,59.0,Javascript,1699386855516,2874091,5DN1L,GB,134264063920528,
100.0,59.0,Python3,1699967482382,930118,Regule,PL,122541369698393,
100.0,59.0,Python3,1700045495268,1519601,Jagang,DE,5549575557415,
100.0,59.0,Python3,1702319704679,835636,texus,BE,1717372585635,
100.0,59.0,Python3,1702375674458,2525098,Opa-,FR,17814978166276,
100.0,59.0,Python3,1702482234278,4455949,Direl22,CO,87118381687096,
100.0,59.0,Python3,1702975003777,5726859,anonymous_2048,FR,112290028659363,
100.0,59.0,Python3,1711173182103,5786195,TB_2,US,,
100.0,59.0,Python3,1711726595825,5867809,Tirios,DE,117437563914691,
100.0,59.0,Python3,1714112990658,2217084,ChickenJoe,PL,122697447079257,
100.0,59.0,Python3,1716134396760,6038687,Conductor,IT,121798562382307,
100.0,59.0,Python3,1716553051023,6071823,H-2,LV,,
100.0,59.0,Python3,1716912941089,1671124,Wh4t3v3r,RU,8141065822132,
100.0,59.0,C,1717490673505,334009,abouvier,FR,4681436111242,
100.0,59.0,ObjectiveC,1717557385064,334009,abouvier,FR,4681436111242,
100.0,59.0,Javascript,1718161744766,6096083,Spoob,RS,,
100.0,59.0,Python3,1718873489945,4269950,ZERIH08,IN,61713567395188,
100.0,59.0,Python3,1721632799586,4424239,Broccoli14,US,68451044559194,
100.0,59.0,Python3,1722258785713,5069945,RaceBot,HU,,
100.0,59.0,Python3,1725352655643,4316926,Estos,FR,128413549980983,
100.0,59.0,Python3,1725945050172,5956365,DataWise,US,127581562148982,
100.0,59.0,Javascript,1726655601393,3235897,Zylo,PL,25779784253696,
100.0,59.0,Python3,1727076757602,3749245,yveslacroix83400,FR,42318382688807,
100.0,59.0,Python3,1728946150884,1830625,-Rutger-,NL,,
100.0,59.0,Ruby,1731662574054,2375283,VirusX,UA,46597081793240,
100.0,59.0,Python3,1731773306303,4272137,[CG]Linkyu,FR,61815668643127,
100.0,59.0,Python3,1733831595093,5567903,Skarcz,CZ,,
100.0,59.0,Python3,1734450942652,1397259,Ranma,BG,4450950528078,
100.0,59.0,Python3,1734643699517,3998980,bamax,FR,55292626245560,
100.0,59.0,Python3,1736309952129,6442726,,US,,
100.0,59.0,Python3,1736683338864,4142783,super_surviveur,FR,64015565706210,
100.0,59.0,Javascript,1737023071623,4966586,Rohydre,FR,,
100.0,59.0,Python3,1743519126938,6571879,chhn,FR,,
100.0,60.0,Python3,1680793654529,1733943,Bouga,FR,11865098962186,
100.0,60.0,Python3,1680797326434,5135299,Antsurf,FR,94127108637688,
100.0,60.0,Javascript,1680816051328,481564,mihei,RU,4454400756022,
100.0,60.0,Javascript,1680869327806,1630890,Wld,DE,54135389391511,
100.0,60.0,Python3,1680938429780,5271799,Eulero314,IT,96314909854613,
100.0,60.0,C,1680998353170,2315623,Lydxn,CA,,
100.0,60.0,ObjectiveC,1681105999892,2315623,Lydxn,CA,,
100.0,60.0,Python3,1681128195955,5409516,TomTom37,FR,101749106508586,
100.0,60.0,Python3,1681207933977,1641185,Mc_Coucouc,FR,7657115056725,
100.0,60.0,Perl,1681330476933,4341304,Remi.,FR,97662026388574,
100.0,60.0,Python3,1681629550419,4293521,AnteCristo,FR,62915763090982,
100.0,60.0,Python3,1681801422452,1183499,Fortuiteman,FR,102800889986717,
100.0,60.0,Python3,1681851139021,4258711,FredericLocquet,FR,125739728070045,
100.0,60.0,Python3,1682002092603,4745511,Markus88,AT,,
100.0,60.0,Javascript,1682286536866,155774,dwarfie,FR,17785582865119,
100.0,60.0,Javascript,1682503395124,3513265,DaNinja,JP,35022107863170,
100.0,60.0,Python3,1683977987861,4866464,vjules,FR,,
100.0,60.0,Javascript,1684711105304,2371389,Franta,CZ,16642908084028,
100.0,60.0,Javascript,1685003466634,177235,Justalk,FR,83912529145807,
100.0,60.0,Python3,1685195643597,4345048,Karmaster,FR,103061749316988,
100.0,60.0,Python3,1686305156236,5402755,MadMaxO,BR,100983786956390,
100.0,60.0,Python3,1687601235296,4044949,Exanc,FR,75434945111960,
100.0,60.0,Python3,1688117930798,3879605,snark-_,FR,,
100.0,60.0,Python3,1688392315883,1953786,ludowsky,FR,14499107805962,
100.0,60.0,Javascript,1688668228232,2315158,luigi_gelato,DE,,
100.0,60.0,Python3,1692476642102,4448317,Avo-k,FR,68245905217347,
100.0,60.0,Python3,1692779515126,2241559,eskeln,UA,16149555164631,
100.0,60.0,Python3,1692956144326,5117748,Quentolosse,FR,99842427416956,
100.0,60.0,Python3,1693696223461,4768008,VoidScientist,FR,84583182567176,
100.0,60.0,Python3,1694034722980,3394588,i8akaratekid123,US,,
100.0,60.0,Javascript,1694215167623,940791,Kris117,FR,16280535626899,
100.0,60.0,Python3,1695177202448,3436478,liferocks,NZ,44454109854914,
100.0,60.0,Python3,1695300153164,5101423,S3Doug,US,,
100.0,60.0,Javascript,1695325340985,953094,Witman,PL,1798239809031,
100.0,60.0,Python3,1695714304346,4261456,zachmae,FR,65480448221177,
100.0,60.0,Python3,1695907100818,4223547,WhoBoy03,GB,60128789322308,
100.0,60.0,Python3,1695907530974,1739552,DonFruendo,DE,9744709597104,
100.0,60.0,Javascript,1696364623016,2924895,trictrac,FR,23056996012330,
100.0,60.0,Python3,1696367985813,4052843,Joanne_B,FR,53498960066469,
100.0,60.0,Python3,1696913717425,5321502,Mongering,CA,111702807261792,
100.0,60.0,Javascript,1698065703492,557990,Wazemo,PL,1724224108740,
100.0,60.0,Ruby,1698139688053,1031311,Kazz,CZ,,
100.0,60.0,Python3,1698629999164,1906068,IdahoJacket,KR,,
100.0,60.0,Python3,1699231110183,3629224,NC_Productions,BE,62002163693240,
100.0,60.0,Python3,1699657238332,3846810,the_ASPgm,FR,45521841601171,
100.0,60.0,Python3,1700520232917,3938395,Quentin18,FR,48930947470669,
100.0,60.0,Python3,1700752375378,5822352,akvi-8,UA,114876688881616,
100.0,60.0,Python3,1701784126121,4274938,Chi_Iroh,FR,78466249220541,
100.0,60.0,Python3,1702852629829,1057408,BigZettt,PL,17834968093621,
100.0,60.0,Python3,1703542409693,2093895,stdas,RU,51859406890597,
100.0,60.0,Javascript,1703693714786,5807573,Stephen Kondaveti,US,120619186703150,
100.0,60.0,Python3,1704171063205,4756200,tueda,JP,,
100.0,60.0,Javascript,1704816742433,3497405,Maijj,FR,,
100.0,60.0,Javascript,1705074919604,567267,Cariope,FR,66944262077106,
100.0,60.0,Python3,1705955622111,4098196,IamFish,NO,55393780314240,
100.0,60.0,Javascript,1706741696131,981878,nicolasD,FR,22576267267565,
100.0,60.0,Python3,1707250982471,4741765,Pndablob,US,118272688108335,
100.0,60.0,Javascript,1709019035092,3417150,KubaJ,PL,31610569397670,
100.0,60.0,Python3,1709584607673,5442296,rado_roby_550,MG,110293184150050,
100.0,60.0,Javascript,1712009862738,367345,Cybion,FR,63513843454856,
100.0,60.0,Python3,1712573610430,5885373,PierreEG,FR,121016968622678,
100.0,60.0,Python3,1712839875131,4199011,_MarTiaN_,GE,60356707757448,
100.0,60.0,Python3,1713767670682,3561475,pthebaul,FR,36518828980023,
100.0,60.0,Javascript,1714647282959,5111447,rucin93,PL,,
100.0,60.0,Python3,1715821689386,4520101,Nizo_,ID,114352060492373,
100.0,60.0,Python3,1716936836072,3619688,EnfTerr,US,,
100.0,60.0,Python3,1717181032101,299716,Intuiste,BM,8327567004229,
100.0,60.0,Python3,1717588851247,490588,Uljahn,RU,23956705948685,
100.0,60.0,Python3,1717615245291,5318868,Mandelbrot-Menge,DE,99885640096144,
100.0,60.0,Python3,1718727273747,5624042,Theperk,FR,125520783386224,
100.0,60.0,Python3,1719082508685,1178157,R_o_l_a_n_d,FR,7129625873167,
100.0,60.0,Python3,1720165618274,6092845,Javamine,FR,124156707184786,
100.0,60.0,Python3,1721413666110,6007586,Antoine2L,FR,126923342454391,
100.0,60.0,Python3,1723235309524,3999693,ln-dev05,FR,66651286231911,
100.0,60.0,Python3,1723628551635,2541252,Tigen,FR,96309601713550,
100.0,60.0,Python3,1724820712529,4224082,AGSigma,PL,,
